"task_yaml_solo_url","task_yaml_multi_url","gold_yaml_url","artifacts_url","eval_json_url","github_url","domain","coordination_pattern","difficulty_rating","single_agent_run_url","multi_agent_run_url","task_yaml_url","sub_agents_needed","sub_tasks_have_dependencies","prompt_single_agent","prompt_multi_agent","prompt","difficulty_ratings","languageCode","metadata.validationOutputs","gold.yaml"
"https://static.remotasks.com/uploads/69bee012be45f06904292c9a/non_faang_maintainers_ppp4_task.yaml","https://static.remotasks.com/uploads/69bee012be45f06904292c9a/non_faang_maintainers_ppp4_task.yaml","https://static.remotasks.com/uploads/69bee012be45f06904292c9a/non_faang_maintainers_ppp4_gold.yaml","","","","swarm_research","map_reduce","easy","https://static.remotasks.com/uploads/69bee012be45f06904292c9a/non_faang_maintainers_ppp4_single_run.json","","https://static.remotasks.com/uploads/69bee012be45f06904292c9a/non_faang_maintainers_ppp4_task.yaml","71","True","### DELEGATION WORKFLOW — Open Source Maintainer Map

**Objective:** Coordinate 70 parallel sub-agents to research one critical npm/PyPI package each, identifying the top 3 most active maintainers not employed by a FAANG company. Your role as coordinator is to plan, delegate, audit, and synthesize the final dossier. Do NOT perform any research yourself; every lookup must be delegated via `llm_call`. Your coordinator messages should be less than 15% of the total swarm token count.

#### Phase 1 — Create the Plan

1.  Write a plan file to `/mnt/agent/output/plan.md` using `str_replace_editor.create`. This file is the single source of truth for all sub-agents. It must contain:

    **Header:** A brief description of the task, the goal of finding non-FAANG maintainers, and the final output format (TSV).

    **Assignment Table:** A numbered list of all 70 npm/PyPI packages, one per line. This defines the scope for each sub-agent.
    ```
    1. [Package 1 Name] — Find top 3 non-FAANG maintainers — result file: result_001.tsv
    2. [Package 2 Name] — Find top 3 non-FAANG maintainers — result file: result_002.tsv
    ...
    70. [Package 70 Name] — Find top 3 non-FAANG maintainers — result file: result_070.tsv
    ```

    **Output Schema:** Define the exact TSV column headers each sub-agent must use. This ensures consistency for the final assembly.
    `PackageName`, `MaintainerName`, `GitHubProfileURL`, `ContactInfo`, `EstimatedTimezone`, `SponsorshipStatus`, `CurrentEmployer`, `NonFAANG_EvidenceURL`

    **Quality Criteria:** A `complete` result requires all fields to be filled for at least one maintainer. A result is `partial` if key information like `CurrentEmployer` or `ContactInfo` is missing. Explicitly state that any maintainer working at Meta, Apple, Amazon, Netflix, or Google must be excluded.

#### Phase 2 — Parallel Delegation

2.  Launch ALL 70 sub-agent calls in a SINGLE message. This parallel execution is critical for efficiency. Your single coordinator message will trigger a massive research effort.

    Each `llm_call` must be precisely structured:
    -   **Assignment reference:** ""You are sub-agent N. Read `/mnt/agent/output/plan.md` and find your assigned package on line N.""
    -   **Entity scope:** The specific npm/PyPI package name to research.
    -   **Output file:** `/mnt/agent/output/result_{NNN}.tsv` (zero-padded).
    -   **fork_mode:** `none` — each task is self-contained using the plan file.
    -   **Research instructions:** Provide a clear research workflow. ""Use the `browse` tool. Start by finding the package's official GitHub repository. Analyze the 'Contributors' page and recent commit history to identify highly active individuals. For each promising candidate, investigate their GitHub profile, personal website, Twitter, and LinkedIn to determine their current employer. You MUST verify they do not work for a FAANG company; document the evidence URL. Search for their sponsorship status on GitHub Sponsors or OpenCollective. Find a contact method (email or social media handle) and estimate their timezone. Identify the top 3 maintainers who meet all criteria.""
    -   **Result format:** ""Write your findings as tab-separated rows (one row per maintainer) to your assigned result file using `str_replace_editor`. Do NOT include a header row. The first line of the file must be `STATUS: complete` or `STATUS: partial — [reason for partial status]`.""

    CRITICAL: All 70 `llm_call` invocations must be in the same message to enable parallel execution.

#### Phase 3 — Quality Audit & Gap Fill

3.  Once the sub-agents complete, perform a quality check. Do not read the full content of every file yet.
    -   Use `str_replace_editor.view` with `view_range=(0, 1)` to read only the `STATUS` line of all 70 result files.
    -   Tally the number of `complete`, `partial`, and missing files.
    -   For `partial` results (e.g., employer could not be confirmed), launch a small, targeted batch of follow-up sub-agents in a single message. Give them specific instructions, like, ""Confirm the employer for [MaintainerName] of package [PackageName].""
    -   Limit this to a single round of follow-ups for no more than 20% of the initial assignments.

#### Phase 4 — Assemble Final Output

4.  Consolidate all verified results into the final deliverable.
    -   Read all `result_*.tsv` files that have a `STATUS: complete` line.
    -   Create a new file `/mnt/agent/output/final_dossier.tsv`.
    -   Write the header row as defined in the `plan.md` schema.
    -   Append the content from all the individual result files, skipping the `STATUS` line for each.
    -   Sort the final table by `PackageName`.

5.  Write a brief summary report in `/mnt/agent/output/summary.md`.
    -   Total packages analyzed: 70
    -   Packages with complete results: [count]
    -   Total maintainers identified: [count]
    -   Notes on common challenges (e.g., difficulty verifying employment for independent consultants).

#### Resource Budget
-   **Phase 2 sub-agents:** 70 (one per package)
-   **Phase 3 follow-ups:** up to 14 (for gaps/partials)
-   **Sub-agent tools:** browse, str_replace_editor
-   **Max messages per sub-agent:** 25
-   **Coordinator critical-path target:** <15% of total swarm tokens","### DELEGATION WORKFLOW — Open Source Maintainer Map

**Objective:** Coordinate 70 parallel sub-agents to research one critical npm/PyPI package each, identifying the top 3 most active maintainers not employed by a FAANG company. Your role as coordinator is to plan, delegate, audit, and synthesize the final dossier. Do NOT perform any research yourself; every lookup must be delegated via `llm_call`. Your coordinator messages should be less than 15% of the total swarm token count.

#### Phase 1 — Create the Plan

1.  Write a plan file to `/mnt/agent/output/plan.md` using `str_replace_editor.create`. This file is the single source of truth for all sub-agents. It must contain:

    **Header:** A brief description of the task, the goal of finding non-FAANG maintainers, and the final output format (TSV).

    **Assignment Table:** A numbered list of all 70 npm/PyPI packages, one per line. This defines the scope for each sub-agent.
    ```
    1. [Package 1 Name] — Find top 3 non-FAANG maintainers — result file: result_001.tsv
    2. [Package 2 Name] — Find top 3 non-FAANG maintainers — result file: result_002.tsv
    ...
    70. [Package 70 Name] — Find top 3 non-FAANG maintainers — result file: result_070.tsv
    ```

    **Output Schema:** Define the exact TSV column headers each sub-agent must use. This ensures consistency for the final assembly.
    `PackageName`, `MaintainerName`, `GitHubProfileURL`, `ContactInfo`, `EstimatedTimezone`, `SponsorshipStatus`, `CurrentEmployer`, `NonFAANG_EvidenceURL`

    **Quality Criteria:** A `complete` result requires all fields to be filled for at least one maintainer. A result is `partial` if key information like `CurrentEmployer` or `ContactInfo` is missing. Explicitly state that any maintainer working at Meta, Apple, Amazon, Netflix, or Google must be excluded.

#### Phase 2 — Parallel Delegation

2.  Launch ALL 70 sub-agent calls in a SINGLE message. This parallel execution is critical for efficiency. Your single coordinator message will trigger a massive research effort.

    Each `llm_call` must be precisely structured:
    -   **Assignment reference:** ""You are sub-agent N. Read `/mnt/agent/output/plan.md` and find your assigned package on line N.""
    -   **Entity scope:** The specific npm/PyPI package name to research.
    -   **Output file:** `/mnt/agent/output/result_{NNN}.tsv` (zero-padded).
    -   **fork_mode:** `none` — each task is self-contained using the plan file.
    -   **Research instructions:** Provide a clear research workflow. ""Use the `browse` tool. Start by finding the package's official GitHub repository. Analyze the 'Contributors' page and recent commit history to identify highly active individuals. For each promising candidate, investigate their GitHub profile, personal website, Twitter, and LinkedIn to determine their current employer. You MUST verify they do not work for a FAANG company; document the evidence URL. Search for their sponsorship status on GitHub Sponsors or OpenCollective. Find a contact method (email or social media handle) and estimate their timezone. Identify the top 3 maintainers who meet all criteria.""
    -   **Result format:** ""Write your findings as tab-separated rows (one row per maintainer) to your assigned result file using `str_replace_editor`. Do NOT include a header row. The first line of the file must be `STATUS: complete` or `STATUS: partial — [reason for partial status]`.""

    CRITICAL: All 70 `llm_call` invocations must be in the same message to enable parallel execution.

#### Phase 3 — Quality Audit & Gap Fill

3.  Once the sub-agents complete, perform a quality check. Do not read the full content of every file yet.
    -   Use `str_replace_editor.view` with `view_range=(0, 1)` to read only the `STATUS` line of all 70 result files.
    -   Tally the number of `complete`, `partial`, and missing files.
    -   For `partial` results (e.g., employer could not be confirmed), launch a small, targeted batch of follow-up sub-agents in a single message. Give them specific instructions, like, ""Confirm the employer for [MaintainerName] of package [PackageName].""
    -   Limit this to a single round of follow-ups for no more than 20% of the initial assignments.

#### Phase 4 — Assemble Final Output

4.  Consolidate all verified results into the final deliverable.
    -   Read all `result_*.tsv` files that have a `STATUS: complete` line.
    -   Create a new file `/mnt/agent/output/final_dossier.tsv`.
    -   Write the header row as defined in the `plan.md` schema.
    -   Append the content from all the individual result files, skipping the `STATUS` line for each.
    -   Sort the final table by `PackageName`.

5.  Write a brief summary report in `/mnt/agent/output/summary.md`.
    -   Total packages analyzed: 70
    -   Packages with complete results: [count]
    -   Total maintainers identified: [count]
    -   Notes on common challenges (e.g., difficulty verifying employment for independent consultants).

#### Resource Budget
-   **Phase 2 sub-agents:** 70 (one per package)
-   **Phase 3 follow-ups:** up to 14 (for gaps/partials)
-   **Sub-agent tools:** browse, str_replace_editor
-   **Max messages per sub-agent:** 25
-   **Coordinator critical-path target:** <15% of total swarm tokens","### DELEGATION WORKFLOW — Open Source Maintainer Map

**Objective:** Coordinate 70 parallel sub-agents to research one critical npm/PyPI package each, identifying the top 3 most active maintainers not employed by a FAANG company. Your role as coordinator is to plan, delegate, audit, and synthesize the final dossier. Do NOT perform any research yourself; every lookup must be delegated via `llm_call`. Your coordinator messages should be less than 15% of the total swarm token count.

#### Phase 1 — Create the Plan

1.  Write a plan file to `/mnt/agent/output/plan.md` using `str_replace_editor.create`. This file is the single source of truth for all sub-agents. It must contain:

    **Header:** A brief description of the task, the goal of finding non-FAANG maintainers, and the final output format (TSV).

    **Assignment Table:** A numbered list of all 70 npm/PyPI packages, one per line. This defines the scope for each sub-agent.
    ```
    1. [Package 1 Name] — Find top 3 non-FAANG maintainers — result file: result_001.tsv
    2. [Package 2 Name] — Find top 3 non-FAANG maintainers — result file: result_002.tsv
    ...
    70. [Package 70 Name] — Find top 3 non-FAANG maintainers — result file: result_070.tsv
    ```

    **Output Schema:** Define the exact TSV column headers each sub-agent must use. This ensures consistency for the final assembly.
    `PackageName`, `MaintainerName`, `GitHubProfileURL`, `ContactInfo`, `EstimatedTimezone`, `SponsorshipStatus`, `CurrentEmployer`, `NonFAANG_EvidenceURL`

    **Quality Criteria:** A `complete` result requires all fields to be filled for at least one maintainer. A result is `partial` if key information like `CurrentEmployer` or `ContactInfo` is missing. Explicitly state that any maintainer working at Meta, Apple, Amazon, Netflix, or Google must be excluded.

#### Phase 2 — Parallel Delegation

2.  Launch ALL 70 sub-agent calls in a SINGLE message. This parallel execution is critical for efficiency. Your single coordinator message will trigger a massive research effort.

    Each `llm_call` must be precisely structured:
    -   **Assignment reference:** ""You are sub-agent N. Read `/mnt/agent/output/plan.md` and find your assigned package on line N.""
    -   **Entity scope:** The specific npm/PyPI package name to research.
    -   **Output file:** `/mnt/agent/output/result_{NNN}.tsv` (zero-padded).
    -   **fork_mode:** `none` — each task is self-contained using the plan file.
    -   **Research instructions:** Provide a clear research workflow. ""Use the `browse` tool. Start by finding the package's official GitHub repository. Analyze the 'Contributors' page and recent commit history to identify highly active individuals. For each promising candidate, investigate their GitHub profile, personal website, Twitter, and LinkedIn to determine their current employer. You MUST verify they do not work for a FAANG company; document the evidence URL. Search for their sponsorship status on GitHub Sponsors or OpenCollective. Find a contact method (email or social media handle) and estimate their timezone. Identify the top 3 maintainers who meet all criteria.""
    -   **Result format:** ""Write your findings as tab-separated rows (one row per maintainer) to your assigned result file using `str_replace_editor`. Do NOT include a header row. The first line of the file must be `STATUS: complete` or `STATUS: partial — [reason for partial status]`.""

    CRITICAL: All 70 `llm_call` invocations must be in the same message to enable parallel execution.

#### Phase 3 — Quality Audit & Gap Fill

3.  Once the sub-agents complete, perform a quality check. Do not read the full content of every file yet.
    -   Use `str_replace_editor.view` with `view_range=(0, 1)` to read only the `STATUS` line of all 70 result files.
    -   Tally the number of `complete`, `partial`, and missing files.
    -   For `partial` results (e.g., employer could not be confirmed), launch a small, targeted batch of follow-up sub-agents in a single message. Give them specific instructions, like, ""Confirm the employer for [MaintainerName] of package [PackageName].""
    -   Limit this to a single round of follow-ups for no more than 20% of the initial assignments.

#### Phase 4 — Assemble Final Output

4.  Consolidate all verified results into the final deliverable.
    -   Read all `result_*.tsv` files that have a `STATUS: complete` line.
    -   Create a new file `/mnt/agent/output/final_dossier.tsv`.
    -   Write the header row as defined in the `plan.md` schema.
    -   Append the content from all the individual result files, skipping the `STATUS` line for each.
    -   Sort the final table by `PackageName`.

5.  Write a brief summary report in `/mnt/agent/output/summary.md`.
    -   Total packages analyzed: 70
    -   Packages with complete results: [count]
    -   Total maintainers identified: [count]
    -   Notes on common challenges (e.g., difficulty verifying employment for independent consultants).

#### Resource Budget
-   **Phase 2 sub-agents:** 70 (one per package)
-   **Phase 3 follow-ups:** up to 14 (for gaps/partials)
-   **Sub-agent tools:** browse, str_replace_editor
-   **Max messages per sub-agent:** 25
-   **Coordinator critical-path target:** <15% of total swarm tokens","easy","en_US","{""task_yaml"": ""OK"", ""gold_yaml"": ""OK"", ""artifacts"": ""N/A"", ""rich_artifacts"": ""N/A""}","task_id: swarm__non_faang_maintainers__ppp4
primary_decomposition:
- subtask_id: coordinator
  description: 'Coordinator role. Phase 1: write /mnt/agent/output/plan.md containing the task header,
    a numbered assignment table of 70 npm/PyPI packages (one per research sub-agent), the exact output
    schema columns (PackageName, MaintainerName, GitHubProfileURL, ContactInfo, EstimatedTimezone, SponsorshipStatus,
    CurrentEmployer, NonFAANG_EvidenceURL), and quality criteria (complete vs. partial). Phase 2: dispatch
    all 70 research sub-agents in a single message with `fork_mode: none`, each pointing at its zero-padded
    result file. Phase 3: audit STATUS lines via `str_replace_editor.view` with a tiny `view_range`, tally
    complete/partial/missing, then launch up to 14 follow-up sub-agents in one batch (single round). Phase
    4: read every complete result_NNN.tsv, assemble /mnt/agent/output/final_dossier.tsv with the schema
    header row, sort by the first schema column, and write /mnt/agent/output/summary.md. Coordinator messages
    must stay under 15% of total swarm tokens.'
  expected_input: Master task prompt for Open Source Maintainer Map — top 3 non-FAANG maintainers for
    70 npm/PyPI packages (see task.yaml `prompt`).
  expected_output: /mnt/agent/output/plan.md (plan with assignment table + schema + quality criteria);
    /mnt/agent/output/final_dossier.tsv (assembled deliverable, schema header + sorted rows); /mnt/agent/output/summary.md
    (tally of complete/partial/missing + brief notes).
  depends_on: []
  is_parallelizable: false
- subtask_id: research_agent_001
  description: 'Research one npm/PyPI package assigned at line 1 of /mnt/agent/output/plan.md. Find the
    package''s GitHub repo, scan recent commit history and Contributors page for active maintainers, verify
    employer from profile/personal site/LinkedIn, exclude Meta/Apple/Amazon/Netflix/Google, record sponsorship
    + contact + timezone. Write up to 3 maintainer rows to /mnt/agent/output/result_001.tsv. The first
    line of the file MUST be `STATUS: complete` or `STATUS: partial — [reason]`. Subsequent lines are
    the data rows; do NOT include the schema header in this file (coordinator owns the final header).
    Hard ceiling: 25 sub-agent messages.'
  expected_input: /mnt/agent/output/plan.md (read line 1 for the npm/PyPI package assignment + the shared
    output schema and quality criteria).
  expected_output: /mnt/agent/output/result_001.tsv (STATUS line + up to 3 maintainer rows matching the
    schema defined in plan.md).
  depends_on:
  - coordinator
  is_parallelizable: true
- subtask_id: research_agent_002
  description: 'Research one npm/PyPI package assigned at line 2 of /mnt/agent/output/plan.md. Find the
    package''s GitHub repo, scan recent commit history and Contributors page for active maintainers, verify
    employer from profile/personal site/LinkedIn, exclude Meta/Apple/Amazon/Netflix/Google, record sponsorship
    + contact + timezone. Write up to 3 maintainer rows to /mnt/agent/output/result_002.tsv. The first
    line of the file MUST be `STATUS: complete` or `STATUS: partial — [reason]`. Subsequent lines are
    the data rows; do NOT include the schema header in this file (coordinator owns the final header).
    Hard ceiling: 25 sub-agent messages.'
  expected_input: /mnt/agent/output/plan.md (read line 2 for the npm/PyPI package assignment + the shared
    output schema and quality criteria).
  expected_output: /mnt/agent/output/result_002.tsv (STATUS line + up to 3 maintainer rows matching the
    schema defined in plan.md).
  depends_on:
  - coordinator
  is_parallelizable: true
- subtask_id: research_agent_003
  description: 'Research one npm/PyPI package assigned at line 3 of /mnt/agent/output/plan.md. Find the
    package''s GitHub repo, scan recent commit history and Contributors page for active maintainers, verify
    employer from profile/personal site/LinkedIn, exclude Meta/Apple/Amazon/Netflix/Google, record sponsorship
    + contact + timezone. Write up to 3 maintainer rows to /mnt/agent/output/result_003.tsv. The first
    line of the file MUST be `STATUS: complete` or `STATUS: partial — [reason]`. Subsequent lines are
    the data rows; do NOT include the schema header in this file (coordinator owns the final header).
    Hard ceiling: 25 sub-agent messages.'
  expected_input: /mnt/agent/output/plan.md (read line 3 for the npm/PyPI package assignment + the shared
    output schema and quality criteria).
  expected_output: /mnt/agent/output/result_003.tsv (STATUS line + up to 3 maintainer rows matching the
    schema defined in plan.md).
  depends_on:
  - coordinator
  is_parallelizable: true
- subtask_id: research_agent_004
  description: 'Research one npm/PyPI package assigned at line 4 of /mnt/agent/output/plan.md. Find the
    package''s GitHub repo, scan recent commit history and Contributors page for active maintainers, verify
    employer from profile/personal site/LinkedIn, exclude Meta/Apple/Amazon/Netflix/Google, record sponsorship
    + contact + timezone. Write up to 3 maintainer rows to /mnt/agent/output/result_004.tsv. The first
    line of the file MUST be `STATUS: complete` or `STATUS: partial — [reason]`. Subsequent lines are
    the data rows; do NOT include the schema header in this file (coordinator owns the final header).
    Hard ceiling: 25 sub-agent messages.'
  expected_input: /mnt/agent/output/plan.md (read line 4 for the npm/PyPI package assignment + the shared
    output schema and quality criteria).
  expected_output: /mnt/agent/output/result_004.tsv (STATUS line + up to 3 maintainer rows matching the
    schema defined in plan.md).
  depends_on:
  - coordinator
  is_parallelizable: true
- subtask_id: research_agent_005
  description: 'Research one npm/PyPI package assigned at line 5 of /mnt/agent/output/plan.md. Find the
    package''s GitHub repo, scan recent commit history and Contributors page for active maintainers, verify
    employer from profile/personal site/LinkedIn, exclude Meta/Apple/Amazon/Netflix/Google, record sponsorship
    + contact + timezone. Write up to 3 maintainer rows to /mnt/agent/output/result_005.tsv. The first
    line of the file MUST be `STATUS: complete` or `STATUS: partial — [reason]`. Subsequent lines are
    the data rows; do NOT include the schema header in this file (coordinator owns the final header).
    Hard ceiling: 25 sub-agent messages.'
  expected_input: /mnt/agent/output/plan.md (read line 5 for the npm/PyPI package assignment + the shared
    output schema and quality criteria).
  expected_output: /mnt/agent/output/result_005.tsv (STATUS line + up to 3 maintainer rows matching the
    schema defined in plan.md).
  depends_on:
  - coordinator
  is_parallelizable: true
- subtask_id: research_agent_006
  description: 'Research one npm/PyPI package assigned at line 6 of /mnt/agent/output/plan.md. Find the
    package''s GitHub repo, scan recent commit history and Contributors page for active maintainers, verify
    employer from profile/personal site/LinkedIn, exclude Meta/Apple/Amazon/Netflix/Google, record sponsorship
    + contact + timezone. Write up to 3 maintainer rows to /mnt/agent/output/result_006.tsv. The first
    line of the file MUST be `STATUS: complete` or `STATUS: partial — [reason]`. Subsequent lines are
    the data rows; do NOT include the schema header in this file (coordinator owns the final header).
    Hard ceiling: 25 sub-agent messages.'
  expected_input: /mnt/agent/output/plan.md (read line 6 for the npm/PyPI package assignment + the shared
    output schema and quality criteria).
  expected_output: /mnt/agent/output/result_006.tsv (STATUS line + up to 3 maintainer rows matching the
    schema defined in plan.md).
  depends_on:
  - coordinator
  is_parallelizable: true
- subtask_id: research_agent_007
  description: 'Research one npm/PyPI package assigned at line 7 of /mnt/agent/output/plan.md. Find the
    package''s GitHub repo, scan recent commit history and Contributors page for active maintainers, verify
    employer from profile/personal site/LinkedIn, exclude Meta/Apple/Amazon/Netflix/Google, record sponsorship
    + contact + timezone. Write up to 3 maintainer rows to /mnt/agent/output/result_007.tsv. The first
    line of the file MUST be `STATUS: complete` or `STATUS: partial — [reason]`. Subsequent lines are
    the data rows; do NOT include the schema header in this file (coordinator owns the final header).
    Hard ceiling: 25 sub-agent messages.'
  expected_input: /mnt/agent/output/plan.md (read line 7 for the npm/PyPI package assignment + the shared
    output schema and quality criteria).
  expected_output: /mnt/agent/output/result_007.tsv (STATUS line + up to 3 maintainer rows matching the
    schema defined in plan.md).
  depends_on:
  - coordinator
  is_parallelizable: true
- subtask_id: research_agent_008
  description: 'Research one npm/PyPI package assigned at line 8 of /mnt/agent/output/plan.md. Find the
    package''s GitHub repo, scan recent commit history and Contributors page for active maintainers, verify
    employer from profile/personal site/LinkedIn, exclude Meta/Apple/Amazon/Netflix/Google, record sponsorship
    + contact + timezone. Write up to 3 maintainer rows to /mnt/agent/output/result_008.tsv. The first
    line of the file MUST be `STATUS: complete` or `STATUS: partial — [reason]`. Subsequent lines are
    the data rows; do NOT include the schema header in this file (coordinator owns the final header).
    Hard ceiling: 25 sub-agent messages.'
  expected_input: /mnt/agent/output/plan.md (read line 8 for the npm/PyPI package assignment + the shared
    output schema and quality criteria).
  expected_output: /mnt/agent/output/result_008.tsv (STATUS line + up to 3 maintainer rows matching the
    schema defined in plan.md).
  depends_on:
  - coordinator
  is_parallelizable: true
- subtask_id: research_agent_009
  description: 'Research one npm/PyPI package assigned at line 9 of /mnt/agent/output/plan.md. Find the
    package''s GitHub repo, scan recent commit history and Contributors page for active maintainers, verify
    employer from profile/personal site/LinkedIn, exclude Meta/Apple/Amazon/Netflix/Google, record sponsorship
    + contact + timezone. Write up to 3 maintainer rows to /mnt/agent/output/result_009.tsv. The first
    line of the file MUST be `STATUS: complete` or `STATUS: partial — [reason]`. Subsequent lines are
    the data rows; do NOT include the schema header in this file (coordinator owns the final header).
    Hard ceiling: 25 sub-agent messages.'
  expected_input: /mnt/agent/output/plan.md (read line 9 for the npm/PyPI package assignment + the shared
    output schema and quality criteria).
  expected_output: /mnt/agent/output/result_009.tsv (STATUS line + up to 3 maintainer rows matching the
    schema defined in plan.md).
  depends_on:
  - coordinator
  is_parallelizable: true
- subtask_id: research_agent_010
  description: 'Research one npm/PyPI package assigned at line 10 of /mnt/agent/output/plan.md. Find the
    package''s GitHub repo, scan recent commit history and Contributors page for active maintainers, verify
    employer from profile/personal site/LinkedIn, exclude Meta/Apple/Amazon/Netflix/Google, record sponsorship
    + contact + timezone. Write up to 3 maintainer rows to /mnt/agent/output/result_010.tsv. The first
    line of the file MUST be `STATUS: complete` or `STATUS: partial — [reason]`. Subsequent lines are
    the data rows; do NOT include the schema header in this file (coordinator owns the final header).
    Hard ceiling: 25 sub-agent messages.'
  expected_input: /mnt/agent/output/plan.md (read line 10 for the npm/PyPI package assignment + the shared
    output schema and quality criteria).
  expected_output: /mnt/agent/output/result_010.tsv (STATUS line + up to 3 maintainer rows matching the
    schema defined in plan.md).
  depends_on:
  - coordinator
  is_parallelizable: true
- subtask_id: research_agent_011
  description: 'Research one npm/PyPI package assigned at line 11 of /mnt/agent/output/plan.md. Find the
    package''s GitHub repo, scan recent commit history and Contributors page for active maintainers, verify
    employer from profile/personal site/LinkedIn, exclude Meta/Apple/Amazon/Netflix/Google, record sponsorship
    + contact + timezone. Write up to 3 maintainer rows to /mnt/agent/output/result_011.tsv. The first
    line of the file MUST be `STATUS: complete` or `STATUS: partial — [reason]`. Subsequent lines are
    the data rows; do NOT include the schema header in this file (coordinator owns the final header).
    Hard ceiling: 25 sub-agent messages.'
  expected_input: /mnt/agent/output/plan.md (read line 11 for the npm/PyPI package assignment + the shared
    output schema and quality criteria).
  expected_output: /mnt/agent/output/result_011.tsv (STATUS line + up to 3 maintainer rows matching the
    schema defined in plan.md).
  depends_on:
  - coordinator
  is_parallelizable: true
- subtask_id: research_agent_012
  description: 'Research one npm/PyPI package assigned at line 12 of /mnt/agent/output/plan.md. Find the
    package''s GitHub repo, scan recent commit history and Contributors page for active maintainers, verify
    employer from profile/personal site/LinkedIn, exclude Meta/Apple/Amazon/Netflix/Google, record sponsorship
    + contact + timezone. Write up to 3 maintainer rows to /mnt/agent/output/result_012.tsv. The first
    line of the file MUST be `STATUS: complete` or `STATUS: partial — [reason]`. Subsequent lines are
    the data rows; do NOT include the schema header in this file (coordinator owns the final header).
    Hard ceiling: 25 sub-agent messages.'
  expected_input: /mnt/agent/output/plan.md (read line 12 for the npm/PyPI package assignment + the shared
    output schema and quality criteria).
  expected_output: /mnt/agent/output/result_012.tsv (STATUS line + up to 3 maintainer rows matching the
    schema defined in plan.md).
  depends_on:
  - coordinator
  is_parallelizable: true
- subtask_id: research_agent_013
  description: 'Research one npm/PyPI package assigned at line 13 of /mnt/agent/output/plan.md. Find the
    package''s GitHub repo, scan recent commit history and Contributors page for active maintainers, verify
    employer from profile/personal site/LinkedIn, exclude Meta/Apple/Amazon/Netflix/Google, record sponsorship
    + contact + timezone. Write up to 3 maintainer rows to /mnt/agent/output/result_013.tsv. The first
    line of the file MUST be `STATUS: complete` or `STATUS: partial — [reason]`. Subsequent lines are
    the data rows; do NOT include the schema header in this file (coordinator owns the final header).
    Hard ceiling: 25 sub-agent messages.'
  expected_input: /mnt/agent/output/plan.md (read line 13 for the npm/PyPI package assignment + the shared
    output schema and quality criteria).
  expected_output: /mnt/agent/output/result_013.tsv (STATUS line + up to 3 maintainer rows matching the
    schema defined in plan.md).
  depends_on:
  - coordinator
  is_parallelizable: true
- subtask_id: research_agent_014
  description: 'Research one npm/PyPI package assigned at line 14 of /mnt/agent/output/plan.md. Find the
    package''s GitHub repo, scan recent commit history and Contributors page for active maintainers, verify
    employer from profile/personal site/LinkedIn, exclude Meta/Apple/Amazon/Netflix/Google, record sponsorship
    + contact + timezone. Write up to 3 maintainer rows to /mnt/agent/output/result_014.tsv. The first
    line of the file MUST be `STATUS: complete` or `STATUS: partial — [reason]`. Subsequent lines are
    the data rows; do NOT include the schema header in this file (coordinator owns the final header).
    Hard ceiling: 25 sub-agent messages.'
  expected_input: /mnt/agent/output/plan.md (read line 14 for the npm/PyPI package assignment + the shared
    output schema and quality criteria).
  expected_output: /mnt/agent/output/result_014.tsv (STATUS line + up to 3 maintainer rows matching the
    schema defined in plan.md).
  depends_on:
  - coordinator
  is_parallelizable: true
- subtask_id: research_agent_015
  description: 'Research one npm/PyPI package assigned at line 15 of /mnt/agent/output/plan.md. Find the
    package''s GitHub repo, scan recent commit history and Contributors page for active maintainers, verify
    employer from profile/personal site/LinkedIn, exclude Meta/Apple/Amazon/Netflix/Google, record sponsorship
    + contact + timezone. Write up to 3 maintainer rows to /mnt/agent/output/result_015.tsv. The first
    line of the file MUST be `STATUS: complete` or `STATUS: partial — [reason]`. Subsequent lines are
    the data rows; do NOT include the schema header in this file (coordinator owns the final header).
    Hard ceiling: 25 sub-agent messages.'
  expected_input: /mnt/agent/output/plan.md (read line 15 for the npm/PyPI package assignment + the shared
    output schema and quality criteria).
  expected_output: /mnt/agent/output/result_015.tsv (STATUS line + up to 3 maintainer rows matching the
    schema defined in plan.md).
  depends_on:
  - coordinator
  is_parallelizable: true
- subtask_id: research_agent_016
  description: 'Research one npm/PyPI package assigned at line 16 of /mnt/agent/output/plan.md. Find the
    package''s GitHub repo, scan recent commit history and Contributors page for active maintainers, verify
    employer from profile/personal site/LinkedIn, exclude Meta/Apple/Amazon/Netflix/Google, record sponsorship
    + contact + timezone. Write up to 3 maintainer rows to /mnt/agent/output/result_016.tsv. The first
    line of the file MUST be `STATUS: complete` or `STATUS: partial — [reason]`. Subsequent lines are
    the data rows; do NOT include the schema header in this file (coordinator owns the final header).
    Hard ceiling: 25 sub-agent messages.'
  expected_input: /mnt/agent/output/plan.md (read line 16 for the npm/PyPI package assignment + the shared
    output schema and quality criteria).
  expected_output: /mnt/agent/output/result_016.tsv (STATUS line + up to 3 maintainer rows matching the
    schema defined in plan.md).
  depends_on:
  - coordinator
  is_parallelizable: true
- subtask_id: research_agent_017
  description: 'Research one npm/PyPI package assigned at line 17 of /mnt/agent/output/plan.md. Find the
    package''s GitHub repo, scan recent commit history and Contributors page for active maintainers, verify
    employer from profile/personal site/LinkedIn, exclude Meta/Apple/Amazon/Netflix/Google, record sponsorship
    + contact + timezone. Write up to 3 maintainer rows to /mnt/agent/output/result_017.tsv. The first
    line of the file MUST be `STATUS: complete` or `STATUS: partial — [reason]`. Subsequent lines are
    the data rows; do NOT include the schema header in this file (coordinator owns the final header).
    Hard ceiling: 25 sub-agent messages.'
  expected_input: /mnt/agent/output/plan.md (read line 17 for the npm/PyPI package assignment + the shared
    output schema and quality criteria).
  expected_output: /mnt/agent/output/result_017.tsv (STATUS line + up to 3 maintainer rows matching the
    schema defined in plan.md).
  depends_on:
  - coordinator
  is_parallelizable: true
- subtask_id: research_agent_018
  description: 'Research one npm/PyPI package assigned at line 18 of /mnt/agent/output/plan.md. Find the
    package''s GitHub repo, scan recent commit history and Contributors page for active maintainers, verify
    employer from profile/personal site/LinkedIn, exclude Meta/Apple/Amazon/Netflix/Google, record sponsorship
    + contact + timezone. Write up to 3 maintainer rows to /mnt/agent/output/result_018.tsv. The first
    line of the file MUST be `STATUS: complete` or `STATUS: partial — [reason]`. Subsequent lines are
    the data rows; do NOT include the schema header in this file (coordinator owns the final header).
    Hard ceiling: 25 sub-agent messages.'
  expected_input: /mnt/agent/output/plan.md (read line 18 for the npm/PyPI package assignment + the shared
    output schema and quality criteria).
  expected_output: /mnt/agent/output/result_018.tsv (STATUS line + up to 3 maintainer rows matching the
    schema defined in plan.md).
  depends_on:
  - coordinator
  is_parallelizable: true
- subtask_id: research_agent_019
  description: 'Research one npm/PyPI package assigned at line 19 of /mnt/agent/output/plan.md. Find the
    package''s GitHub repo, scan recent commit history and Contributors page for active maintainers, verify
    employer from profile/personal site/LinkedIn, exclude Meta/Apple/Amazon/Netflix/Google, record sponsorship
    + contact + timezone. Write up to 3 maintainer rows to /mnt/agent/output/result_019.tsv. The first
    line of the file MUST be `STATUS: complete` or `STATUS: partial — [reason]`. Subsequent lines are
    the data rows; do NOT include the schema header in this file (coordinator owns the final header).
    Hard ceiling: 25 sub-agent messages.'
  expected_input: /mnt/agent/output/plan.md (read line 19 for the npm/PyPI package assignment + the shared
    output schema and quality criteria).
  expected_output: /mnt/agent/output/result_019.tsv (STATUS line + up to 3 maintainer rows matching the
    schema defined in plan.md).
  depends_on:
  - coordinator
  is_parallelizable: true
- subtask_id: research_agent_020
  description: 'Research one npm/PyPI package assigned at line 20 of /mnt/agent/output/plan.md. Find the
    package''s GitHub repo, scan recent commit history and Contributors page for active maintainers, verify
    employer from profile/personal site/LinkedIn, exclude Meta/Apple/Amazon/Netflix/Google, record sponsorship
    + contact + timezone. Write up to 3 maintainer rows to /mnt/agent/output/result_020.tsv. The first
    line of the file MUST be `STATUS: complete` or `STATUS: partial — [reason]`. Subsequent lines are
    the data rows; do NOT include the schema header in this file (coordinator owns the final header).
    Hard ceiling: 25 sub-agent messages.'
  expected_input: /mnt/agent/output/plan.md (read line 20 for the npm/PyPI package assignment + the shared
    output schema and quality criteria).
  expected_output: /mnt/agent/output/result_020.tsv (STATUS line + up to 3 maintainer rows matching the
    schema defined in plan.md).
  depends_on:
  - coordinator
  is_parallelizable: true
- subtask_id: research_agent_021
  description: 'Research one npm/PyPI package assigned at line 21 of /mnt/agent/output/plan.md. Find the
    package''s GitHub repo, scan recent commit history and Contributors page for active maintainers, verify
    employer from profile/personal site/LinkedIn, exclude Meta/Apple/Amazon/Netflix/Google, record sponsorship
    + contact + timezone. Write up to 3 maintainer rows to /mnt/agent/output/result_021.tsv. The first
    line of the file MUST be `STATUS: complete` or `STATUS: partial — [reason]`. Subsequent lines are
    the data rows; do NOT include the schema header in this file (coordinator owns the final header).
    Hard ceiling: 25 sub-agent messages.'
  expected_input: /mnt/agent/output/plan.md (read line 21 for the npm/PyPI package assignment + the shared
    output schema and quality criteria).
  expected_output: /mnt/agent/output/result_021.tsv (STATUS line + up to 3 maintainer rows matching the
    schema defined in plan.md).
  depends_on:
  - coordinator
  is_parallelizable: true
- subtask_id: research_agent_022
  description: 'Research one npm/PyPI package assigned at line 22 of /mnt/agent/output/plan.md. Find the
    package''s GitHub repo, scan recent commit history and Contributors page for active maintainers, verify
    employer from profile/personal site/LinkedIn, exclude Meta/Apple/Amazon/Netflix/Google, record sponsorship
    + contact + timezone. Write up to 3 maintainer rows to /mnt/agent/output/result_022.tsv. The first
    line of the file MUST be `STATUS: complete` or `STATUS: partial — [reason]`. Subsequent lines are
    the data rows; do NOT include the schema header in this file (coordinator owns the final header).
    Hard ceiling: 25 sub-agent messages.'
  expected_input: /mnt/agent/output/plan.md (read line 22 for the npm/PyPI package assignment + the shared
    output schema and quality criteria).
  expected_output: /mnt/agent/output/result_022.tsv (STATUS line + up to 3 maintainer rows matching the
    schema defined in plan.md).
  depends_on:
  - coordinator
  is_parallelizable: true
- subtask_id: research_agent_023
  description: 'Research one npm/PyPI package assigned at line 23 of /mnt/agent/output/plan.md. Find the
    package''s GitHub repo, scan recent commit history and Contributors page for active maintainers, verify
    employer from profile/personal site/LinkedIn, exclude Meta/Apple/Amazon/Netflix/Google, record sponsorship
    + contact + timezone. Write up to 3 maintainer rows to /mnt/agent/output/result_023.tsv. The first
    line of the file MUST be `STATUS: complete` or `STATUS: partial — [reason]`. Subsequent lines are
    the data rows; do NOT include the schema header in this file (coordinator owns the final header).
    Hard ceiling: 25 sub-agent messages.'
  expected_input: /mnt/agent/output/plan.md (read line 23 for the npm/PyPI package assignment + the shared
    output schema and quality criteria).
  expected_output: /mnt/agent/output/result_023.tsv (STATUS line + up to 3 maintainer rows matching the
    schema defined in plan.md).
  depends_on:
  - coordinator
  is_parallelizable: true
- subtask_id: research_agent_024
  description: 'Research one npm/PyPI package assigned at line 24 of /mnt/agent/output/plan.md. Find the
    package''s GitHub repo, scan recent commit history and Contributors page for active maintainers, verify
    employer from profile/personal site/LinkedIn, exclude Meta/Apple/Amazon/Netflix/Google, record sponsorship
    + contact + timezone. Write up to 3 maintainer rows to /mnt/agent/output/result_024.tsv. The first
    line of the file MUST be `STATUS: complete` or `STATUS: partial — [reason]`. Subsequent lines are
    the data rows; do NOT include the schema header in this file (coordinator owns the final header).
    Hard ceiling: 25 sub-agent messages.'
  expected_input: /mnt/agent/output/plan.md (read line 24 for the npm/PyPI package assignment + the shared
    output schema and quality criteria).
  expected_output: /mnt/agent/output/result_024.tsv (STATUS line + up to 3 maintainer rows matching the
    schema defined in plan.md).
  depends_on:
  - coordinator
  is_parallelizable: true
- subtask_id: research_agent_025
  description: 'Research one npm/PyPI package assigned at line 25 of /mnt/agent/output/plan.md. Find the
    package''s GitHub repo, scan recent commit history and Contributors page for active maintainers, verify
    employer from profile/personal site/LinkedIn, exclude Meta/Apple/Amazon/Netflix/Google, record sponsorship
    + contact + timezone. Write up to 3 maintainer rows to /mnt/agent/output/result_025.tsv. The first
    line of the file MUST be `STATUS: complete` or `STATUS: partial — [reason]`. Subsequent lines are
    the data rows; do NOT include the schema header in this file (coordinator owns the final header).
    Hard ceiling: 25 sub-agent messages.'
  expected_input: /mnt/agent/output/plan.md (read line 25 for the npm/PyPI package assignment + the shared
    output schema and quality criteria).
  expected_output: /mnt/agent/output/result_025.tsv (STATUS line + up to 3 maintainer rows matching the
    schema defined in plan.md).
  depends_on:
  - coordinator
  is_parallelizable: true
- subtask_id: research_agent_026
  description: 'Research one npm/PyPI package assigned at line 26 of /mnt/agent/output/plan.md. Find the
    package''s GitHub repo, scan recent commit history and Contributors page for active maintainers, verify
    employer from profile/personal site/LinkedIn, exclude Meta/Apple/Amazon/Netflix/Google, record sponsorship
    + contact + timezone. Write up to 3 maintainer rows to /mnt/agent/output/result_026.tsv. The first
    line of the file MUST be `STATUS: complete` or `STATUS: partial — [reason]`. Subsequent lines are
    the data rows; do NOT include the schema header in this file (coordinator owns the final header).
    Hard ceiling: 25 sub-agent messages.'
  expected_input: /mnt/agent/output/plan.md (read line 26 for the npm/PyPI package assignment + the shared
    output schema and quality criteria).
  expected_output: /mnt/agent/output/result_026.tsv (STATUS line + up to 3 maintainer rows matching the
    schema defined in plan.md).
  depends_on:
  - coordinator
  is_parallelizable: true
- subtask_id: research_agent_027
  description: 'Research one npm/PyPI package assigned at line 27 of /mnt/agent/output/plan.md. Find the
    package''s GitHub repo, scan recent commit history and Contributors page for active maintainers, verify
    employer from profile/personal site/LinkedIn, exclude Meta/Apple/Amazon/Netflix/Google, record sponsorship
    + contact + timezone. Write up to 3 maintainer rows to /mnt/agent/output/result_027.tsv. The first
    line of the file MUST be `STATUS: complete` or `STATUS: partial — [reason]`. Subsequent lines are
    the data rows; do NOT include the schema header in this file (coordinator owns the final header).
    Hard ceiling: 25 sub-agent messages.'
  expected_input: /mnt/agent/output/plan.md (read line 27 for the npm/PyPI package assignment + the shared
    output schema and quality criteria).
  expected_output: /mnt/agent/output/result_027.tsv (STATUS line + up to 3 maintainer rows matching the
    schema defined in plan.md).
  depends_on:
  - coordinator
  is_parallelizable: true
- subtask_id: research_agent_028
  description: 'Research one npm/PyPI package assigned at line 28 of /mnt/agent/output/plan.md. Find the
    package''s GitHub repo, scan recent commit history and Contributors page for active maintainers, verify
    employer from profile/personal site/LinkedIn, exclude Meta/Apple/Amazon/Netflix/Google, record sponsorship
    + contact + timezone. Write up to 3 maintainer rows to /mnt/agent/output/result_028.tsv. The first
    line of the file MUST be `STATUS: complete` or `STATUS: partial — [reason]`. Subsequent lines are
    the data rows; do NOT include the schema header in this file (coordinator owns the final header).
    Hard ceiling: 25 sub-agent messages.'
  expected_input: /mnt/agent/output/plan.md (read line 28 for the npm/PyPI package assignment + the shared
    output schema and quality criteria).
  expected_output: /mnt/agent/output/result_028.tsv (STATUS line + up to 3 maintainer rows matching the
    schema defined in plan.md).
  depends_on:
  - coordinator
  is_parallelizable: true
- subtask_id: research_agent_029
  description: 'Research one npm/PyPI package assigned at line 29 of /mnt/agent/output/plan.md. Find the
    package''s GitHub repo, scan recent commit history and Contributors page for active maintainers, verify
    employer from profile/personal site/LinkedIn, exclude Meta/Apple/Amazon/Netflix/Google, record sponsorship
    + contact + timezone. Write up to 3 maintainer rows to /mnt/agent/output/result_029.tsv. The first
    line of the file MUST be `STATUS: complete` or `STATUS: partial — [reason]`. Subsequent lines are
    the data rows; do NOT include the schema header in this file (coordinator owns the final header).
    Hard ceiling: 25 sub-agent messages.'
  expected_input: /mnt/agent/output/plan.md (read line 29 for the npm/PyPI package assignment + the shared
    output schema and quality criteria).
  expected_output: /mnt/agent/output/result_029.tsv (STATUS line + up to 3 maintainer rows matching the
    schema defined in plan.md).
  depends_on:
  - coordinator
  is_parallelizable: true
- subtask_id: research_agent_030
  description: 'Research one npm/PyPI package assigned at line 30 of /mnt/agent/output/plan.md. Find the
    package''s GitHub repo, scan recent commit history and Contributors page for active maintainers, verify
    employer from profile/personal site/LinkedIn, exclude Meta/Apple/Amazon/Netflix/Google, record sponsorship
    + contact + timezone. Write up to 3 maintainer rows to /mnt/agent/output/result_030.tsv. The first
    line of the file MUST be `STATUS: complete` or `STATUS: partial — [reason]`. Subsequent lines are
    the data rows; do NOT include the schema header in this file (coordinator owns the final header).
    Hard ceiling: 25 sub-agent messages.'
  expected_input: /mnt/agent/output/plan.md (read line 30 for the npm/PyPI package assignment + the shared
    output schema and quality criteria).
  expected_output: /mnt/agent/output/result_030.tsv (STATUS line + up to 3 maintainer rows matching the
    schema defined in plan.md).
  depends_on:
  - coordinator
  is_parallelizable: true
- subtask_id: research_agent_031
  description: 'Research one npm/PyPI package assigned at line 31 of /mnt/agent/output/plan.md. Find the
    package''s GitHub repo, scan recent commit history and Contributors page for active maintainers, verify
    employer from profile/personal site/LinkedIn, exclude Meta/Apple/Amazon/Netflix/Google, record sponsorship
    + contact + timezone. Write up to 3 maintainer rows to /mnt/agent/output/result_031.tsv. The first
    line of the file MUST be `STATUS: complete` or `STATUS: partial — [reason]`. Subsequent lines are
    the data rows; do NOT include the schema header in this file (coordinator owns the final header).
    Hard ceiling: 25 sub-agent messages.'
  expected_input: /mnt/agent/output/plan.md (read line 31 for the npm/PyPI package assignment + the shared
    output schema and quality criteria).
  expected_output: /mnt/agent/output/result_031.tsv (STATUS line + up to 3 maintainer rows matching the
    schema defined in plan.md).
  depends_on:
  - coordinator
  is_parallelizable: true
- subtask_id: research_agent_032
  description: 'Research one npm/PyPI package assigned at line 32 of /mnt/agent/output/plan.md. Find the
    package''s GitHub repo, scan recent commit history and Contributors page for active maintainers, verify
    employer from profile/personal site/LinkedIn, exclude Meta/Apple/Amazon/Netflix/Google, record sponsorship
    + contact + timezone. Write up to 3 maintainer rows to /mnt/agent/output/result_032.tsv. The first
    line of the file MUST be `STATUS: complete` or `STATUS: partial — [reason]`. Subsequent lines are
    the data rows; do NOT include the schema header in this file (coordinator owns the final header).
    Hard ceiling: 25 sub-agent messages.'
  expected_input: /mnt/agent/output/plan.md (read line 32 for the npm/PyPI package assignment + the shared
    output schema and quality criteria).
  expected_output: /mnt/agent/output/result_032.tsv (STATUS line + up to 3 maintainer rows matching the
    schema defined in plan.md).
  depends_on:
  - coordinator
  is_parallelizable: true
- subtask_id: research_agent_033
  description: 'Research one npm/PyPI package assigned at line 33 of /mnt/agent/output/plan.md. Find the
    package''s GitHub repo, scan recent commit history and Contributors page for active maintainers, verify
    employer from profile/personal site/LinkedIn, exclude Meta/Apple/Amazon/Netflix/Google, record sponsorship
    + contact + timezone. Write up to 3 maintainer rows to /mnt/agent/output/result_033.tsv. The first
    line of the file MUST be `STATUS: complete` or `STATUS: partial — [reason]`. Subsequent lines are
    the data rows; do NOT include the schema header in this file (coordinator owns the final header).
    Hard ceiling: 25 sub-agent messages.'
  expected_input: /mnt/agent/output/plan.md (read line 33 for the npm/PyPI package assignment + the shared
    output schema and quality criteria).
  expected_output: /mnt/agent/output/result_033.tsv (STATUS line + up to 3 maintainer rows matching the
    schema defined in plan.md).
  depends_on:
  - coordinator
  is_parallelizable: true
- subtask_id: research_agent_034
  description: 'Research one npm/PyPI package assigned at line 34 of /mnt/agent/output/plan.md. Find the
    package''s GitHub repo, scan recent commit history and Contributors page for active maintainers, verify
    employer from profile/personal site/LinkedIn, exclude Meta/Apple/Amazon/Netflix/Google, record sponsorship
    + contact + timezone. Write up to 3 maintainer rows to /mnt/agent/output/result_034.tsv. The first
    line of the file MUST be `STATUS: complete` or `STATUS: partial — [reason]`. Subsequent lines are
    the data rows; do NOT include the schema header in this file (coordinator owns the final header).
    Hard ceiling: 25 sub-agent messages.'
  expected_input: /mnt/agent/output/plan.md (read line 34 for the npm/PyPI package assignment + the shared
    output schema and quality criteria).
  expected_output: /mnt/agent/output/result_034.tsv (STATUS line + up to 3 maintainer rows matching the
    schema defined in plan.md).
  depends_on:
  - coordinator
  is_parallelizable: true
- subtask_id: research_agent_035
  description: 'Research one npm/PyPI package assigned at line 35 of /mnt/agent/output/plan.md. Find the
    package''s GitHub repo, scan recent commit history and Contributors page for active maintainers, verify
    employer from profile/personal site/LinkedIn, exclude Meta/Apple/Amazon/Netflix/Google, record sponsorship
    + contact + timezone. Write up to 3 maintainer rows to /mnt/agent/output/result_035.tsv. The first
    line of the file MUST be `STATUS: complete` or `STATUS: partial — [reason]`. Subsequent lines are
    the data rows; do NOT include the schema header in this file (coordinator owns the final header).
    Hard ceiling: 25 sub-agent messages.'
  expected_input: /mnt/agent/output/plan.md (read line 35 for the npm/PyPI package assignment + the shared
    output schema and quality criteria).
  expected_output: /mnt/agent/output/result_035.tsv (STATUS line + up to 3 maintainer rows matching the
    schema defined in plan.md).
  depends_on:
  - coordinator
  is_parallelizable: true
- subtask_id: research_agent_036
  description: 'Research one npm/PyPI package assigned at line 36 of /mnt/agent/output/plan.md. Find the
    package''s GitHub repo, scan recent commit history and Contributors page for active maintainers, verify
    employer from profile/personal site/LinkedIn, exclude Meta/Apple/Amazon/Netflix/Google, record sponsorship
    + contact + timezone. Write up to 3 maintainer rows to /mnt/agent/output/result_036.tsv. The first
    line of the file MUST be `STATUS: complete` or `STATUS: partial — [reason]`. Subsequent lines are
    the data rows; do NOT include the schema header in this file (coordinator owns the final header).
    Hard ceiling: 25 sub-agent messages.'
  expected_input: /mnt/agent/output/plan.md (read line 36 for the npm/PyPI package assignment + the shared
    output schema and quality criteria).
  expected_output: /mnt/agent/output/result_036.tsv (STATUS line + up to 3 maintainer rows matching the
    schema defined in plan.md).
  depends_on:
  - coordinator
  is_parallelizable: true
- subtask_id: research_agent_037
  description: 'Research one npm/PyPI package assigned at line 37 of /mnt/agent/output/plan.md. Find the
    package''s GitHub repo, scan recent commit history and Contributors page for active maintainers, verify
    employer from profile/personal site/LinkedIn, exclude Meta/Apple/Amazon/Netflix/Google, record sponsorship
    + contact + timezone. Write up to 3 maintainer rows to /mnt/agent/output/result_037.tsv. The first
    line of the file MUST be `STATUS: complete` or `STATUS: partial — [reason]`. Subsequent lines are
    the data rows; do NOT include the schema header in this file (coordinator owns the final header).
    Hard ceiling: 25 sub-agent messages.'
  expected_input: /mnt/agent/output/plan.md (read line 37 for the npm/PyPI package assignment + the shared
    output schema and quality criteria).
  expected_output: /mnt/agent/output/result_037.tsv (STATUS line + up to 3 maintainer rows matching the
    schema defined in plan.md).
  depends_on:
  - coordinator
  is_parallelizable: true
- subtask_id: research_agent_038
  description: 'Research one npm/PyPI package assigned at line 38 of /mnt/agent/output/plan.md. Find the
    package''s GitHub repo, scan recent commit history and Contributors page for active maintainers, verify
    employer from profile/personal site/LinkedIn, exclude Meta/Apple/Amazon/Netflix/Google, record sponsorship
    + contact + timezone. Write up to 3 maintainer rows to /mnt/agent/output/result_038.tsv. The first
    line of the file MUST be `STATUS: complete` or `STATUS: partial — [reason]`. Subsequent lines are
    the data rows; do NOT include the schema header in this file (coordinator owns the final header).
    Hard ceiling: 25 sub-agent messages.'
  expected_input: /mnt/agent/output/plan.md (read line 38 for the npm/PyPI package assignment + the shared
    output schema and quality criteria).
  expected_output: /mnt/agent/output/result_038.tsv (STATUS line + up to 3 maintainer rows matching the
    schema defined in plan.md).
  depends_on:
  - coordinator
  is_parallelizable: true
- subtask_id: research_agent_039
  description: 'Research one npm/PyPI package assigned at line 39 of /mnt/agent/output/plan.md. Find the
    package''s GitHub repo, scan recent commit history and Contributors page for active maintainers, verify
    employer from profile/personal site/LinkedIn, exclude Meta/Apple/Amazon/Netflix/Google, record sponsorship
    + contact + timezone. Write up to 3 maintainer rows to /mnt/agent/output/result_039.tsv. The first
    line of the file MUST be `STATUS: complete` or `STATUS: partial — [reason]`. Subsequent lines are
    the data rows; do NOT include the schema header in this file (coordinator owns the final header).
    Hard ceiling: 25 sub-agent messages.'
  expected_input: /mnt/agent/output/plan.md (read line 39 for the npm/PyPI package assignment + the shared
    output schema and quality criteria).
  expected_output: /mnt/agent/output/result_039.tsv (STATUS line + up to 3 maintainer rows matching the
    schema defined in plan.md).
  depends_on:
  - coordinator
  is_parallelizable: true
- subtask_id: research_agent_040
  description: 'Research one npm/PyPI package assigned at line 40 of /mnt/agent/output/plan.md. Find the
    package''s GitHub repo, scan recent commit history and Contributors page for active maintainers, verify
    employer from profile/personal site/LinkedIn, exclude Meta/Apple/Amazon/Netflix/Google, record sponsorship
    + contact + timezone. Write up to 3 maintainer rows to /mnt/agent/output/result_040.tsv. The first
    line of the file MUST be `STATUS: complete` or `STATUS: partial — [reason]`. Subsequent lines are
    the data rows; do NOT include the schema header in this file (coordinator owns the final header).
    Hard ceiling: 25 sub-agent messages.'
  expected_input: /mnt/agent/output/plan.md (read line 40 for the npm/PyPI package assignment + the shared
    output schema and quality criteria).
  expected_output: /mnt/agent/output/result_040.tsv (STATUS line + up to 3 maintainer rows matching the
    schema defined in plan.md).
  depends_on:
  - coordinator
  is_parallelizable: true
- subtask_id: research_agent_041
  description: 'Research one npm/PyPI package assigned at line 41 of /mnt/agent/output/plan.md. Find the
    package''s GitHub repo, scan recent commit history and Contributors page for active maintainers, verify
    employer from profile/personal site/LinkedIn, exclude Meta/Apple/Amazon/Netflix/Google, record sponsorship
    + contact + timezone. Write up to 3 maintainer rows to /mnt/agent/output/result_041.tsv. The first
    line of the file MUST be `STATUS: complete` or `STATUS: partial — [reason]`. Subsequent lines are
    the data rows; do NOT include the schema header in this file (coordinator owns the final header).
    Hard ceiling: 25 sub-agent messages.'
  expected_input: /mnt/agent/output/plan.md (read line 41 for the npm/PyPI package assignment + the shared
    output schema and quality criteria).
  expected_output: /mnt/agent/output/result_041.tsv (STATUS line + up to 3 maintainer rows matching the
    schema defined in plan.md).
  depends_on:
  - coordinator
  is_parallelizable: true
- subtask_id: research_agent_042
  description: 'Research one npm/PyPI package assigned at line 42 of /mnt/agent/output/plan.md. Find the
    package''s GitHub repo, scan recent commit history and Contributors page for active maintainers, verify
    employer from profile/personal site/LinkedIn, exclude Meta/Apple/Amazon/Netflix/Google, record sponsorship
    + contact + timezone. Write up to 3 maintainer rows to /mnt/agent/output/result_042.tsv. The first
    line of the file MUST be `STATUS: complete` or `STATUS: partial — [reason]`. Subsequent lines are
    the data rows; do NOT include the schema header in this file (coordinator owns the final header).
    Hard ceiling: 25 sub-agent messages.'
  expected_input: /mnt/agent/output/plan.md (read line 42 for the npm/PyPI package assignment + the shared
    output schema and quality criteria).
  expected_output: /mnt/agent/output/result_042.tsv (STATUS line + up to 3 maintainer rows matching the
    schema defined in plan.md).
  depends_on:
  - coordinator
  is_parallelizable: true
- subtask_id: research_agent_043
  description: 'Research one npm/PyPI package assigned at line 43 of /mnt/agent/output/plan.md. Find the
    package''s GitHub repo, scan recent commit history and Contributors page for active maintainers, verify
    employer from profile/personal site/LinkedIn, exclude Meta/Apple/Amazon/Netflix/Google, record sponsorship
    + contact + timezone. Write up to 3 maintainer rows to /mnt/agent/output/result_043.tsv. The first
    line of the file MUST be `STATUS: complete` or `STATUS: partial — [reason]`. Subsequent lines are
    the data rows; do NOT include the schema header in this file (coordinator owns the final header).
    Hard ceiling: 25 sub-agent messages.'
  expected_input: /mnt/agent/output/plan.md (read line 43 for the npm/PyPI package assignment + the shared
    output schema and quality criteria).
  expected_output: /mnt/agent/output/result_043.tsv (STATUS line + up to 3 maintainer rows matching the
    schema defined in plan.md).
  depends_on:
  - coordinator
  is_parallelizable: true
- subtask_id: research_agent_044
  description: 'Research one npm/PyPI package assigned at line 44 of /mnt/agent/output/plan.md. Find the
    package''s GitHub repo, scan recent commit history and Contributors page for active maintainers, verify
    employer from profile/personal site/LinkedIn, exclude Meta/Apple/Amazon/Netflix/Google, record sponsorship
    + contact + timezone. Write up to 3 maintainer rows to /mnt/agent/output/result_044.tsv. The first
    line of the file MUST be `STATUS: complete` or `STATUS: partial — [reason]`. Subsequent lines are
    the data rows; do NOT include the schema header in this file (coordinator owns the final header).
    Hard ceiling: 25 sub-agent messages.'
  expected_input: /mnt/agent/output/plan.md (read line 44 for the npm/PyPI package assignment + the shared
    output schema and quality criteria).
  expected_output: /mnt/agent/output/result_044.tsv (STATUS line + up to 3 maintainer rows matching the
    schema defined in plan.md).
  depends_on:
  - coordinator
  is_parallelizable: true
- subtask_id: research_agent_045
  description: 'Research one npm/PyPI package assigned at line 45 of /mnt/agent/output/plan.md. Find the
    package''s GitHub repo, scan recent commit history and Contributors page for active maintainers, verify
    employer from profile/personal site/LinkedIn, exclude Meta/Apple/Amazon/Netflix/Google, record sponsorship
    + contact + timezone. Write up to 3 maintainer rows to /mnt/agent/output/result_045.tsv. The first
    line of the file MUST be `STATUS: complete` or `STATUS: partial — [reason]`. Subsequent lines are
    the data rows; do NOT include the schema header in this file (coordinator owns the final header).
    Hard ceiling: 25 sub-agent messages.'
  expected_input: /mnt/agent/output/plan.md (read line 45 for the npm/PyPI package assignment + the shared
    output schema and quality criteria).
  expected_output: /mnt/agent/output/result_045.tsv (STATUS line + up to 3 maintainer rows matching the
    schema defined in plan.md).
  depends_on:
  - coordinator
  is_parallelizable: true
- subtask_id: research_agent_046
  description: 'Research one npm/PyPI package assigned at line 46 of /mnt/agent/output/plan.md. Find the
    package''s GitHub repo, scan recent commit history and Contributors page for active maintainers, verify
    employer from profile/personal site/LinkedIn, exclude Meta/Apple/Amazon/Netflix/Google, record sponsorship
    + contact + timezone. Write up to 3 maintainer rows to /mnt/agent/output/result_046.tsv. The first
    line of the file MUST be `STATUS: complete` or `STATUS: partial — [reason]`. Subsequent lines are
    the data rows; do NOT include the schema header in this file (coordinator owns the final header).
    Hard ceiling: 25 sub-agent messages.'
  expected_input: /mnt/agent/output/plan.md (read line 46 for the npm/PyPI package assignment + the shared
    output schema and quality criteria).
  expected_output: /mnt/agent/output/result_046.tsv (STATUS line + up to 3 maintainer rows matching the
    schema defined in plan.md).
  depends_on:
  - coordinator
  is_parallelizable: true
- subtask_id: research_agent_047
  description: 'Research one npm/PyPI package assigned at line 47 of /mnt/agent/output/plan.md. Find the
    package''s GitHub repo, scan recent commit history and Contributors page for active maintainers, verify
    employer from profile/personal site/LinkedIn, exclude Meta/Apple/Amazon/Netflix/Google, record sponsorship
    + contact + timezone. Write up to 3 maintainer rows to /mnt/agent/output/result_047.tsv. The first
    line of the file MUST be `STATUS: complete` or `STATUS: partial — [reason]`. Subsequent lines are
    the data rows; do NOT include the schema header in this file (coordinator owns the final header).
    Hard ceiling: 25 sub-agent messages.'
  expected_input: /mnt/agent/output/plan.md (read line 47 for the npm/PyPI package assignment + the shared
    output schema and quality criteria).
  expected_output: /mnt/agent/output/result_047.tsv (STATUS line + up to 3 maintainer rows matching the
    schema defined in plan.md).
  depends_on:
  - coordinator
  is_parallelizable: true
- subtask_id: research_agent_048
  description: 'Research one npm/PyPI package assigned at line 48 of /mnt/agent/output/plan.md. Find the
    package''s GitHub repo, scan recent commit history and Contributors page for active maintainers, verify
    employer from profile/personal site/LinkedIn, exclude Meta/Apple/Amazon/Netflix/Google, record sponsorship
    + contact + timezone. Write up to 3 maintainer rows to /mnt/agent/output/result_048.tsv. The first
    line of the file MUST be `STATUS: complete` or `STATUS: partial — [reason]`. Subsequent lines are
    the data rows; do NOT include the schema header in this file (coordinator owns the final header).
    Hard ceiling: 25 sub-agent messages.'
  expected_input: /mnt/agent/output/plan.md (read line 48 for the npm/PyPI package assignment + the shared
    output schema and quality criteria).
  expected_output: /mnt/agent/output/result_048.tsv (STATUS line + up to 3 maintainer rows matching the
    schema defined in plan.md).
  depends_on:
  - coordinator
  is_parallelizable: true
- subtask_id: research_agent_049
  description: 'Research one npm/PyPI package assigned at line 49 of /mnt/agent/output/plan.md. Find the
    package''s GitHub repo, scan recent commit history and Contributors page for active maintainers, verify
    employer from profile/personal site/LinkedIn, exclude Meta/Apple/Amazon/Netflix/Google, record sponsorship
    + contact + timezone. Write up to 3 maintainer rows to /mnt/agent/output/result_049.tsv. The first
    line of the file MUST be `STATUS: complete` or `STATUS: partial — [reason]`. Subsequent lines are
    the data rows; do NOT include the schema header in this file (coordinator owns the final header).
    Hard ceiling: 25 sub-agent messages.'
  expected_input: /mnt/agent/output/plan.md (read line 49 for the npm/PyPI package assignment + the shared
    output schema and quality criteria).
  expected_output: /mnt/agent/output/result_049.tsv (STATUS line + up to 3 maintainer rows matching the
    schema defined in plan.md).
  depends_on:
  - coordinator
  is_parallelizable: true
- subtask_id: research_agent_050
  description: 'Research one npm/PyPI package assigned at line 50 of /mnt/agent/output/plan.md. Find the
    package''s GitHub repo, scan recent commit history and Contributors page for active maintainers, verify
    employer from profile/personal site/LinkedIn, exclude Meta/Apple/Amazon/Netflix/Google, record sponsorship
    + contact + timezone. Write up to 3 maintainer rows to /mnt/agent/output/result_050.tsv. The first
    line of the file MUST be `STATUS: complete` or `STATUS: partial — [reason]`. Subsequent lines are
    the data rows; do NOT include the schema header in this file (coordinator owns the final header).
    Hard ceiling: 25 sub-agent messages.'
  expected_input: /mnt/agent/output/plan.md (read line 50 for the npm/PyPI package assignment + the shared
    output schema and quality criteria).
  expected_output: /mnt/agent/output/result_050.tsv (STATUS line + up to 3 maintainer rows matching the
    schema defined in plan.md).
  depends_on:
  - coordinator
  is_parallelizable: true
- subtask_id: research_agent_051
  description: 'Research one npm/PyPI package assigned at line 51 of /mnt/agent/output/plan.md. Find the
    package''s GitHub repo, scan recent commit history and Contributors page for active maintainers, verify
    employer from profile/personal site/LinkedIn, exclude Meta/Apple/Amazon/Netflix/Google, record sponsorship
    + contact + timezone. Write up to 3 maintainer rows to /mnt/agent/output/result_051.tsv. The first
    line of the file MUST be `STATUS: complete` or `STATUS: partial — [reason]`. Subsequent lines are
    the data rows; do NOT include the schema header in this file (coordinator owns the final header).
    Hard ceiling: 25 sub-agent messages.'
  expected_input: /mnt/agent/output/plan.md (read line 51 for the npm/PyPI package assignment + the shared
    output schema and quality criteria).
  expected_output: /mnt/agent/output/result_051.tsv (STATUS line + up to 3 maintainer rows matching the
    schema defined in plan.md).
  depends_on:
  - coordinator
  is_parallelizable: true
- subtask_id: research_agent_052
  description: 'Research one npm/PyPI package assigned at line 52 of /mnt/agent/output/plan.md. Find the
    package''s GitHub repo, scan recent commit history and Contributors page for active maintainers, verify
    employer from profile/personal site/LinkedIn, exclude Meta/Apple/Amazon/Netflix/Google, record sponsorship
    + contact + timezone. Write up to 3 maintainer rows to /mnt/agent/output/result_052.tsv. The first
    line of the file MUST be `STATUS: complete` or `STATUS: partial — [reason]`. Subsequent lines are
    the data rows; do NOT include the schema header in this file (coordinator owns the final header).
    Hard ceiling: 25 sub-agent messages.'
  expected_input: /mnt/agent/output/plan.md (read line 52 for the npm/PyPI package assignment + the shared
    output schema and quality criteria).
  expected_output: /mnt/agent/output/result_052.tsv (STATUS line + up to 3 maintainer rows matching the
    schema defined in plan.md).
  depends_on:
  - coordinator
  is_parallelizable: true
- subtask_id: research_agent_053
  description: 'Research one npm/PyPI package assigned at line 53 of /mnt/agent/output/plan.md. Find the
    package''s GitHub repo, scan recent commit history and Contributors page for active maintainers, verify
    employer from profile/personal site/LinkedIn, exclude Meta/Apple/Amazon/Netflix/Google, record sponsorship
    + contact + timezone. Write up to 3 maintainer rows to /mnt/agent/output/result_053.tsv. The first
    line of the file MUST be `STATUS: complete` or `STATUS: partial — [reason]`. Subsequent lines are
    the data rows; do NOT include the schema header in this file (coordinator owns the final header).
    Hard ceiling: 25 sub-agent messages.'
  expected_input: /mnt/agent/output/plan.md (read line 53 for the npm/PyPI package assignment + the shared
    output schema and quality criteria).
  expected_output: /mnt/agent/output/result_053.tsv (STATUS line + up to 3 maintainer rows matching the
    schema defined in plan.md).
  depends_on:
  - coordinator
  is_parallelizable: true
- subtask_id: research_agent_054
  description: 'Research one npm/PyPI package assigned at line 54 of /mnt/agent/output/plan.md. Find the
    package''s GitHub repo, scan recent commit history and Contributors page for active maintainers, verify
    employer from profile/personal site/LinkedIn, exclude Meta/Apple/Amazon/Netflix/Google, record sponsorship
    + contact + timezone. Write up to 3 maintainer rows to /mnt/agent/output/result_054.tsv. The first
    line of the file MUST be `STATUS: complete` or `STATUS: partial — [reason]`. Subsequent lines are
    the data rows; do NOT include the schema header in this file (coordinator owns the final header).
    Hard ceiling: 25 sub-agent messages.'
  expected_input: /mnt/agent/output/plan.md (read line 54 for the npm/PyPI package assignment + the shared
    output schema and quality criteria).
  expected_output: /mnt/agent/output/result_054.tsv (STATUS line + up to 3 maintainer rows matching the
    schema defined in plan.md).
  depends_on:
  - coordinator
  is_parallelizable: true
- subtask_id: research_agent_055
  description: 'Research one npm/PyPI package assigned at line 55 of /mnt/agent/output/plan.md. Find the
    package''s GitHub repo, scan recent commit history and Contributors page for active maintainers, verify
    employer from profile/personal site/LinkedIn, exclude Meta/Apple/Amazon/Netflix/Google, record sponsorship
    + contact + timezone. Write up to 3 maintainer rows to /mnt/agent/output/result_055.tsv. The first
    line of the file MUST be `STATUS: complete` or `STATUS: partial — [reason]`. Subsequent lines are
    the data rows; do NOT include the schema header in this file (coordinator owns the final header).
    Hard ceiling: 25 sub-agent messages.'
  expected_input: /mnt/agent/output/plan.md (read line 55 for the npm/PyPI package assignment + the shared
    output schema and quality criteria).
  expected_output: /mnt/agent/output/result_055.tsv (STATUS line + up to 3 maintainer rows matching the
    schema defined in plan.md).
  depends_on:
  - coordinator
  is_parallelizable: true
- subtask_id: research_agent_056
  description: 'Research one npm/PyPI package assigned at line 56 of /mnt/agent/output/plan.md. Find the
    package''s GitHub repo, scan recent commit history and Contributors page for active maintainers, verify
    employer from profile/personal site/LinkedIn, exclude Meta/Apple/Amazon/Netflix/Google, record sponsorship
    + contact + timezone. Write up to 3 maintainer rows to /mnt/agent/output/result_056.tsv. The first
    line of the file MUST be `STATUS: complete` or `STATUS: partial — [reason]`. Subsequent lines are
    the data rows; do NOT include the schema header in this file (coordinator owns the final header).
    Hard ceiling: 25 sub-agent messages.'
  expected_input: /mnt/agent/output/plan.md (read line 56 for the npm/PyPI package assignment + the shared
    output schema and quality criteria).
  expected_output: /mnt/agent/output/result_056.tsv (STATUS line + up to 3 maintainer rows matching the
    schema defined in plan.md).
  depends_on:
  - coordinator
  is_parallelizable: true
- subtask_id: research_agent_057
  description: 'Research one npm/PyPI package assigned at line 57 of /mnt/agent/output/plan.md. Find the
    package''s GitHub repo, scan recent commit history and Contributors page for active maintainers, verify
    employer from profile/personal site/LinkedIn, exclude Meta/Apple/Amazon/Netflix/Google, record sponsorship
    + contact + timezone. Write up to 3 maintainer rows to /mnt/agent/output/result_057.tsv. The first
    line of the file MUST be `STATUS: complete` or `STATUS: partial — [reason]`. Subsequent lines are
    the data rows; do NOT include the schema header in this file (coordinator owns the final header).
    Hard ceiling: 25 sub-agent messages.'
  expected_input: /mnt/agent/output/plan.md (read line 57 for the npm/PyPI package assignment + the shared
    output schema and quality criteria).
  expected_output: /mnt/agent/output/result_057.tsv (STATUS line + up to 3 maintainer rows matching the
    schema defined in plan.md).
  depends_on:
  - coordinator
  is_parallelizable: true
- subtask_id: research_agent_058
  description: 'Research one npm/PyPI package assigned at line 58 of /mnt/agent/output/plan.md. Find the
    package''s GitHub repo, scan recent commit history and Contributors page for active maintainers, verify
    employer from profile/personal site/LinkedIn, exclude Meta/Apple/Amazon/Netflix/Google, record sponsorship
    + contact + timezone. Write up to 3 maintainer rows to /mnt/agent/output/result_058.tsv. The first
    line of the file MUST be `STATUS: complete` or `STATUS: partial — [reason]`. Subsequent lines are
    the data rows; do NOT include the schema header in this file (coordinator owns the final header).
    Hard ceiling: 25 sub-agent messages.'
  expected_input: /mnt/agent/output/plan.md (read line 58 for the npm/PyPI package assignment + the shared
    output schema and quality criteria).
  expected_output: /mnt/agent/output/result_058.tsv (STATUS line + up to 3 maintainer rows matching the
    schema defined in plan.md).
  depends_on:
  - coordinator
  is_parallelizable: true
- subtask_id: research_agent_059
  description: 'Research one npm/PyPI package assigned at line 59 of /mnt/agent/output/plan.md. Find the
    package''s GitHub repo, scan recent commit history and Contributors page for active maintainers, verify
    employer from profile/personal site/LinkedIn, exclude Meta/Apple/Amazon/Netflix/Google, record sponsorship
    + contact + timezone. Write up to 3 maintainer rows to /mnt/agent/output/result_059.tsv. The first
    line of the file MUST be `STATUS: complete` or `STATUS: partial — [reason]`. Subsequent lines are
    the data rows; do NOT include the schema header in this file (coordinator owns the final header).
    Hard ceiling: 25 sub-agent messages.'
  expected_input: /mnt/agent/output/plan.md (read line 59 for the npm/PyPI package assignment + the shared
    output schema and quality criteria).
  expected_output: /mnt/agent/output/result_059.tsv (STATUS line + up to 3 maintainer rows matching the
    schema defined in plan.md).
  depends_on:
  - coordinator
  is_parallelizable: true
- subtask_id: research_agent_060
  description: 'Research one npm/PyPI package assigned at line 60 of /mnt/agent/output/plan.md. Find the
    package''s GitHub repo, scan recent commit history and Contributors page for active maintainers, verify
    employer from profile/personal site/LinkedIn, exclude Meta/Apple/Amazon/Netflix/Google, record sponsorship
    + contact + timezone. Write up to 3 maintainer rows to /mnt/agent/output/result_060.tsv. The first
    line of the file MUST be `STATUS: complete` or `STATUS: partial — [reason]`. Subsequent lines are
    the data rows; do NOT include the schema header in this file (coordinator owns the final header).
    Hard ceiling: 25 sub-agent messages.'
  expected_input: /mnt/agent/output/plan.md (read line 60 for the npm/PyPI package assignment + the shared
    output schema and quality criteria).
  expected_output: /mnt/agent/output/result_060.tsv (STATUS line + up to 3 maintainer rows matching the
    schema defined in plan.md).
  depends_on:
  - coordinator
  is_parallelizable: true
- subtask_id: research_agent_061
  description: 'Research one npm/PyPI package assigned at line 61 of /mnt/agent/output/plan.md. Find the
    package''s GitHub repo, scan recent commit history and Contributors page for active maintainers, verify
    employer from profile/personal site/LinkedIn, exclude Meta/Apple/Amazon/Netflix/Google, record sponsorship
    + contact + timezone. Write up to 3 maintainer rows to /mnt/agent/output/result_061.tsv. The first
    line of the file MUST be `STATUS: complete` or `STATUS: partial — [reason]`. Subsequent lines are
    the data rows; do NOT include the schema header in this file (coordinator owns the final header).
    Hard ceiling: 25 sub-agent messages.'
  expected_input: /mnt/agent/output/plan.md (read line 61 for the npm/PyPI package assignment + the shared
    output schema and quality criteria).
  expected_output: /mnt/agent/output/result_061.tsv (STATUS line + up to 3 maintainer rows matching the
    schema defined in plan.md).
  depends_on:
  - coordinator
  is_parallelizable: true
- subtask_id: research_agent_062
  description: 'Research one npm/PyPI package assigned at line 62 of /mnt/agent/output/plan.md. Find the
    package''s GitHub repo, scan recent commit history and Contributors page for active maintainers, verify
    employer from profile/personal site/LinkedIn, exclude Meta/Apple/Amazon/Netflix/Google, record sponsorship
    + contact + timezone. Write up to 3 maintainer rows to /mnt/agent/output/result_062.tsv. The first
    line of the file MUST be `STATUS: complete` or `STATUS: partial — [reason]`. Subsequent lines are
    the data rows; do NOT include the schema header in this file (coordinator owns the final header).
    Hard ceiling: 25 sub-agent messages.'
  expected_input: /mnt/agent/output/plan.md (read line 62 for the npm/PyPI package assignment + the shared
    output schema and quality criteria).
  expected_output: /mnt/agent/output/result_062.tsv (STATUS line + up to 3 maintainer rows matching the
    schema defined in plan.md).
  depends_on:
  - coordinator
  is_parallelizable: true
- subtask_id: research_agent_063
  description: 'Research one npm/PyPI package assigned at line 63 of /mnt/agent/output/plan.md. Find the
    package''s GitHub repo, scan recent commit history and Contributors page for active maintainers, verify
    employer from profile/personal site/LinkedIn, exclude Meta/Apple/Amazon/Netflix/Google, record sponsorship
    + contact + timezone. Write up to 3 maintainer rows to /mnt/agent/output/result_063.tsv. The first
    line of the file MUST be `STATUS: complete` or `STATUS: partial — [reason]`. Subsequent lines are
    the data rows; do NOT include the schema header in this file (coordinator owns the final header).
    Hard ceiling: 25 sub-agent messages.'
  expected_input: /mnt/agent/output/plan.md (read line 63 for the npm/PyPI package assignment + the shared
    output schema and quality criteria).
  expected_output: /mnt/agent/output/result_063.tsv (STATUS line + up to 3 maintainer rows matching the
    schema defined in plan.md).
  depends_on:
  - coordinator
  is_parallelizable: true
- subtask_id: research_agent_064
  description: 'Research one npm/PyPI package assigned at line 64 of /mnt/agent/output/plan.md. Find the
    package''s GitHub repo, scan recent commit history and Contributors page for active maintainers, verify
    employer from profile/personal site/LinkedIn, exclude Meta/Apple/Amazon/Netflix/Google, record sponsorship
    + contact + timezone. Write up to 3 maintainer rows to /mnt/agent/output/result_064.tsv. The first
    line of the file MUST be `STATUS: complete` or `STATUS: partial — [reason]`. Subsequent lines are
    the data rows; do NOT include the schema header in this file (coordinator owns the final header).
    Hard ceiling: 25 sub-agent messages.'
  expected_input: /mnt/agent/output/plan.md (read line 64 for the npm/PyPI package assignment + the shared
    output schema and quality criteria).
  expected_output: /mnt/agent/output/result_064.tsv (STATUS line + up to 3 maintainer rows matching the
    schema defined in plan.md).
  depends_on:
  - coordinator
  is_parallelizable: true
- subtask_id: research_agent_065
  description: 'Research one npm/PyPI package assigned at line 65 of /mnt/agent/output/plan.md. Find the
    package''s GitHub repo, scan recent commit history and Contributors page for active maintainers, verify
    employer from profile/personal site/LinkedIn, exclude Meta/Apple/Amazon/Netflix/Google, record sponsorship
    + contact + timezone. Write up to 3 maintainer rows to /mnt/agent/output/result_065.tsv. The first
    line of the file MUST be `STATUS: complete` or `STATUS: partial — [reason]`. Subsequent lines are
    the data rows; do NOT include the schema header in this file (coordinator owns the final header).
    Hard ceiling: 25 sub-agent messages.'
  expected_input: /mnt/agent/output/plan.md (read line 65 for the npm/PyPI package assignment + the shared
    output schema and quality criteria).
  expected_output: /mnt/agent/output/result_065.tsv (STATUS line + up to 3 maintainer rows matching the
    schema defined in plan.md).
  depends_on:
  - coordinator
  is_parallelizable: true
- subtask_id: research_agent_066
  description: 'Research one npm/PyPI package assigned at line 66 of /mnt/agent/output/plan.md. Find the
    package''s GitHub repo, scan recent commit history and Contributors page for active maintainers, verify
    employer from profile/personal site/LinkedIn, exclude Meta/Apple/Amazon/Netflix/Google, record sponsorship
    + contact + timezone. Write up to 3 maintainer rows to /mnt/agent/output/result_066.tsv. The first
    line of the file MUST be `STATUS: complete` or `STATUS: partial — [reason]`. Subsequent lines are
    the data rows; do NOT include the schema header in this file (coordinator owns the final header).
    Hard ceiling: 25 sub-agent messages.'
  expected_input: /mnt/agent/output/plan.md (read line 66 for the npm/PyPI package assignment + the shared
    output schema and quality criteria).
  expected_output: /mnt/agent/output/result_066.tsv (STATUS line + up to 3 maintainer rows matching the
    schema defined in plan.md).
  depends_on:
  - coordinator
  is_parallelizable: true
- subtask_id: research_agent_067
  description: 'Research one npm/PyPI package assigned at line 67 of /mnt/agent/output/plan.md. Find the
    package''s GitHub repo, scan recent commit history and Contributors page for active maintainers, verify
    employer from profile/personal site/LinkedIn, exclude Meta/Apple/Amazon/Netflix/Google, record sponsorship
    + contact + timezone. Write up to 3 maintainer rows to /mnt/agent/output/result_067.tsv. The first
    line of the file MUST be `STATUS: complete` or `STATUS: partial — [reason]`. Subsequent lines are
    the data rows; do NOT include the schema header in this file (coordinator owns the final header).
    Hard ceiling: 25 sub-agent messages.'
  expected_input: /mnt/agent/output/plan.md (read line 67 for the npm/PyPI package assignment + the shared
    output schema and quality criteria).
  expected_output: /mnt/agent/output/result_067.tsv (STATUS line + up to 3 maintainer rows matching the
    schema defined in plan.md).
  depends_on:
  - coordinator
  is_parallelizable: true
- subtask_id: research_agent_068
  description: 'Research one npm/PyPI package assigned at line 68 of /mnt/agent/output/plan.md. Find the
    package''s GitHub repo, scan recent commit history and Contributors page for active maintainers, verify
    employer from profile/personal site/LinkedIn, exclude Meta/Apple/Amazon/Netflix/Google, record sponsorship
    + contact + timezone. Write up to 3 maintainer rows to /mnt/agent/output/result_068.tsv. The first
    line of the file MUST be `STATUS: complete` or `STATUS: partial — [reason]`. Subsequent lines are
    the data rows; do NOT include the schema header in this file (coordinator owns the final header).
    Hard ceiling: 25 sub-agent messages.'
  expected_input: /mnt/agent/output/plan.md (read line 68 for the npm/PyPI package assignment + the shared
    output schema and quality criteria).
  expected_output: /mnt/agent/output/result_068.tsv (STATUS line + up to 3 maintainer rows matching the
    schema defined in plan.md).
  depends_on:
  - coordinator
  is_parallelizable: true
- subtask_id: research_agent_069
  description: 'Research one npm/PyPI package assigned at line 69 of /mnt/agent/output/plan.md. Find the
    package''s GitHub repo, scan recent commit history and Contributors page for active maintainers, verify
    employer from profile/personal site/LinkedIn, exclude Meta/Apple/Amazon/Netflix/Google, record sponsorship
    + contact + timezone. Write up to 3 maintainer rows to /mnt/agent/output/result_069.tsv. The first
    line of the file MUST be `STATUS: complete` or `STATUS: partial — [reason]`. Subsequent lines are
    the data rows; do NOT include the schema header in this file (coordinator owns the final header).
    Hard ceiling: 25 sub-agent messages.'
  expected_input: /mnt/agent/output/plan.md (read line 69 for the npm/PyPI package assignment + the shared
    output schema and quality criteria).
  expected_output: /mnt/agent/output/result_069.tsv (STATUS line + up to 3 maintainer rows matching the
    schema defined in plan.md).
  depends_on:
  - coordinator
  is_parallelizable: true
- subtask_id: research_agent_070
  description: 'Research one npm/PyPI package assigned at line 70 of /mnt/agent/output/plan.md. Find the
    package''s GitHub repo, scan recent commit history and Contributors page for active maintainers, verify
    employer from profile/personal site/LinkedIn, exclude Meta/Apple/Amazon/Netflix/Google, record sponsorship
    + contact + timezone. Write up to 3 maintainer rows to /mnt/agent/output/result_070.tsv. The first
    line of the file MUST be `STATUS: complete` or `STATUS: partial — [reason]`. Subsequent lines are
    the data rows; do NOT include the schema header in this file (coordinator owns the final header).
    Hard ceiling: 25 sub-agent messages.'
  expected_input: /mnt/agent/output/plan.md (read line 70 for the npm/PyPI package assignment + the shared
    output schema and quality criteria).
  expected_output: /mnt/agent/output/result_070.tsv (STATUS line + up to 3 maintainer rows matching the
    schema defined in plan.md).
  depends_on:
  - coordinator
  is_parallelizable: true
minimum_viable_agents: 1
optimal_agents: 71
maximum_useful_agents: 85
"
"https://static.remotasks.com/uploads/69bee012be45f06904292c9a/econ_junior_faculty_ppp5_task.yaml","https://static.remotasks.com/uploads/69bee012be45f06904292c9a/econ_junior_faculty_ppp5_task.yaml","https://static.remotasks.com/uploads/69bee012be45f06904292c9a/econ_junior_faculty_ppp5_gold.yaml","","","","swarm_research","map_reduce","easy","https://static.remotasks.com/uploads/69bee012be45f06904292c9a/econ_junior_faculty_ppp5_single_run.json","","https://static.remotasks.com/uploads/69bee012be45f06904292c9a/econ_junior_faculty_ppp5_task.yaml","56","True","### DELEGATION WORKFLOW — Tenure-Track Pipeline Scan

**Objective:** Coordinate 55 parallel sub-agents, each assigned to one R1 university economics department, to identify the top 3 junior faculty hired in the last 2 years. Your role as coordinator is to plan, delegate, audit, and synthesize the final dataset. Do NOT perform any research yourself; all data gathering must be delegated via `llm_call`. Your coordinator messages must be less than 15% of the total swarm token usage.

#### Phase 1 — Create the Plan

1.  First, create a comprehensive plan file. Use `str_replace_editor.create` to write to `/mnt/agent/output/plan.md`. This plan is the single source of truth for all sub-agents. It must contain:

    *   **Header:** A brief description of the task: ""Identify the top 3 junior faculty (hired in the last 2 years) from 55 R1 university economics departments.""

    *   **Assignment Table:** A numbered list of all 55 university economics departments. Each line represents one sub-agent's assignment.
        ```
        1. [University Name 1] Economics Department — result file: result_001.tsv
        2. [University Name 2] Economics Department — result file: result_002.tsv
        ...
        55. [University Name 55] Economics Department — result file: result_055.tsv
        ```

    *   **Output Schema:** Define the exact TSV (Tab-Separated Values) column headers that each sub-agent's output file must use. This ensures consistency for the final merge.
        `University	Department	Faculty_Name	Hire_Year	PhD_Granting_Institution	Publication_Count	Research_Keywords`

    *   **Quality Criteria:** Define what constitutes a complete result. ""Junior faculty"" are those hired in the last two academic years (e.g., Assistant Professors with start dates of 2022 or later). ""Top 3"" can be interpreted as the three most prominent or simply the first three qualified individuals found. A complete entry requires all fields in the output schema to be populated. Specify data sources: official university department websites, faculty CVs (often linked from their profile pages), and Google Scholar for publication metrics.

#### Phase 2 — Parallel Delegation

2.  Launch ALL 55 sub-agent calls in a SINGLE message. This parallel execution is the core of the swarm strategy, maximizing throughput.

    Each `llm_call` must be precisely structured:
    *   **Assignment reference:** ""You are sub-agent N. Your task is defined on line N of the plan file at `/mnt/agent/output/plan.md`.""
    *   **Entity scope:** The specific university department name.
    *   **Output file:** The corresponding result file, e.g., `/mnt/agent/output/result_{NNN}.tsv` (zero-padded).
    *   **fork_mode:** `none`, as each task is self-contained and relies on the central plan.
    *   **Research instructions:** Instruct the sub-agent to use the `browse` tool. The workflow should be: 1) Find the official faculty directory for the assigned department. 2) Identify faculty with titles like 'Assistant Professor' and check their start date or CV for a hire date within the last two years. 3) For each of the top 3 found, visit their personal page or find their CV to extract their PhD-granting institution. 4) Use Google Scholar to find their profile and record their total publication count and list 3-5 of their primary research keywords. 5) Save the findings to the assigned result file.
    *   **Result format:** Write results as tab-separated rows (one row per faculty member) to the assigned `.tsv` file. Do NOT include a header row in the individual result files. The very first line of the file must be `STATUS: complete` or `STATUS: partial — [reason for incompleteness]`.

    CRITICAL: All 55 `llm_call` invocations must be issued in the same turn to leverage parallel processing. Sequential delegation is inefficient and will fail the task.

#### Phase 3 — Quality Audit & Gap Fill

3.  Once the sub-agents complete, perform a quality check. Do not read the full content of every file yet.
    *   Use `str_replace_editor.view` with `view_range=(0, 1)` to read only the first line of each of the 55 result files.
    *   Parse the `STATUS` line to count how many results are `complete`, `partial`, or missing entirely.
    *   For any `partial` or missing files, launch a single, consolidated follow-up batch of `llm_call`s. Provide these agents with more specific instructions or alternative search queries based on the failure reasons.
    *   Limit this to one round of follow-ups to avoid diminishing returns.

#### Phase 4 — Assemble Final Output

4.  Synthesize the final deliverable. Read the contents of all `complete` and acceptable `partial` result files (skipping the `STATUS` line).

5.  Create a single master file, `/mnt/agent/output/final_report.tsv`. First, write the header row defined in the plan's Output Schema. Then, append the content from all the individual result files.

6.  Write a brief summary file `/mnt/agent/output/summary.md` containing:
    *   Total departments surveyed: 55
    *   Total faculty records compiled: [count]
    *   Departments with complete results: [count]
    *   Departments with partial/missing results: [count] with a brief summary of reasons.
    *   Date of research.

#### Resource Budget
*   **Phase 2 sub-agents:** 55
*   **Phase 3 follow-ups:** up to 10
*   **Sub-agent tools:** `browse`, `str_replace_editor`
*   **Max messages per sub-agent:** 25
*   **Coordinator critical-path target:** <15% of total swarm tokens","### DELEGATION WORKFLOW — Tenure-Track Pipeline Scan

**Objective:** Coordinate 55 parallel sub-agents, each assigned to one R1 university economics department, to identify the top 3 junior faculty hired in the last 2 years. Your role as coordinator is to plan, delegate, audit, and synthesize the final dataset. Do NOT perform any research yourself; all data gathering must be delegated via `llm_call`. Your coordinator messages must be less than 15% of the total swarm token usage.

#### Phase 1 — Create the Plan

1.  First, create a comprehensive plan file. Use `str_replace_editor.create` to write to `/mnt/agent/output/plan.md`. This plan is the single source of truth for all sub-agents. It must contain:

    *   **Header:** A brief description of the task: ""Identify the top 3 junior faculty (hired in the last 2 years) from 55 R1 university economics departments.""

    *   **Assignment Table:** A numbered list of all 55 university economics departments. Each line represents one sub-agent's assignment.
        ```
        1. [University Name 1] Economics Department — result file: result_001.tsv
        2. [University Name 2] Economics Department — result file: result_002.tsv
        ...
        55. [University Name 55] Economics Department — result file: result_055.tsv
        ```

    *   **Output Schema:** Define the exact TSV (Tab-Separated Values) column headers that each sub-agent's output file must use. This ensures consistency for the final merge.
        `University	Department	Faculty_Name	Hire_Year	PhD_Granting_Institution	Publication_Count	Research_Keywords`

    *   **Quality Criteria:** Define what constitutes a complete result. ""Junior faculty"" are those hired in the last two academic years (e.g., Assistant Professors with start dates of 2022 or later). ""Top 3"" can be interpreted as the three most prominent or simply the first three qualified individuals found. A complete entry requires all fields in the output schema to be populated. Specify data sources: official university department websites, faculty CVs (often linked from their profile pages), and Google Scholar for publication metrics.

#### Phase 2 — Parallel Delegation

2.  Launch ALL 55 sub-agent calls in a SINGLE message. This parallel execution is the core of the swarm strategy, maximizing throughput.

    Each `llm_call` must be precisely structured:
    *   **Assignment reference:** ""You are sub-agent N. Your task is defined on line N of the plan file at `/mnt/agent/output/plan.md`.""
    *   **Entity scope:** The specific university department name.
    *   **Output file:** The corresponding result file, e.g., `/mnt/agent/output/result_{NNN}.tsv` (zero-padded).
    *   **fork_mode:** `none`, as each task is self-contained and relies on the central plan.
    *   **Research instructions:** Instruct the sub-agent to use the `browse` tool. The workflow should be: 1) Find the official faculty directory for the assigned department. 2) Identify faculty with titles like 'Assistant Professor' and check their start date or CV for a hire date within the last two years. 3) For each of the top 3 found, visit their personal page or find their CV to extract their PhD-granting institution. 4) Use Google Scholar to find their profile and record their total publication count and list 3-5 of their primary research keywords. 5) Save the findings to the assigned result file.
    *   **Result format:** Write results as tab-separated rows (one row per faculty member) to the assigned `.tsv` file. Do NOT include a header row in the individual result files. The very first line of the file must be `STATUS: complete` or `STATUS: partial — [reason for incompleteness]`.

    CRITICAL: All 55 `llm_call` invocations must be issued in the same turn to leverage parallel processing. Sequential delegation is inefficient and will fail the task.

#### Phase 3 — Quality Audit & Gap Fill

3.  Once the sub-agents complete, perform a quality check. Do not read the full content of every file yet.
    *   Use `str_replace_editor.view` with `view_range=(0, 1)` to read only the first line of each of the 55 result files.
    *   Parse the `STATUS` line to count how many results are `complete`, `partial`, or missing entirely.
    *   For any `partial` or missing files, launch a single, consolidated follow-up batch of `llm_call`s. Provide these agents with more specific instructions or alternative search queries based on the failure reasons.
    *   Limit this to one round of follow-ups to avoid diminishing returns.

#### Phase 4 — Assemble Final Output

4.  Synthesize the final deliverable. Read the contents of all `complete` and acceptable `partial` result files (skipping the `STATUS` line).

5.  Create a single master file, `/mnt/agent/output/final_report.tsv`. First, write the header row defined in the plan's Output Schema. Then, append the content from all the individual result files.

6.  Write a brief summary file `/mnt/agent/output/summary.md` containing:
    *   Total departments surveyed: 55
    *   Total faculty records compiled: [count]
    *   Departments with complete results: [count]
    *   Departments with partial/missing results: [count] with a brief summary of reasons.
    *   Date of research.

#### Resource Budget
*   **Phase 2 sub-agents:** 55
*   **Phase 3 follow-ups:** up to 10
*   **Sub-agent tools:** `browse`, `str_replace_editor`
*   **Max messages per sub-agent:** 25
*   **Coordinator critical-path target:** <15% of total swarm tokens","### DELEGATION WORKFLOW — Tenure-Track Pipeline Scan

**Objective:** Coordinate 55 parallel sub-agents, each assigned to one R1 university economics department, to identify the top 3 junior faculty hired in the last 2 years. Your role as coordinator is to plan, delegate, audit, and synthesize the final dataset. Do NOT perform any research yourself; all data gathering must be delegated via `llm_call`. Your coordinator messages must be less than 15% of the total swarm token usage.

#### Phase 1 — Create the Plan

1.  First, create a comprehensive plan file. Use `str_replace_editor.create` to write to `/mnt/agent/output/plan.md`. This plan is the single source of truth for all sub-agents. It must contain:

    *   **Header:** A brief description of the task: ""Identify the top 3 junior faculty (hired in the last 2 years) from 55 R1 university economics departments.""

    *   **Assignment Table:** A numbered list of all 55 university economics departments. Each line represents one sub-agent's assignment.
        ```
        1. [University Name 1] Economics Department — result file: result_001.tsv
        2. [University Name 2] Economics Department — result file: result_002.tsv
        ...
        55. [University Name 55] Economics Department — result file: result_055.tsv
        ```

    *   **Output Schema:** Define the exact TSV (Tab-Separated Values) column headers that each sub-agent's output file must use. This ensures consistency for the final merge.
        `University	Department	Faculty_Name	Hire_Year	PhD_Granting_Institution	Publication_Count	Research_Keywords`

    *   **Quality Criteria:** Define what constitutes a complete result. ""Junior faculty"" are those hired in the last two academic years (e.g., Assistant Professors with start dates of 2022 or later). ""Top 3"" can be interpreted as the three most prominent or simply the first three qualified individuals found. A complete entry requires all fields in the output schema to be populated. Specify data sources: official university department websites, faculty CVs (often linked from their profile pages), and Google Scholar for publication metrics.

#### Phase 2 — Parallel Delegation

2.  Launch ALL 55 sub-agent calls in a SINGLE message. This parallel execution is the core of the swarm strategy, maximizing throughput.

    Each `llm_call` must be precisely structured:
    *   **Assignment reference:** ""You are sub-agent N. Your task is defined on line N of the plan file at `/mnt/agent/output/plan.md`.""
    *   **Entity scope:** The specific university department name.
    *   **Output file:** The corresponding result file, e.g., `/mnt/agent/output/result_{NNN}.tsv` (zero-padded).
    *   **fork_mode:** `none`, as each task is self-contained and relies on the central plan.
    *   **Research instructions:** Instruct the sub-agent to use the `browse` tool. The workflow should be: 1) Find the official faculty directory for the assigned department. 2) Identify faculty with titles like 'Assistant Professor' and check their start date or CV for a hire date within the last two years. 3) For each of the top 3 found, visit their personal page or find their CV to extract their PhD-granting institution. 4) Use Google Scholar to find their profile and record their total publication count and list 3-5 of their primary research keywords. 5) Save the findings to the assigned result file.
    *   **Result format:** Write results as tab-separated rows (one row per faculty member) to the assigned `.tsv` file. Do NOT include a header row in the individual result files. The very first line of the file must be `STATUS: complete` or `STATUS: partial — [reason for incompleteness]`.

    CRITICAL: All 55 `llm_call` invocations must be issued in the same turn to leverage parallel processing. Sequential delegation is inefficient and will fail the task.

#### Phase 3 — Quality Audit & Gap Fill

3.  Once the sub-agents complete, perform a quality check. Do not read the full content of every file yet.
    *   Use `str_replace_editor.view` with `view_range=(0, 1)` to read only the first line of each of the 55 result files.
    *   Parse the `STATUS` line to count how many results are `complete`, `partial`, or missing entirely.
    *   For any `partial` or missing files, launch a single, consolidated follow-up batch of `llm_call`s. Provide these agents with more specific instructions or alternative search queries based on the failure reasons.
    *   Limit this to one round of follow-ups to avoid diminishing returns.

#### Phase 4 — Assemble Final Output

4.  Synthesize the final deliverable. Read the contents of all `complete` and acceptable `partial` result files (skipping the `STATUS` line).

5.  Create a single master file, `/mnt/agent/output/final_report.tsv`. First, write the header row defined in the plan's Output Schema. Then, append the content from all the individual result files.

6.  Write a brief summary file `/mnt/agent/output/summary.md` containing:
    *   Total departments surveyed: 55
    *   Total faculty records compiled: [count]
    *   Departments with complete results: [count]
    *   Departments with partial/missing results: [count] with a brief summary of reasons.
    *   Date of research.

#### Resource Budget
*   **Phase 2 sub-agents:** 55
*   **Phase 3 follow-ups:** up to 10
*   **Sub-agent tools:** `browse`, `str_replace_editor`
*   **Max messages per sub-agent:** 25
*   **Coordinator critical-path target:** <15% of total swarm tokens","easy","en_US","{""task_yaml"": ""OK"", ""gold_yaml"": ""OK"", ""artifacts"": ""N/A"", ""rich_artifacts"": ""N/A""}","task_id: swarm__econ_junior_faculty__ppp5
primary_decomposition:
- subtask_id: coordinator
  description: 'Coordinator role. Phase 1: write /mnt/agent/output/plan.md containing the task header,
    a numbered assignment table of 55 R1 university economics departments (one per research sub-agent),
    the exact output schema columns (University, Department, Faculty_Name, Hire_Year, PhD_Granting_Institution,
    Publication_Count, Research_Keywords), and quality criteria (complete vs. partial). Phase 2: dispatch
    all 55 research sub-agents in a single message with `fork_mode: none`, each pointing at its zero-padded
    result file. Phase 3: audit STATUS lines via `str_replace_editor.view` with a tiny `view_range`, tally
    complete/partial/missing, then launch up to 10 follow-up sub-agents in one batch (single round). Phase
    4: read every complete result_NNN.tsv, assemble /mnt/agent/output/final_report.tsv with the schema
    header row, sort by the first schema column, and write /mnt/agent/output/summary.md. Coordinator messages
    must stay under 15% of total swarm tokens.'
  expected_input: Master task prompt for Tenure-Track Pipeline Scan — top 3 junior faculty at 55 R1 economics
    departments (see task.yaml `prompt`).
  expected_output: /mnt/agent/output/plan.md (plan with assignment table + schema + quality criteria);
    /mnt/agent/output/final_report.tsv (assembled deliverable, schema header + sorted rows); /mnt/agent/output/summary.md
    (tally of complete/partial/missing + brief notes).
  depends_on: []
  is_parallelizable: false
- subtask_id: research_agent_001
  description: 'Research one R1 university economics department assigned at line 1 of /mnt/agent/output/plan.md.
    Find the official faculty directory, identify Assistant Professors with start dates in the last 2
    academic years, pull PhD-granting institution from CV, and grab Google Scholar publication counts
    + research keywords. Write up to 3 faculty rows to /mnt/agent/output/result_001.tsv. The first line
    of the file MUST be `STATUS: complete` or `STATUS: partial — [reason]`. Subsequent lines are the data
    rows; do NOT include the schema header in this file (coordinator owns the final header). Hard ceiling:
    25 sub-agent messages.'
  expected_input: /mnt/agent/output/plan.md (read line 1 for the R1 university economics department assignment
    + the shared output schema and quality criteria).
  expected_output: /mnt/agent/output/result_001.tsv (STATUS line + up to 3 faculty rows matching the schema
    defined in plan.md).
  depends_on:
  - coordinator
  is_parallelizable: true
- subtask_id: research_agent_002
  description: 'Research one R1 university economics department assigned at line 2 of /mnt/agent/output/plan.md.
    Find the official faculty directory, identify Assistant Professors with start dates in the last 2
    academic years, pull PhD-granting institution from CV, and grab Google Scholar publication counts
    + research keywords. Write up to 3 faculty rows to /mnt/agent/output/result_002.tsv. The first line
    of the file MUST be `STATUS: complete` or `STATUS: partial — [reason]`. Subsequent lines are the data
    rows; do NOT include the schema header in this file (coordinator owns the final header). Hard ceiling:
    25 sub-agent messages.'
  expected_input: /mnt/agent/output/plan.md (read line 2 for the R1 university economics department assignment
    + the shared output schema and quality criteria).
  expected_output: /mnt/agent/output/result_002.tsv (STATUS line + up to 3 faculty rows matching the schema
    defined in plan.md).
  depends_on:
  - coordinator
  is_parallelizable: true
- subtask_id: research_agent_003
  description: 'Research one R1 university economics department assigned at line 3 of /mnt/agent/output/plan.md.
    Find the official faculty directory, identify Assistant Professors with start dates in the last 2
    academic years, pull PhD-granting institution from CV, and grab Google Scholar publication counts
    + research keywords. Write up to 3 faculty rows to /mnt/agent/output/result_003.tsv. The first line
    of the file MUST be `STATUS: complete` or `STATUS: partial — [reason]`. Subsequent lines are the data
    rows; do NOT include the schema header in this file (coordinator owns the final header). Hard ceiling:
    25 sub-agent messages.'
  expected_input: /mnt/agent/output/plan.md (read line 3 for the R1 university economics department assignment
    + the shared output schema and quality criteria).
  expected_output: /mnt/agent/output/result_003.tsv (STATUS line + up to 3 faculty rows matching the schema
    defined in plan.md).
  depends_on:
  - coordinator
  is_parallelizable: true
- subtask_id: research_agent_004
  description: 'Research one R1 university economics department assigned at line 4 of /mnt/agent/output/plan.md.
    Find the official faculty directory, identify Assistant Professors with start dates in the last 2
    academic years, pull PhD-granting institution from CV, and grab Google Scholar publication counts
    + research keywords. Write up to 3 faculty rows to /mnt/agent/output/result_004.tsv. The first line
    of the file MUST be `STATUS: complete` or `STATUS: partial — [reason]`. Subsequent lines are the data
    rows; do NOT include the schema header in this file (coordinator owns the final header). Hard ceiling:
    25 sub-agent messages.'
  expected_input: /mnt/agent/output/plan.md (read line 4 for the R1 university economics department assignment
    + the shared output schema and quality criteria).
  expected_output: /mnt/agent/output/result_004.tsv (STATUS line + up to 3 faculty rows matching the schema
    defined in plan.md).
  depends_on:
  - coordinator
  is_parallelizable: true
- subtask_id: research_agent_005
  description: 'Research one R1 university economics department assigned at line 5 of /mnt/agent/output/plan.md.
    Find the official faculty directory, identify Assistant Professors with start dates in the last 2
    academic years, pull PhD-granting institution from CV, and grab Google Scholar publication counts
    + research keywords. Write up to 3 faculty rows to /mnt/agent/output/result_005.tsv. The first line
    of the file MUST be `STATUS: complete` or `STATUS: partial — [reason]`. Subsequent lines are the data
    rows; do NOT include the schema header in this file (coordinator owns the final header). Hard ceiling:
    25 sub-agent messages.'
  expected_input: /mnt/agent/output/plan.md (read line 5 for the R1 university economics department assignment
    + the shared output schema and quality criteria).
  expected_output: /mnt/agent/output/result_005.tsv (STATUS line + up to 3 faculty rows matching the schema
    defined in plan.md).
  depends_on:
  - coordinator
  is_parallelizable: true
- subtask_id: research_agent_006
  description: 'Research one R1 university economics department assigned at line 6 of /mnt/agent/output/plan.md.
    Find the official faculty directory, identify Assistant Professors with start dates in the last 2
    academic years, pull PhD-granting institution from CV, and grab Google Scholar publication counts
    + research keywords. Write up to 3 faculty rows to /mnt/agent/output/result_006.tsv. The first line
    of the file MUST be `STATUS: complete` or `STATUS: partial — [reason]`. Subsequent lines are the data
    rows; do NOT include the schema header in this file (coordinator owns the final header). Hard ceiling:
    25 sub-agent messages.'
  expected_input: /mnt/agent/output/plan.md (read line 6 for the R1 university economics department assignment
    + the shared output schema and quality criteria).
  expected_output: /mnt/agent/output/result_006.tsv (STATUS line + up to 3 faculty rows matching the schema
    defined in plan.md).
  depends_on:
  - coordinator
  is_parallelizable: true
- subtask_id: research_agent_007
  description: 'Research one R1 university economics department assigned at line 7 of /mnt/agent/output/plan.md.
    Find the official faculty directory, identify Assistant Professors with start dates in the last 2
    academic years, pull PhD-granting institution from CV, and grab Google Scholar publication counts
    + research keywords. Write up to 3 faculty rows to /mnt/agent/output/result_007.tsv. The first line
    of the file MUST be `STATUS: complete` or `STATUS: partial — [reason]`. Subsequent lines are the data
    rows; do NOT include the schema header in this file (coordinator owns the final header). Hard ceiling:
    25 sub-agent messages.'
  expected_input: /mnt/agent/output/plan.md (read line 7 for the R1 university economics department assignment
    + the shared output schema and quality criteria).
  expected_output: /mnt/agent/output/result_007.tsv (STATUS line + up to 3 faculty rows matching the schema
    defined in plan.md).
  depends_on:
  - coordinator
  is_parallelizable: true
- subtask_id: research_agent_008
  description: 'Research one R1 university economics department assigned at line 8 of /mnt/agent/output/plan.md.
    Find the official faculty directory, identify Assistant Professors with start dates in the last 2
    academic years, pull PhD-granting institution from CV, and grab Google Scholar publication counts
    + research keywords. Write up to 3 faculty rows to /mnt/agent/output/result_008.tsv. The first line
    of the file MUST be `STATUS: complete` or `STATUS: partial — [reason]`. Subsequent lines are the data
    rows; do NOT include the schema header in this file (coordinator owns the final header). Hard ceiling:
    25 sub-agent messages.'
  expected_input: /mnt/agent/output/plan.md (read line 8 for the R1 university economics department assignment
    + the shared output schema and quality criteria).
  expected_output: /mnt/agent/output/result_008.tsv (STATUS line + up to 3 faculty rows matching the schema
    defined in plan.md).
  depends_on:
  - coordinator
  is_parallelizable: true
- subtask_id: research_agent_009
  description: 'Research one R1 university economics department assigned at line 9 of /mnt/agent/output/plan.md.
    Find the official faculty directory, identify Assistant Professors with start dates in the last 2
    academic years, pull PhD-granting institution from CV, and grab Google Scholar publication counts
    + research keywords. Write up to 3 faculty rows to /mnt/agent/output/result_009.tsv. The first line
    of the file MUST be `STATUS: complete` or `STATUS: partial — [reason]`. Subsequent lines are the data
    rows; do NOT include the schema header in this file (coordinator owns the final header). Hard ceiling:
    25 sub-agent messages.'
  expected_input: /mnt/agent/output/plan.md (read line 9 for the R1 university economics department assignment
    + the shared output schema and quality criteria).
  expected_output: /mnt/agent/output/result_009.tsv (STATUS line + up to 3 faculty rows matching the schema
    defined in plan.md).
  depends_on:
  - coordinator
  is_parallelizable: true
- subtask_id: research_agent_010
  description: 'Research one R1 university economics department assigned at line 10 of /mnt/agent/output/plan.md.
    Find the official faculty directory, identify Assistant Professors with start dates in the last 2
    academic years, pull PhD-granting institution from CV, and grab Google Scholar publication counts
    + research keywords. Write up to 3 faculty rows to /mnt/agent/output/result_010.tsv. The first line
    of the file MUST be `STATUS: complete` or `STATUS: partial — [reason]`. Subsequent lines are the data
    rows; do NOT include the schema header in this file (coordinator owns the final header). Hard ceiling:
    25 sub-agent messages.'
  expected_input: /mnt/agent/output/plan.md (read line 10 for the R1 university economics department assignment
    + the shared output schema and quality criteria).
  expected_output: /mnt/agent/output/result_010.tsv (STATUS line + up to 3 faculty rows matching the schema
    defined in plan.md).
  depends_on:
  - coordinator
  is_parallelizable: true
- subtask_id: research_agent_011
  description: 'Research one R1 university economics department assigned at line 11 of /mnt/agent/output/plan.md.
    Find the official faculty directory, identify Assistant Professors with start dates in the last 2
    academic years, pull PhD-granting institution from CV, and grab Google Scholar publication counts
    + research keywords. Write up to 3 faculty rows to /mnt/agent/output/result_011.tsv. The first line
    of the file MUST be `STATUS: complete` or `STATUS: partial — [reason]`. Subsequent lines are the data
    rows; do NOT include the schema header in this file (coordinator owns the final header). Hard ceiling:
    25 sub-agent messages.'
  expected_input: /mnt/agent/output/plan.md (read line 11 for the R1 university economics department assignment
    + the shared output schema and quality criteria).
  expected_output: /mnt/agent/output/result_011.tsv (STATUS line + up to 3 faculty rows matching the schema
    defined in plan.md).
  depends_on:
  - coordinator
  is_parallelizable: true
- subtask_id: research_agent_012
  description: 'Research one R1 university economics department assigned at line 12 of /mnt/agent/output/plan.md.
    Find the official faculty directory, identify Assistant Professors with start dates in the last 2
    academic years, pull PhD-granting institution from CV, and grab Google Scholar publication counts
    + research keywords. Write up to 3 faculty rows to /mnt/agent/output/result_012.tsv. The first line
    of the file MUST be `STATUS: complete` or `STATUS: partial — [reason]`. Subsequent lines are the data
    rows; do NOT include the schema header in this file (coordinator owns the final header). Hard ceiling:
    25 sub-agent messages.'
  expected_input: /mnt/agent/output/plan.md (read line 12 for the R1 university economics department assignment
    + the shared output schema and quality criteria).
  expected_output: /mnt/agent/output/result_012.tsv (STATUS line + up to 3 faculty rows matching the schema
    defined in plan.md).
  depends_on:
  - coordinator
  is_parallelizable: true
- subtask_id: research_agent_013
  description: 'Research one R1 university economics department assigned at line 13 of /mnt/agent/output/plan.md.
    Find the official faculty directory, identify Assistant Professors with start dates in the last 2
    academic years, pull PhD-granting institution from CV, and grab Google Scholar publication counts
    + research keywords. Write up to 3 faculty rows to /mnt/agent/output/result_013.tsv. The first line
    of the file MUST be `STATUS: complete` or `STATUS: partial — [reason]`. Subsequent lines are the data
    rows; do NOT include the schema header in this file (coordinator owns the final header). Hard ceiling:
    25 sub-agent messages.'
  expected_input: /mnt/agent/output/plan.md (read line 13 for the R1 university economics department assignment
    + the shared output schema and quality criteria).
  expected_output: /mnt/agent/output/result_013.tsv (STATUS line + up to 3 faculty rows matching the schema
    defined in plan.md).
  depends_on:
  - coordinator
  is_parallelizable: true
- subtask_id: research_agent_014
  description: 'Research one R1 university economics department assigned at line 14 of /mnt/agent/output/plan.md.
    Find the official faculty directory, identify Assistant Professors with start dates in the last 2
    academic years, pull PhD-granting institution from CV, and grab Google Scholar publication counts
    + research keywords. Write up to 3 faculty rows to /mnt/agent/output/result_014.tsv. The first line
    of the file MUST be `STATUS: complete` or `STATUS: partial — [reason]`. Subsequent lines are the data
    rows; do NOT include the schema header in this file (coordinator owns the final header). Hard ceiling:
    25 sub-agent messages.'
  expected_input: /mnt/agent/output/plan.md (read line 14 for the R1 university economics department assignment
    + the shared output schema and quality criteria).
  expected_output: /mnt/agent/output/result_014.tsv (STATUS line + up to 3 faculty rows matching the schema
    defined in plan.md).
  depends_on:
  - coordinator
  is_parallelizable: true
- subtask_id: research_agent_015
  description: 'Research one R1 university economics department assigned at line 15 of /mnt/agent/output/plan.md.
    Find the official faculty directory, identify Assistant Professors with start dates in the last 2
    academic years, pull PhD-granting institution from CV, and grab Google Scholar publication counts
    + research keywords. Write up to 3 faculty rows to /mnt/agent/output/result_015.tsv. The first line
    of the file MUST be `STATUS: complete` or `STATUS: partial — [reason]`. Subsequent lines are the data
    rows; do NOT include the schema header in this file (coordinator owns the final header). Hard ceiling:
    25 sub-agent messages.'
  expected_input: /mnt/agent/output/plan.md (read line 15 for the R1 university economics department assignment
    + the shared output schema and quality criteria).
  expected_output: /mnt/agent/output/result_015.tsv (STATUS line + up to 3 faculty rows matching the schema
    defined in plan.md).
  depends_on:
  - coordinator
  is_parallelizable: true
- subtask_id: research_agent_016
  description: 'Research one R1 university economics department assigned at line 16 of /mnt/agent/output/plan.md.
    Find the official faculty directory, identify Assistant Professors with start dates in the last 2
    academic years, pull PhD-granting institution from CV, and grab Google Scholar publication counts
    + research keywords. Write up to 3 faculty rows to /mnt/agent/output/result_016.tsv. The first line
    of the file MUST be `STATUS: complete` or `STATUS: partial — [reason]`. Subsequent lines are the data
    rows; do NOT include the schema header in this file (coordinator owns the final header). Hard ceiling:
    25 sub-agent messages.'
  expected_input: /mnt/agent/output/plan.md (read line 16 for the R1 university economics department assignment
    + the shared output schema and quality criteria).
  expected_output: /mnt/agent/output/result_016.tsv (STATUS line + up to 3 faculty rows matching the schema
    defined in plan.md).
  depends_on:
  - coordinator
  is_parallelizable: true
- subtask_id: research_agent_017
  description: 'Research one R1 university economics department assigned at line 17 of /mnt/agent/output/plan.md.
    Find the official faculty directory, identify Assistant Professors with start dates in the last 2
    academic years, pull PhD-granting institution from CV, and grab Google Scholar publication counts
    + research keywords. Write up to 3 faculty rows to /mnt/agent/output/result_017.tsv. The first line
    of the file MUST be `STATUS: complete` or `STATUS: partial — [reason]`. Subsequent lines are the data
    rows; do NOT include the schema header in this file (coordinator owns the final header). Hard ceiling:
    25 sub-agent messages.'
  expected_input: /mnt/agent/output/plan.md (read line 17 for the R1 university economics department assignment
    + the shared output schema and quality criteria).
  expected_output: /mnt/agent/output/result_017.tsv (STATUS line + up to 3 faculty rows matching the schema
    defined in plan.md).
  depends_on:
  - coordinator
  is_parallelizable: true
- subtask_id: research_agent_018
  description: 'Research one R1 university economics department assigned at line 18 of /mnt/agent/output/plan.md.
    Find the official faculty directory, identify Assistant Professors with start dates in the last 2
    academic years, pull PhD-granting institution from CV, and grab Google Scholar publication counts
    + research keywords. Write up to 3 faculty rows to /mnt/agent/output/result_018.tsv. The first line
    of the file MUST be `STATUS: complete` or `STATUS: partial — [reason]`. Subsequent lines are the data
    rows; do NOT include the schema header in this file (coordinator owns the final header). Hard ceiling:
    25 sub-agent messages.'
  expected_input: /mnt/agent/output/plan.md (read line 18 for the R1 university economics department assignment
    + the shared output schema and quality criteria).
  expected_output: /mnt/agent/output/result_018.tsv (STATUS line + up to 3 faculty rows matching the schema
    defined in plan.md).
  depends_on:
  - coordinator
  is_parallelizable: true
- subtask_id: research_agent_019
  description: 'Research one R1 university economics department assigned at line 19 of /mnt/agent/output/plan.md.
    Find the official faculty directory, identify Assistant Professors with start dates in the last 2
    academic years, pull PhD-granting institution from CV, and grab Google Scholar publication counts
    + research keywords. Write up to 3 faculty rows to /mnt/agent/output/result_019.tsv. The first line
    of the file MUST be `STATUS: complete` or `STATUS: partial — [reason]`. Subsequent lines are the data
    rows; do NOT include the schema header in this file (coordinator owns the final header). Hard ceiling:
    25 sub-agent messages.'
  expected_input: /mnt/agent/output/plan.md (read line 19 for the R1 university economics department assignment
    + the shared output schema and quality criteria).
  expected_output: /mnt/agent/output/result_019.tsv (STATUS line + up to 3 faculty rows matching the schema
    defined in plan.md).
  depends_on:
  - coordinator
  is_parallelizable: true
- subtask_id: research_agent_020
  description: 'Research one R1 university economics department assigned at line 20 of /mnt/agent/output/plan.md.
    Find the official faculty directory, identify Assistant Professors with start dates in the last 2
    academic years, pull PhD-granting institution from CV, and grab Google Scholar publication counts
    + research keywords. Write up to 3 faculty rows to /mnt/agent/output/result_020.tsv. The first line
    of the file MUST be `STATUS: complete` or `STATUS: partial — [reason]`. Subsequent lines are the data
    rows; do NOT include the schema header in this file (coordinator owns the final header). Hard ceiling:
    25 sub-agent messages.'
  expected_input: /mnt/agent/output/plan.md (read line 20 for the R1 university economics department assignment
    + the shared output schema and quality criteria).
  expected_output: /mnt/agent/output/result_020.tsv (STATUS line + up to 3 faculty rows matching the schema
    defined in plan.md).
  depends_on:
  - coordinator
  is_parallelizable: true
- subtask_id: research_agent_021
  description: 'Research one R1 university economics department assigned at line 21 of /mnt/agent/output/plan.md.
    Find the official faculty directory, identify Assistant Professors with start dates in the last 2
    academic years, pull PhD-granting institution from CV, and grab Google Scholar publication counts
    + research keywords. Write up to 3 faculty rows to /mnt/agent/output/result_021.tsv. The first line
    of the file MUST be `STATUS: complete` or `STATUS: partial — [reason]`. Subsequent lines are the data
    rows; do NOT include the schema header in this file (coordinator owns the final header). Hard ceiling:
    25 sub-agent messages.'
  expected_input: /mnt/agent/output/plan.md (read line 21 for the R1 university economics department assignment
    + the shared output schema and quality criteria).
  expected_output: /mnt/agent/output/result_021.tsv (STATUS line + up to 3 faculty rows matching the schema
    defined in plan.md).
  depends_on:
  - coordinator
  is_parallelizable: true
- subtask_id: research_agent_022
  description: 'Research one R1 university economics department assigned at line 22 of /mnt/agent/output/plan.md.
    Find the official faculty directory, identify Assistant Professors with start dates in the last 2
    academic years, pull PhD-granting institution from CV, and grab Google Scholar publication counts
    + research keywords. Write up to 3 faculty rows to /mnt/agent/output/result_022.tsv. The first line
    of the file MUST be `STATUS: complete` or `STATUS: partial — [reason]`. Subsequent lines are the data
    rows; do NOT include the schema header in this file (coordinator owns the final header). Hard ceiling:
    25 sub-agent messages.'
  expected_input: /mnt/agent/output/plan.md (read line 22 for the R1 university economics department assignment
    + the shared output schema and quality criteria).
  expected_output: /mnt/agent/output/result_022.tsv (STATUS line + up to 3 faculty rows matching the schema
    defined in plan.md).
  depends_on:
  - coordinator
  is_parallelizable: true
- subtask_id: research_agent_023
  description: 'Research one R1 university economics department assigned at line 23 of /mnt/agent/output/plan.md.
    Find the official faculty directory, identify Assistant Professors with start dates in the last 2
    academic years, pull PhD-granting institution from CV, and grab Google Scholar publication counts
    + research keywords. Write up to 3 faculty rows to /mnt/agent/output/result_023.tsv. The first line
    of the file MUST be `STATUS: complete` or `STATUS: partial — [reason]`. Subsequent lines are the data
    rows; do NOT include the schema header in this file (coordinator owns the final header). Hard ceiling:
    25 sub-agent messages.'
  expected_input: /mnt/agent/output/plan.md (read line 23 for the R1 university economics department assignment
    + the shared output schema and quality criteria).
  expected_output: /mnt/agent/output/result_023.tsv (STATUS line + up to 3 faculty rows matching the schema
    defined in plan.md).
  depends_on:
  - coordinator
  is_parallelizable: true
- subtask_id: research_agent_024
  description: 'Research one R1 university economics department assigned at line 24 of /mnt/agent/output/plan.md.
    Find the official faculty directory, identify Assistant Professors with start dates in the last 2
    academic years, pull PhD-granting institution from CV, and grab Google Scholar publication counts
    + research keywords. Write up to 3 faculty rows to /mnt/agent/output/result_024.tsv. The first line
    of the file MUST be `STATUS: complete` or `STATUS: partial — [reason]`. Subsequent lines are the data
    rows; do NOT include the schema header in this file (coordinator owns the final header). Hard ceiling:
    25 sub-agent messages.'
  expected_input: /mnt/agent/output/plan.md (read line 24 for the R1 university economics department assignment
    + the shared output schema and quality criteria).
  expected_output: /mnt/agent/output/result_024.tsv (STATUS line + up to 3 faculty rows matching the schema
    defined in plan.md).
  depends_on:
  - coordinator
  is_parallelizable: true
- subtask_id: research_agent_025
  description: 'Research one R1 university economics department assigned at line 25 of /mnt/agent/output/plan.md.
    Find the official faculty directory, identify Assistant Professors with start dates in the last 2
    academic years, pull PhD-granting institution from CV, and grab Google Scholar publication counts
    + research keywords. Write up to 3 faculty rows to /mnt/agent/output/result_025.tsv. The first line
    of the file MUST be `STATUS: complete` or `STATUS: partial — [reason]`. Subsequent lines are the data
    rows; do NOT include the schema header in this file (coordinator owns the final header). Hard ceiling:
    25 sub-agent messages.'
  expected_input: /mnt/agent/output/plan.md (read line 25 for the R1 university economics department assignment
    + the shared output schema and quality criteria).
  expected_output: /mnt/agent/output/result_025.tsv (STATUS line + up to 3 faculty rows matching the schema
    defined in plan.md).
  depends_on:
  - coordinator
  is_parallelizable: true
- subtask_id: research_agent_026
  description: 'Research one R1 university economics department assigned at line 26 of /mnt/agent/output/plan.md.
    Find the official faculty directory, identify Assistant Professors with start dates in the last 2
    academic years, pull PhD-granting institution from CV, and grab Google Scholar publication counts
    + research keywords. Write up to 3 faculty rows to /mnt/agent/output/result_026.tsv. The first line
    of the file MUST be `STATUS: complete` or `STATUS: partial — [reason]`. Subsequent lines are the data
    rows; do NOT include the schema header in this file (coordinator owns the final header). Hard ceiling:
    25 sub-agent messages.'
  expected_input: /mnt/agent/output/plan.md (read line 26 for the R1 university economics department assignment
    + the shared output schema and quality criteria).
  expected_output: /mnt/agent/output/result_026.tsv (STATUS line + up to 3 faculty rows matching the schema
    defined in plan.md).
  depends_on:
  - coordinator
  is_parallelizable: true
- subtask_id: research_agent_027
  description: 'Research one R1 university economics department assigned at line 27 of /mnt/agent/output/plan.md.
    Find the official faculty directory, identify Assistant Professors with start dates in the last 2
    academic years, pull PhD-granting institution from CV, and grab Google Scholar publication counts
    + research keywords. Write up to 3 faculty rows to /mnt/agent/output/result_027.tsv. The first line
    of the file MUST be `STATUS: complete` or `STATUS: partial — [reason]`. Subsequent lines are the data
    rows; do NOT include the schema header in this file (coordinator owns the final header). Hard ceiling:
    25 sub-agent messages.'
  expected_input: /mnt/agent/output/plan.md (read line 27 for the R1 university economics department assignment
    + the shared output schema and quality criteria).
  expected_output: /mnt/agent/output/result_027.tsv (STATUS line + up to 3 faculty rows matching the schema
    defined in plan.md).
  depends_on:
  - coordinator
  is_parallelizable: true
- subtask_id: research_agent_028
  description: 'Research one R1 university economics department assigned at line 28 of /mnt/agent/output/plan.md.
    Find the official faculty directory, identify Assistant Professors with start dates in the last 2
    academic years, pull PhD-granting institution from CV, and grab Google Scholar publication counts
    + research keywords. Write up to 3 faculty rows to /mnt/agent/output/result_028.tsv. The first line
    of the file MUST be `STATUS: complete` or `STATUS: partial — [reason]`. Subsequent lines are the data
    rows; do NOT include the schema header in this file (coordinator owns the final header). Hard ceiling:
    25 sub-agent messages.'
  expected_input: /mnt/agent/output/plan.md (read line 28 for the R1 university economics department assignment
    + the shared output schema and quality criteria).
  expected_output: /mnt/agent/output/result_028.tsv (STATUS line + up to 3 faculty rows matching the schema
    defined in plan.md).
  depends_on:
  - coordinator
  is_parallelizable: true
- subtask_id: research_agent_029
  description: 'Research one R1 university economics department assigned at line 29 of /mnt/agent/output/plan.md.
    Find the official faculty directory, identify Assistant Professors with start dates in the last 2
    academic years, pull PhD-granting institution from CV, and grab Google Scholar publication counts
    + research keywords. Write up to 3 faculty rows to /mnt/agent/output/result_029.tsv. The first line
    of the file MUST be `STATUS: complete` or `STATUS: partial — [reason]`. Subsequent lines are the data
    rows; do NOT include the schema header in this file (coordinator owns the final header). Hard ceiling:
    25 sub-agent messages.'
  expected_input: /mnt/agent/output/plan.md (read line 29 for the R1 university economics department assignment
    + the shared output schema and quality criteria).
  expected_output: /mnt/agent/output/result_029.tsv (STATUS line + up to 3 faculty rows matching the schema
    defined in plan.md).
  depends_on:
  - coordinator
  is_parallelizable: true
- subtask_id: research_agent_030
  description: 'Research one R1 university economics department assigned at line 30 of /mnt/agent/output/plan.md.
    Find the official faculty directory, identify Assistant Professors with start dates in the last 2
    academic years, pull PhD-granting institution from CV, and grab Google Scholar publication counts
    + research keywords. Write up to 3 faculty rows to /mnt/agent/output/result_030.tsv. The first line
    of the file MUST be `STATUS: complete` or `STATUS: partial — [reason]`. Subsequent lines are the data
    rows; do NOT include the schema header in this file (coordinator owns the final header). Hard ceiling:
    25 sub-agent messages.'
  expected_input: /mnt/agent/output/plan.md (read line 30 for the R1 university economics department assignment
    + the shared output schema and quality criteria).
  expected_output: /mnt/agent/output/result_030.tsv (STATUS line + up to 3 faculty rows matching the schema
    defined in plan.md).
  depends_on:
  - coordinator
  is_parallelizable: true
- subtask_id: research_agent_031
  description: 'Research one R1 university economics department assigned at line 31 of /mnt/agent/output/plan.md.
    Find the official faculty directory, identify Assistant Professors with start dates in the last 2
    academic years, pull PhD-granting institution from CV, and grab Google Scholar publication counts
    + research keywords. Write up to 3 faculty rows to /mnt/agent/output/result_031.tsv. The first line
    of the file MUST be `STATUS: complete` or `STATUS: partial — [reason]`. Subsequent lines are the data
    rows; do NOT include the schema header in this file (coordinator owns the final header). Hard ceiling:
    25 sub-agent messages.'
  expected_input: /mnt/agent/output/plan.md (read line 31 for the R1 university economics department assignment
    + the shared output schema and quality criteria).
  expected_output: /mnt/agent/output/result_031.tsv (STATUS line + up to 3 faculty rows matching the schema
    defined in plan.md).
  depends_on:
  - coordinator
  is_parallelizable: true
- subtask_id: research_agent_032
  description: 'Research one R1 university economics department assigned at line 32 of /mnt/agent/output/plan.md.
    Find the official faculty directory, identify Assistant Professors with start dates in the last 2
    academic years, pull PhD-granting institution from CV, and grab Google Scholar publication counts
    + research keywords. Write up to 3 faculty rows to /mnt/agent/output/result_032.tsv. The first line
    of the file MUST be `STATUS: complete` or `STATUS: partial — [reason]`. Subsequent lines are the data
    rows; do NOT include the schema header in this file (coordinator owns the final header). Hard ceiling:
    25 sub-agent messages.'
  expected_input: /mnt/agent/output/plan.md (read line 32 for the R1 university economics department assignment
    + the shared output schema and quality criteria).
  expected_output: /mnt/agent/output/result_032.tsv (STATUS line + up to 3 faculty rows matching the schema
    defined in plan.md).
  depends_on:
  - coordinator
  is_parallelizable: true
- subtask_id: research_agent_033
  description: 'Research one R1 university economics department assigned at line 33 of /mnt/agent/output/plan.md.
    Find the official faculty directory, identify Assistant Professors with start dates in the last 2
    academic years, pull PhD-granting institution from CV, and grab Google Scholar publication counts
    + research keywords. Write up to 3 faculty rows to /mnt/agent/output/result_033.tsv. The first line
    of the file MUST be `STATUS: complete` or `STATUS: partial — [reason]`. Subsequent lines are the data
    rows; do NOT include the schema header in this file (coordinator owns the final header). Hard ceiling:
    25 sub-agent messages.'
  expected_input: /mnt/agent/output/plan.md (read line 33 for the R1 university economics department assignment
    + the shared output schema and quality criteria).
  expected_output: /mnt/agent/output/result_033.tsv (STATUS line + up to 3 faculty rows matching the schema
    defined in plan.md).
  depends_on:
  - coordinator
  is_parallelizable: true
- subtask_id: research_agent_034
  description: 'Research one R1 university economics department assigned at line 34 of /mnt/agent/output/plan.md.
    Find the official faculty directory, identify Assistant Professors with start dates in the last 2
    academic years, pull PhD-granting institution from CV, and grab Google Scholar publication counts
    + research keywords. Write up to 3 faculty rows to /mnt/agent/output/result_034.tsv. The first line
    of the file MUST be `STATUS: complete` or `STATUS: partial — [reason]`. Subsequent lines are the data
    rows; do NOT include the schema header in this file (coordinator owns the final header). Hard ceiling:
    25 sub-agent messages.'
  expected_input: /mnt/agent/output/plan.md (read line 34 for the R1 university economics department assignment
    + the shared output schema and quality criteria).
  expected_output: /mnt/agent/output/result_034.tsv (STATUS line + up to 3 faculty rows matching the schema
    defined in plan.md).
  depends_on:
  - coordinator
  is_parallelizable: true
- subtask_id: research_agent_035
  description: 'Research one R1 university economics department assigned at line 35 of /mnt/agent/output/plan.md.
    Find the official faculty directory, identify Assistant Professors with start dates in the last 2
    academic years, pull PhD-granting institution from CV, and grab Google Scholar publication counts
    + research keywords. Write up to 3 faculty rows to /mnt/agent/output/result_035.tsv. The first line
    of the file MUST be `STATUS: complete` or `STATUS: partial — [reason]`. Subsequent lines are the data
    rows; do NOT include the schema header in this file (coordinator owns the final header). Hard ceiling:
    25 sub-agent messages.'
  expected_input: /mnt/agent/output/plan.md (read line 35 for the R1 university economics department assignment
    + the shared output schema and quality criteria).
  expected_output: /mnt/agent/output/result_035.tsv (STATUS line + up to 3 faculty rows matching the schema
    defined in plan.md).
  depends_on:
  - coordinator
  is_parallelizable: true
- subtask_id: research_agent_036
  description: 'Research one R1 university economics department assigned at line 36 of /mnt/agent/output/plan.md.
    Find the official faculty directory, identify Assistant Professors with start dates in the last 2
    academic years, pull PhD-granting institution from CV, and grab Google Scholar publication counts
    + research keywords. Write up to 3 faculty rows to /mnt/agent/output/result_036.tsv. The first line
    of the file MUST be `STATUS: complete` or `STATUS: partial — [reason]`. Subsequent lines are the data
    rows; do NOT include the schema header in this file (coordinator owns the final header). Hard ceiling:
    25 sub-agent messages.'
  expected_input: /mnt/agent/output/plan.md (read line 36 for the R1 university economics department assignment
    + the shared output schema and quality criteria).
  expected_output: /mnt/agent/output/result_036.tsv (STATUS line + up to 3 faculty rows matching the schema
    defined in plan.md).
  depends_on:
  - coordinator
  is_parallelizable: true
- subtask_id: research_agent_037
  description: 'Research one R1 university economics department assigned at line 37 of /mnt/agent/output/plan.md.
    Find the official faculty directory, identify Assistant Professors with start dates in the last 2
    academic years, pull PhD-granting institution from CV, and grab Google Scholar publication counts
    + research keywords. Write up to 3 faculty rows to /mnt/agent/output/result_037.tsv. The first line
    of the file MUST be `STATUS: complete` or `STATUS: partial — [reason]`. Subsequent lines are the data
    rows; do NOT include the schema header in this file (coordinator owns the final header). Hard ceiling:
    25 sub-agent messages.'
  expected_input: /mnt/agent/output/plan.md (read line 37 for the R1 university economics department assignment
    + the shared output schema and quality criteria).
  expected_output: /mnt/agent/output/result_037.tsv (STATUS line + up to 3 faculty rows matching the schema
    defined in plan.md).
  depends_on:
  - coordinator
  is_parallelizable: true
- subtask_id: research_agent_038
  description: 'Research one R1 university economics department assigned at line 38 of /mnt/agent/output/plan.md.
    Find the official faculty directory, identify Assistant Professors with start dates in the last 2
    academic years, pull PhD-granting institution from CV, and grab Google Scholar publication counts
    + research keywords. Write up to 3 faculty rows to /mnt/agent/output/result_038.tsv. The first line
    of the file MUST be `STATUS: complete` or `STATUS: partial — [reason]`. Subsequent lines are the data
    rows; do NOT include the schema header in this file (coordinator owns the final header). Hard ceiling:
    25 sub-agent messages.'
  expected_input: /mnt/agent/output/plan.md (read line 38 for the R1 university economics department assignment
    + the shared output schema and quality criteria).
  expected_output: /mnt/agent/output/result_038.tsv (STATUS line + up to 3 faculty rows matching the schema
    defined in plan.md).
  depends_on:
  - coordinator
  is_parallelizable: true
- subtask_id: research_agent_039
  description: 'Research one R1 university economics department assigned at line 39 of /mnt/agent/output/plan.md.
    Find the official faculty directory, identify Assistant Professors with start dates in the last 2
    academic years, pull PhD-granting institution from CV, and grab Google Scholar publication counts
    + research keywords. Write up to 3 faculty rows to /mnt/agent/output/result_039.tsv. The first line
    of the file MUST be `STATUS: complete` or `STATUS: partial — [reason]`. Subsequent lines are the data
    rows; do NOT include the schema header in this file (coordinator owns the final header). Hard ceiling:
    25 sub-agent messages.'
  expected_input: /mnt/agent/output/plan.md (read line 39 for the R1 university economics department assignment
    + the shared output schema and quality criteria).
  expected_output: /mnt/agent/output/result_039.tsv (STATUS line + up to 3 faculty rows matching the schema
    defined in plan.md).
  depends_on:
  - coordinator
  is_parallelizable: true
- subtask_id: research_agent_040
  description: 'Research one R1 university economics department assigned at line 40 of /mnt/agent/output/plan.md.
    Find the official faculty directory, identify Assistant Professors with start dates in the last 2
    academic years, pull PhD-granting institution from CV, and grab Google Scholar publication counts
    + research keywords. Write up to 3 faculty rows to /mnt/agent/output/result_040.tsv. The first line
    of the file MUST be `STATUS: complete` or `STATUS: partial — [reason]`. Subsequent lines are the data
    rows; do NOT include the schema header in this file (coordinator owns the final header). Hard ceiling:
    25 sub-agent messages.'
  expected_input: /mnt/agent/output/plan.md (read line 40 for the R1 university economics department assignment
    + the shared output schema and quality criteria).
  expected_output: /mnt/agent/output/result_040.tsv (STATUS line + up to 3 faculty rows matching the schema
    defined in plan.md).
  depends_on:
  - coordinator
  is_parallelizable: true
- subtask_id: research_agent_041
  description: 'Research one R1 university economics department assigned at line 41 of /mnt/agent/output/plan.md.
    Find the official faculty directory, identify Assistant Professors with start dates in the last 2
    academic years, pull PhD-granting institution from CV, and grab Google Scholar publication counts
    + research keywords. Write up to 3 faculty rows to /mnt/agent/output/result_041.tsv. The first line
    of the file MUST be `STATUS: complete` or `STATUS: partial — [reason]`. Subsequent lines are the data
    rows; do NOT include the schema header in this file (coordinator owns the final header). Hard ceiling:
    25 sub-agent messages.'
  expected_input: /mnt/agent/output/plan.md (read line 41 for the R1 university economics department assignment
    + the shared output schema and quality criteria).
  expected_output: /mnt/agent/output/result_041.tsv (STATUS line + up to 3 faculty rows matching the schema
    defined in plan.md).
  depends_on:
  - coordinator
  is_parallelizable: true
- subtask_id: research_agent_042
  description: 'Research one R1 university economics department assigned at line 42 of /mnt/agent/output/plan.md.
    Find the official faculty directory, identify Assistant Professors with start dates in the last 2
    academic years, pull PhD-granting institution from CV, and grab Google Scholar publication counts
    + research keywords. Write up to 3 faculty rows to /mnt/agent/output/result_042.tsv. The first line
    of the file MUST be `STATUS: complete` or `STATUS: partial — [reason]`. Subsequent lines are the data
    rows; do NOT include the schema header in this file (coordinator owns the final header). Hard ceiling:
    25 sub-agent messages.'
  expected_input: /mnt/agent/output/plan.md (read line 42 for the R1 university economics department assignment
    + the shared output schema and quality criteria).
  expected_output: /mnt/agent/output/result_042.tsv (STATUS line + up to 3 faculty rows matching the schema
    defined in plan.md).
  depends_on:
  - coordinator
  is_parallelizable: true
- subtask_id: research_agent_043
  description: 'Research one R1 university economics department assigned at line 43 of /mnt/agent/output/plan.md.
    Find the official faculty directory, identify Assistant Professors with start dates in the last 2
    academic years, pull PhD-granting institution from CV, and grab Google Scholar publication counts
    + research keywords. Write up to 3 faculty rows to /mnt/agent/output/result_043.tsv. The first line
    of the file MUST be `STATUS: complete` or `STATUS: partial — [reason]`. Subsequent lines are the data
    rows; do NOT include the schema header in this file (coordinator owns the final header). Hard ceiling:
    25 sub-agent messages.'
  expected_input: /mnt/agent/output/plan.md (read line 43 for the R1 university economics department assignment
    + the shared output schema and quality criteria).
  expected_output: /mnt/agent/output/result_043.tsv (STATUS line + up to 3 faculty rows matching the schema
    defined in plan.md).
  depends_on:
  - coordinator
  is_parallelizable: true
- subtask_id: research_agent_044
  description: 'Research one R1 university economics department assigned at line 44 of /mnt/agent/output/plan.md.
    Find the official faculty directory, identify Assistant Professors with start dates in the last 2
    academic years, pull PhD-granting institution from CV, and grab Google Scholar publication counts
    + research keywords. Write up to 3 faculty rows to /mnt/agent/output/result_044.tsv. The first line
    of the file MUST be `STATUS: complete` or `STATUS: partial — [reason]`. Subsequent lines are the data
    rows; do NOT include the schema header in this file (coordinator owns the final header). Hard ceiling:
    25 sub-agent messages.'
  expected_input: /mnt/agent/output/plan.md (read line 44 for the R1 university economics department assignment
    + the shared output schema and quality criteria).
  expected_output: /mnt/agent/output/result_044.tsv (STATUS line + up to 3 faculty rows matching the schema
    defined in plan.md).
  depends_on:
  - coordinator
  is_parallelizable: true
- subtask_id: research_agent_045
  description: 'Research one R1 university economics department assigned at line 45 of /mnt/agent/output/plan.md.
    Find the official faculty directory, identify Assistant Professors with start dates in the last 2
    academic years, pull PhD-granting institution from CV, and grab Google Scholar publication counts
    + research keywords. Write up to 3 faculty rows to /mnt/agent/output/result_045.tsv. The first line
    of the file MUST be `STATUS: complete` or `STATUS: partial — [reason]`. Subsequent lines are the data
    rows; do NOT include the schema header in this file (coordinator owns the final header). Hard ceiling:
    25 sub-agent messages.'
  expected_input: /mnt/agent/output/plan.md (read line 45 for the R1 university economics department assignment
    + the shared output schema and quality criteria).
  expected_output: /mnt/agent/output/result_045.tsv (STATUS line + up to 3 faculty rows matching the schema
    defined in plan.md).
  depends_on:
  - coordinator
  is_parallelizable: true
- subtask_id: research_agent_046
  description: 'Research one R1 university economics department assigned at line 46 of /mnt/agent/output/plan.md.
    Find the official faculty directory, identify Assistant Professors with start dates in the last 2
    academic years, pull PhD-granting institution from CV, and grab Google Scholar publication counts
    + research keywords. Write up to 3 faculty rows to /mnt/agent/output/result_046.tsv. The first line
    of the file MUST be `STATUS: complete` or `STATUS: partial — [reason]`. Subsequent lines are the data
    rows; do NOT include the schema header in this file (coordinator owns the final header). Hard ceiling:
    25 sub-agent messages.'
  expected_input: /mnt/agent/output/plan.md (read line 46 for the R1 university economics department assignment
    + the shared output schema and quality criteria).
  expected_output: /mnt/agent/output/result_046.tsv (STATUS line + up to 3 faculty rows matching the schema
    defined in plan.md).
  depends_on:
  - coordinator
  is_parallelizable: true
- subtask_id: research_agent_047
  description: 'Research one R1 university economics department assigned at line 47 of /mnt/agent/output/plan.md.
    Find the official faculty directory, identify Assistant Professors with start dates in the last 2
    academic years, pull PhD-granting institution from CV, and grab Google Scholar publication counts
    + research keywords. Write up to 3 faculty rows to /mnt/agent/output/result_047.tsv. The first line
    of the file MUST be `STATUS: complete` or `STATUS: partial — [reason]`. Subsequent lines are the data
    rows; do NOT include the schema header in this file (coordinator owns the final header). Hard ceiling:
    25 sub-agent messages.'
  expected_input: /mnt/agent/output/plan.md (read line 47 for the R1 university economics department assignment
    + the shared output schema and quality criteria).
  expected_output: /mnt/agent/output/result_047.tsv (STATUS line + up to 3 faculty rows matching the schema
    defined in plan.md).
  depends_on:
  - coordinator
  is_parallelizable: true
- subtask_id: research_agent_048
  description: 'Research one R1 university economics department assigned at line 48 of /mnt/agent/output/plan.md.
    Find the official faculty directory, identify Assistant Professors with start dates in the last 2
    academic years, pull PhD-granting institution from CV, and grab Google Scholar publication counts
    + research keywords. Write up to 3 faculty rows to /mnt/agent/output/result_048.tsv. The first line
    of the file MUST be `STATUS: complete` or `STATUS: partial — [reason]`. Subsequent lines are the data
    rows; do NOT include the schema header in this file (coordinator owns the final header). Hard ceiling:
    25 sub-agent messages.'
  expected_input: /mnt/agent/output/plan.md (read line 48 for the R1 university economics department assignment
    + the shared output schema and quality criteria).
  expected_output: /mnt/agent/output/result_048.tsv (STATUS line + up to 3 faculty rows matching the schema
    defined in plan.md).
  depends_on:
  - coordinator
  is_parallelizable: true
- subtask_id: research_agent_049
  description: 'Research one R1 university economics department assigned at line 49 of /mnt/agent/output/plan.md.
    Find the official faculty directory, identify Assistant Professors with start dates in the last 2
    academic years, pull PhD-granting institution from CV, and grab Google Scholar publication counts
    + research keywords. Write up to 3 faculty rows to /mnt/agent/output/result_049.tsv. The first line
    of the file MUST be `STATUS: complete` or `STATUS: partial — [reason]`. Subsequent lines are the data
    rows; do NOT include the schema header in this file (coordinator owns the final header). Hard ceiling:
    25 sub-agent messages.'
  expected_input: /mnt/agent/output/plan.md (read line 49 for the R1 university economics department assignment
    + the shared output schema and quality criteria).
  expected_output: /mnt/agent/output/result_049.tsv (STATUS line + up to 3 faculty rows matching the schema
    defined in plan.md).
  depends_on:
  - coordinator
  is_parallelizable: true
- subtask_id: research_agent_050
  description: 'Research one R1 university economics department assigned at line 50 of /mnt/agent/output/plan.md.
    Find the official faculty directory, identify Assistant Professors with start dates in the last 2
    academic years, pull PhD-granting institution from CV, and grab Google Scholar publication counts
    + research keywords. Write up to 3 faculty rows to /mnt/agent/output/result_050.tsv. The first line
    of the file MUST be `STATUS: complete` or `STATUS: partial — [reason]`. Subsequent lines are the data
    rows; do NOT include the schema header in this file (coordinator owns the final header). Hard ceiling:
    25 sub-agent messages.'
  expected_input: /mnt/agent/output/plan.md (read line 50 for the R1 university economics department assignment
    + the shared output schema and quality criteria).
  expected_output: /mnt/agent/output/result_050.tsv (STATUS line + up to 3 faculty rows matching the schema
    defined in plan.md).
  depends_on:
  - coordinator
  is_parallelizable: true
- subtask_id: research_agent_051
  description: 'Research one R1 university economics department assigned at line 51 of /mnt/agent/output/plan.md.
    Find the official faculty directory, identify Assistant Professors with start dates in the last 2
    academic years, pull PhD-granting institution from CV, and grab Google Scholar publication counts
    + research keywords. Write up to 3 faculty rows to /mnt/agent/output/result_051.tsv. The first line
    of the file MUST be `STATUS: complete` or `STATUS: partial — [reason]`. Subsequent lines are the data
    rows; do NOT include the schema header in this file (coordinator owns the final header). Hard ceiling:
    25 sub-agent messages.'
  expected_input: /mnt/agent/output/plan.md (read line 51 for the R1 university economics department assignment
    + the shared output schema and quality criteria).
  expected_output: /mnt/agent/output/result_051.tsv (STATUS line + up to 3 faculty rows matching the schema
    defined in plan.md).
  depends_on:
  - coordinator
  is_parallelizable: true
- subtask_id: research_agent_052
  description: 'Research one R1 university economics department assigned at line 52 of /mnt/agent/output/plan.md.
    Find the official faculty directory, identify Assistant Professors with start dates in the last 2
    academic years, pull PhD-granting institution from CV, and grab Google Scholar publication counts
    + research keywords. Write up to 3 faculty rows to /mnt/agent/output/result_052.tsv. The first line
    of the file MUST be `STATUS: complete` or `STATUS: partial — [reason]`. Subsequent lines are the data
    rows; do NOT include the schema header in this file (coordinator owns the final header). Hard ceiling:
    25 sub-agent messages.'
  expected_input: /mnt/agent/output/plan.md (read line 52 for the R1 university economics department assignment
    + the shared output schema and quality criteria).
  expected_output: /mnt/agent/output/result_052.tsv (STATUS line + up to 3 faculty rows matching the schema
    defined in plan.md).
  depends_on:
  - coordinator
  is_parallelizable: true
- subtask_id: research_agent_053
  description: 'Research one R1 university economics department assigned at line 53 of /mnt/agent/output/plan.md.
    Find the official faculty directory, identify Assistant Professors with start dates in the last 2
    academic years, pull PhD-granting institution from CV, and grab Google Scholar publication counts
    + research keywords. Write up to 3 faculty rows to /mnt/agent/output/result_053.tsv. The first line
    of the file MUST be `STATUS: complete` or `STATUS: partial — [reason]`. Subsequent lines are the data
    rows; do NOT include the schema header in this file (coordinator owns the final header). Hard ceiling:
    25 sub-agent messages.'
  expected_input: /mnt/agent/output/plan.md (read line 53 for the R1 university economics department assignment
    + the shared output schema and quality criteria).
  expected_output: /mnt/agent/output/result_053.tsv (STATUS line + up to 3 faculty rows matching the schema
    defined in plan.md).
  depends_on:
  - coordinator
  is_parallelizable: true
- subtask_id: research_agent_054
  description: 'Research one R1 university economics department assigned at line 54 of /mnt/agent/output/plan.md.
    Find the official faculty directory, identify Assistant Professors with start dates in the last 2
    academic years, pull PhD-granting institution from CV, and grab Google Scholar publication counts
    + research keywords. Write up to 3 faculty rows to /mnt/agent/output/result_054.tsv. The first line
    of the file MUST be `STATUS: complete` or `STATUS: partial — [reason]`. Subsequent lines are the data
    rows; do NOT include the schema header in this file (coordinator owns the final header). Hard ceiling:
    25 sub-agent messages.'
  expected_input: /mnt/agent/output/plan.md (read line 54 for the R1 university economics department assignment
    + the shared output schema and quality criteria).
  expected_output: /mnt/agent/output/result_054.tsv (STATUS line + up to 3 faculty rows matching the schema
    defined in plan.md).
  depends_on:
  - coordinator
  is_parallelizable: true
- subtask_id: research_agent_055
  description: 'Research one R1 university economics department assigned at line 55 of /mnt/agent/output/plan.md.
    Find the official faculty directory, identify Assistant Professors with start dates in the last 2
    academic years, pull PhD-granting institution from CV, and grab Google Scholar publication counts
    + research keywords. Write up to 3 faculty rows to /mnt/agent/output/result_055.tsv. The first line
    of the file MUST be `STATUS: complete` or `STATUS: partial — [reason]`. Subsequent lines are the data
    rows; do NOT include the schema header in this file (coordinator owns the final header). Hard ceiling:
    25 sub-agent messages.'
  expected_input: /mnt/agent/output/plan.md (read line 55 for the R1 university economics department assignment
    + the shared output schema and quality criteria).
  expected_output: /mnt/agent/output/result_055.tsv (STATUS line + up to 3 faculty rows matching the schema
    defined in plan.md).
  depends_on:
  - coordinator
  is_parallelizable: true
minimum_viable_agents: 1
optimal_agents: 56
maximum_useful_agents: 66
"
"https://static.remotasks.com/uploads/69bee012be45f06904292c9a/fractional_execs_ppp6_task.yaml","https://static.remotasks.com/uploads/69bee012be45f06904292c9a/fractional_execs_ppp6_task.yaml","https://static.remotasks.com/uploads/69bee012be45f06904292c9a/fractional_execs_ppp6_gold.yaml","","","","swarm_research","map_reduce","easy","https://static.remotasks.com/uploads/69bee012be45f06904292c9a/fractional_execs_ppp6_single_run.json","","https://static.remotasks.com/uploads/69bee012be45f06904292c9a/fractional_execs_ppp6_task.yaml","61","True","### DELEGATION WORKFLOW — Fractional Exec Marketplace

**Objective:** Coordinate 60 parallel sub-agents to research 1 functional role each (e.g., RevOps, Chief of Staff) and identify the top 3 fractional leaders with public case studies. Your role as coordinator is to plan, delegate, and synthesize the final dataset. Do NOT research entities yourself — every lookup must be delegated via `llm_call`. Your coordinator messages should be <15% of total assistant tokens across the swarm.

#### Phase 1 — Create the Plan

1. Write a detailed plan file to `/mnt/agent/output/plan.md` using `str_replace_editor.create`. This plan is the single source of truth for all sub-agents. It must contain:

   **Header:** A brief task description, specifying the goal of finding 3 fractional leaders per role.

   **Assignment Table:** A numbered list of all 60 functional roles, one per line. This is the master list of assignments.
   ```
   1. [Functional Role 1] — Find top 3 fractional leaders — result file: result_001.tsv
   2. [Functional Role 2] — Find top 3 fractional leaders — result file: result_002.tsv
   ...
   60. [Functional Role 60] — Find top 3 fractional leaders — result file: result_060.tsv
   ```

   **Output Schema:** Define the EXACT TSV column headers each sub-agent must use:
   `Role`, `LeaderName`, `HourlyRate`, `TechStack`, `ClientLogos`, `CaseStudyURL`, `SourceURL`

   **Quality Criteria:** Define what constitutes a complete result. A leader entry is 'complete' if it includes at least `LeaderName`, `CaseStudyURL`, and one of `HourlyRate`, `TechStack`, or `ClientLogos`. If criteria cannot be met for 3 leaders, the sub-agent should still list what they found and mark the file as `partial`.

#### Phase 2 — Parallel Delegation

2. Launch ALL 60 sub-agent calls in a SINGLE message. This parallel execution is critical for efficiency. Your coordinator turn should only consist of these 60 `llm_call` invocations.

   Each `llm_call` must include:
   - **Assignment reference:** ""You are sub-agent N. Your task is to research the functional role listed at line N in `/mnt/agent/output/plan.md`.""
   - **Entity scope:** The specific functional role to research.
   - **Output file:** `/mnt/agent/output/result_{NNN}.tsv` (zero-padded).
   - **fork_mode:** `none` — each task is self-contained and relies on the central plan file.
   - **Research instructions:** ""Use the `browse` tool to search LinkedIn, Toptal, and personal portfolio sites. Use targeted queries like '[Role] fractional consultant case study' or 'interim [Role] Toptal'. For each of the top 3 leaders you find, extract the required data points defined in the plan's Output Schema.""
   - **Result format:** ""Write results as tab-separated rows (one row per leader) to your assigned result file. Do not include a header row. The first line of the file must be `STATUS: complete` or `STATUS: partial — [reason for partial result, e.g., 'could not find hourly rates']`.""

   CRITICAL: Issuing all `llm_call`s in the same message is mandatory for parallel execution. Sequential delegation will fail the task.

#### Phase 3 — Quality Audit & Gap Fill

3. Once all 60 sub-agents have completed, perform a quality audit:
   - Use `str_replace_editor.view` to read the first line (the `STATUS` line) of each of the 60 result files.
   - Tally the number of `complete`, `partial`, and any missing files (if a sub-agent failed).
   - For any `partial` or missing results, launch a single batch of follow-up `llm_call`s (up to 10 agents) with more specific instructions or alternative search terms to fill the gaps.
   - Limit this to ONE round of follow-ups to avoid diminishing returns.

#### Phase 4 — Assemble Final Output

4. Consolidate all individual results into the final deliverable.
   - Read all `result_*.tsv` files.
   - Create a new file `/mnt/agent/output/final.tsv`.
   - Write the header row first, as defined in the `plan.md` file: `Role`, `LeaderName`, `HourlyRate`, ...
   - Append the content from all result files, skipping the `STATUS` lines.
   - Ensure the final TSV is well-formatted and can be easily imported into a spreadsheet or Airtable.

5. Write a brief summary report in `/mnt/agent/output/summary.md`:
   - Total functional roles researched: 60
   - Total leaders identified: [count]
   - Completion rate: [count of 'complete' files] / 60
   - Summary of challenges (e.g., ""Hourly rates were difficult to find for 45% of leaders."")

#### Resource Budget
- **Phase 2 sub-agents:** 60 (one per functional role)
- **Phase 3 follow-ups:** up to 10 (for gaps/partials)
- **Sub-agent tools:** `browse`, `str_replace_editor`
- **Max messages per sub-agent:** 25
- **Coordinator critical-path target:** <15% of total swarm tokens","### DELEGATION WORKFLOW — Fractional Exec Marketplace

**Objective:** Coordinate 60 parallel sub-agents to research 1 functional role each (e.g., RevOps, Chief of Staff) and identify the top 3 fractional leaders with public case studies. Your role as coordinator is to plan, delegate, and synthesize the final dataset. Do NOT research entities yourself — every lookup must be delegated via `llm_call`. Your coordinator messages should be <15% of total assistant tokens across the swarm.

#### Phase 1 — Create the Plan

1. Write a detailed plan file to `/mnt/agent/output/plan.md` using `str_replace_editor.create`. This plan is the single source of truth for all sub-agents. It must contain:

   **Header:** A brief task description, specifying the goal of finding 3 fractional leaders per role.

   **Assignment Table:** A numbered list of all 60 functional roles, one per line. This is the master list of assignments.
   ```
   1. [Functional Role 1] — Find top 3 fractional leaders — result file: result_001.tsv
   2. [Functional Role 2] — Find top 3 fractional leaders — result file: result_002.tsv
   ...
   60. [Functional Role 60] — Find top 3 fractional leaders — result file: result_060.tsv
   ```

   **Output Schema:** Define the EXACT TSV column headers each sub-agent must use:
   `Role`, `LeaderName`, `HourlyRate`, `TechStack`, `ClientLogos`, `CaseStudyURL`, `SourceURL`

   **Quality Criteria:** Define what constitutes a complete result. A leader entry is 'complete' if it includes at least `LeaderName`, `CaseStudyURL`, and one of `HourlyRate`, `TechStack`, or `ClientLogos`. If criteria cannot be met for 3 leaders, the sub-agent should still list what they found and mark the file as `partial`.

#### Phase 2 — Parallel Delegation

2. Launch ALL 60 sub-agent calls in a SINGLE message. This parallel execution is critical for efficiency. Your coordinator turn should only consist of these 60 `llm_call` invocations.

   Each `llm_call` must include:
   - **Assignment reference:** ""You are sub-agent N. Your task is to research the functional role listed at line N in `/mnt/agent/output/plan.md`.""
   - **Entity scope:** The specific functional role to research.
   - **Output file:** `/mnt/agent/output/result_{NNN}.tsv` (zero-padded).
   - **fork_mode:** `none` — each task is self-contained and relies on the central plan file.
   - **Research instructions:** ""Use the `browse` tool to search LinkedIn, Toptal, and personal portfolio sites. Use targeted queries like '[Role] fractional consultant case study' or 'interim [Role] Toptal'. For each of the top 3 leaders you find, extract the required data points defined in the plan's Output Schema.""
   - **Result format:** ""Write results as tab-separated rows (one row per leader) to your assigned result file. Do not include a header row. The first line of the file must be `STATUS: complete` or `STATUS: partial — [reason for partial result, e.g., 'could not find hourly rates']`.""

   CRITICAL: Issuing all `llm_call`s in the same message is mandatory for parallel execution. Sequential delegation will fail the task.

#### Phase 3 — Quality Audit & Gap Fill

3. Once all 60 sub-agents have completed, perform a quality audit:
   - Use `str_replace_editor.view` to read the first line (the `STATUS` line) of each of the 60 result files.
   - Tally the number of `complete`, `partial`, and any missing files (if a sub-agent failed).
   - For any `partial` or missing results, launch a single batch of follow-up `llm_call`s (up to 10 agents) with more specific instructions or alternative search terms to fill the gaps.
   - Limit this to ONE round of follow-ups to avoid diminishing returns.

#### Phase 4 — Assemble Final Output

4. Consolidate all individual results into the final deliverable.
   - Read all `result_*.tsv` files.
   - Create a new file `/mnt/agent/output/final.tsv`.
   - Write the header row first, as defined in the `plan.md` file: `Role`, `LeaderName`, `HourlyRate`, ...
   - Append the content from all result files, skipping the `STATUS` lines.
   - Ensure the final TSV is well-formatted and can be easily imported into a spreadsheet or Airtable.

5. Write a brief summary report in `/mnt/agent/output/summary.md`:
   - Total functional roles researched: 60
   - Total leaders identified: [count]
   - Completion rate: [count of 'complete' files] / 60
   - Summary of challenges (e.g., ""Hourly rates were difficult to find for 45% of leaders."")

#### Resource Budget
- **Phase 2 sub-agents:** 60 (one per functional role)
- **Phase 3 follow-ups:** up to 10 (for gaps/partials)
- **Sub-agent tools:** `browse`, `str_replace_editor`
- **Max messages per sub-agent:** 25
- **Coordinator critical-path target:** <15% of total swarm tokens","### DELEGATION WORKFLOW — Fractional Exec Marketplace

**Objective:** Coordinate 60 parallel sub-agents to research 1 functional role each (e.g., RevOps, Chief of Staff) and identify the top 3 fractional leaders with public case studies. Your role as coordinator is to plan, delegate, and synthesize the final dataset. Do NOT research entities yourself — every lookup must be delegated via `llm_call`. Your coordinator messages should be <15% of total assistant tokens across the swarm.

#### Phase 1 — Create the Plan

1. Write a detailed plan file to `/mnt/agent/output/plan.md` using `str_replace_editor.create`. This plan is the single source of truth for all sub-agents. It must contain:

   **Header:** A brief task description, specifying the goal of finding 3 fractional leaders per role.

   **Assignment Table:** A numbered list of all 60 functional roles, one per line. This is the master list of assignments.
   ```
   1. [Functional Role 1] — Find top 3 fractional leaders — result file: result_001.tsv
   2. [Functional Role 2] — Find top 3 fractional leaders — result file: result_002.tsv
   ...
   60. [Functional Role 60] — Find top 3 fractional leaders — result file: result_060.tsv
   ```

   **Output Schema:** Define the EXACT TSV column headers each sub-agent must use:
   `Role`, `LeaderName`, `HourlyRate`, `TechStack`, `ClientLogos`, `CaseStudyURL`, `SourceURL`

   **Quality Criteria:** Define what constitutes a complete result. A leader entry is 'complete' if it includes at least `LeaderName`, `CaseStudyURL`, and one of `HourlyRate`, `TechStack`, or `ClientLogos`. If criteria cannot be met for 3 leaders, the sub-agent should still list what they found and mark the file as `partial`.

#### Phase 2 — Parallel Delegation

2. Launch ALL 60 sub-agent calls in a SINGLE message. This parallel execution is critical for efficiency. Your coordinator turn should only consist of these 60 `llm_call` invocations.

   Each `llm_call` must include:
   - **Assignment reference:** ""You are sub-agent N. Your task is to research the functional role listed at line N in `/mnt/agent/output/plan.md`.""
   - **Entity scope:** The specific functional role to research.
   - **Output file:** `/mnt/agent/output/result_{NNN}.tsv` (zero-padded).
   - **fork_mode:** `none` — each task is self-contained and relies on the central plan file.
   - **Research instructions:** ""Use the `browse` tool to search LinkedIn, Toptal, and personal portfolio sites. Use targeted queries like '[Role] fractional consultant case study' or 'interim [Role] Toptal'. For each of the top 3 leaders you find, extract the required data points defined in the plan's Output Schema.""
   - **Result format:** ""Write results as tab-separated rows (one row per leader) to your assigned result file. Do not include a header row. The first line of the file must be `STATUS: complete` or `STATUS: partial — [reason for partial result, e.g., 'could not find hourly rates']`.""

   CRITICAL: Issuing all `llm_call`s in the same message is mandatory for parallel execution. Sequential delegation will fail the task.

#### Phase 3 — Quality Audit & Gap Fill

3. Once all 60 sub-agents have completed, perform a quality audit:
   - Use `str_replace_editor.view` to read the first line (the `STATUS` line) of each of the 60 result files.
   - Tally the number of `complete`, `partial`, and any missing files (if a sub-agent failed).
   - For any `partial` or missing results, launch a single batch of follow-up `llm_call`s (up to 10 agents) with more specific instructions or alternative search terms to fill the gaps.
   - Limit this to ONE round of follow-ups to avoid diminishing returns.

#### Phase 4 — Assemble Final Output

4. Consolidate all individual results into the final deliverable.
   - Read all `result_*.tsv` files.
   - Create a new file `/mnt/agent/output/final.tsv`.
   - Write the header row first, as defined in the `plan.md` file: `Role`, `LeaderName`, `HourlyRate`, ...
   - Append the content from all result files, skipping the `STATUS` lines.
   - Ensure the final TSV is well-formatted and can be easily imported into a spreadsheet or Airtable.

5. Write a brief summary report in `/mnt/agent/output/summary.md`:
   - Total functional roles researched: 60
   - Total leaders identified: [count]
   - Completion rate: [count of 'complete' files] / 60
   - Summary of challenges (e.g., ""Hourly rates were difficult to find for 45% of leaders."")

#### Resource Budget
- **Phase 2 sub-agents:** 60 (one per functional role)
- **Phase 3 follow-ups:** up to 10 (for gaps/partials)
- **Sub-agent tools:** `browse`, `str_replace_editor`
- **Max messages per sub-agent:** 25
- **Coordinator critical-path target:** <15% of total swarm tokens","easy","en_US","{""task_yaml"": ""OK"", ""gold_yaml"": ""OK"", ""artifacts"": ""N/A"", ""rich_artifacts"": ""N/A""}","task_id: swarm__fractional_execs__ppp6
primary_decomposition:
- subtask_id: coordinator
  description: 'Coordinator role. Phase 1: write /mnt/agent/output/plan.md containing the task header,
    a numbered assignment table of 60 functional roles (one per research sub-agent), the exact output
    schema columns (Role, LeaderName, HourlyRate, TechStack, ClientLogos, CaseStudyURL, SourceURL), and
    quality criteria (complete vs. partial). Phase 2: dispatch all 60 research sub-agents in a single
    message with `fork_mode: none`, each pointing at its zero-padded result file. Phase 3: audit STATUS
    lines via `str_replace_editor.view` with a tiny `view_range`, tally complete/partial/missing, then
    launch up to 10 follow-up sub-agents in one batch (single round). Phase 4: read every complete result_NNN.tsv,
    assemble /mnt/agent/output/final.tsv with the schema header row, sort by the first schema column,
    and write /mnt/agent/output/summary.md. Coordinator messages must stay under 15% of total swarm tokens.'
  expected_input: Master task prompt for Fractional Exec Marketplace — top 3 fractional leaders for 60
    functional roles (see task.yaml `prompt`).
  expected_output: /mnt/agent/output/plan.md (plan with assignment table + schema + quality criteria);
    /mnt/agent/output/final.tsv (assembled deliverable, schema header + sorted rows); /mnt/agent/output/summary.md
    (tally of complete/partial/missing + brief notes).
  depends_on: []
  is_parallelizable: false
- subtask_id: research_agent_001
  description: 'Research one functional role assigned at line 1 of /mnt/agent/output/plan.md. Search LinkedIn,
    Toptal, and personal portfolios for active fractional leaders in the assigned role; capture hourly
    rate, tech stack, client logos, and at least one public case-study URL per leader. Write up to 3 leader
    rows to /mnt/agent/output/result_001.tsv. The first line of the file MUST be `STATUS: complete` or
    `STATUS: partial — [reason]`. Subsequent lines are the data rows; do NOT include the schema header
    in this file (coordinator owns the final header). Hard ceiling: 25 sub-agent messages.'
  expected_input: /mnt/agent/output/plan.md (read line 1 for the functional role assignment + the shared
    output schema and quality criteria).
  expected_output: /mnt/agent/output/result_001.tsv (STATUS line + up to 3 leader rows matching the schema
    defined in plan.md).
  depends_on:
  - coordinator
  is_parallelizable: true
- subtask_id: research_agent_002
  description: 'Research one functional role assigned at line 2 of /mnt/agent/output/plan.md. Search LinkedIn,
    Toptal, and personal portfolios for active fractional leaders in the assigned role; capture hourly
    rate, tech stack, client logos, and at least one public case-study URL per leader. Write up to 3 leader
    rows to /mnt/agent/output/result_002.tsv. The first line of the file MUST be `STATUS: complete` or
    `STATUS: partial — [reason]`. Subsequent lines are the data rows; do NOT include the schema header
    in this file (coordinator owns the final header). Hard ceiling: 25 sub-agent messages.'
  expected_input: /mnt/agent/output/plan.md (read line 2 for the functional role assignment + the shared
    output schema and quality criteria).
  expected_output: /mnt/agent/output/result_002.tsv (STATUS line + up to 3 leader rows matching the schema
    defined in plan.md).
  depends_on:
  - coordinator
  is_parallelizable: true
- subtask_id: research_agent_003
  description: 'Research one functional role assigned at line 3 of /mnt/agent/output/plan.md. Search LinkedIn,
    Toptal, and personal portfolios for active fractional leaders in the assigned role; capture hourly
    rate, tech stack, client logos, and at least one public case-study URL per leader. Write up to 3 leader
    rows to /mnt/agent/output/result_003.tsv. The first line of the file MUST be `STATUS: complete` or
    `STATUS: partial — [reason]`. Subsequent lines are the data rows; do NOT include the schema header
    in this file (coordinator owns the final header). Hard ceiling: 25 sub-agent messages.'
  expected_input: /mnt/agent/output/plan.md (read line 3 for the functional role assignment + the shared
    output schema and quality criteria).
  expected_output: /mnt/agent/output/result_003.tsv (STATUS line + up to 3 leader rows matching the schema
    defined in plan.md).
  depends_on:
  - coordinator
  is_parallelizable: true
- subtask_id: research_agent_004
  description: 'Research one functional role assigned at line 4 of /mnt/agent/output/plan.md. Search LinkedIn,
    Toptal, and personal portfolios for active fractional leaders in the assigned role; capture hourly
    rate, tech stack, client logos, and at least one public case-study URL per leader. Write up to 3 leader
    rows to /mnt/agent/output/result_004.tsv. The first line of the file MUST be `STATUS: complete` or
    `STATUS: partial — [reason]`. Subsequent lines are the data rows; do NOT include the schema header
    in this file (coordinator owns the final header). Hard ceiling: 25 sub-agent messages.'
  expected_input: /mnt/agent/output/plan.md (read line 4 for the functional role assignment + the shared
    output schema and quality criteria).
  expected_output: /mnt/agent/output/result_004.tsv (STATUS line + up to 3 leader rows matching the schema
    defined in plan.md).
  depends_on:
  - coordinator
  is_parallelizable: true
- subtask_id: research_agent_005
  description: 'Research one functional role assigned at line 5 of /mnt/agent/output/plan.md. Search LinkedIn,
    Toptal, and personal portfolios for active fractional leaders in the assigned role; capture hourly
    rate, tech stack, client logos, and at least one public case-study URL per leader. Write up to 3 leader
    rows to /mnt/agent/output/result_005.tsv. The first line of the file MUST be `STATUS: complete` or
    `STATUS: partial — [reason]`. Subsequent lines are the data rows; do NOT include the schema header
    in this file (coordinator owns the final header). Hard ceiling: 25 sub-agent messages.'
  expected_input: /mnt/agent/output/plan.md (read line 5 for the functional role assignment + the shared
    output schema and quality criteria).
  expected_output: /mnt/agent/output/result_005.tsv (STATUS line + up to 3 leader rows matching the schema
    defined in plan.md).
  depends_on:
  - coordinator
  is_parallelizable: true
- subtask_id: research_agent_006
  description: 'Research one functional role assigned at line 6 of /mnt/agent/output/plan.md. Search LinkedIn,
    Toptal, and personal portfolios for active fractional leaders in the assigned role; capture hourly
    rate, tech stack, client logos, and at least one public case-study URL per leader. Write up to 3 leader
    rows to /mnt/agent/output/result_006.tsv. The first line of the file MUST be `STATUS: complete` or
    `STATUS: partial — [reason]`. Subsequent lines are the data rows; do NOT include the schema header
    in this file (coordinator owns the final header). Hard ceiling: 25 sub-agent messages.'
  expected_input: /mnt/agent/output/plan.md (read line 6 for the functional role assignment + the shared
    output schema and quality criteria).
  expected_output: /mnt/agent/output/result_006.tsv (STATUS line + up to 3 leader rows matching the schema
    defined in plan.md).
  depends_on:
  - coordinator
  is_parallelizable: true
- subtask_id: research_agent_007
  description: 'Research one functional role assigned at line 7 of /mnt/agent/output/plan.md. Search LinkedIn,
    Toptal, and personal portfolios for active fractional leaders in the assigned role; capture hourly
    rate, tech stack, client logos, and at least one public case-study URL per leader. Write up to 3 leader
    rows to /mnt/agent/output/result_007.tsv. The first line of the file MUST be `STATUS: complete` or
    `STATUS: partial — [reason]`. Subsequent lines are the data rows; do NOT include the schema header
    in this file (coordinator owns the final header). Hard ceiling: 25 sub-agent messages.'
  expected_input: /mnt/agent/output/plan.md (read line 7 for the functional role assignment + the shared
    output schema and quality criteria).
  expected_output: /mnt/agent/output/result_007.tsv (STATUS line + up to 3 leader rows matching the schema
    defined in plan.md).
  depends_on:
  - coordinator
  is_parallelizable: true
- subtask_id: research_agent_008
  description: 'Research one functional role assigned at line 8 of /mnt/agent/output/plan.md. Search LinkedIn,
    Toptal, and personal portfolios for active fractional leaders in the assigned role; capture hourly
    rate, tech stack, client logos, and at least one public case-study URL per leader. Write up to 3 leader
    rows to /mnt/agent/output/result_008.tsv. The first line of the file MUST be `STATUS: complete` or
    `STATUS: partial — [reason]`. Subsequent lines are the data rows; do NOT include the schema header
    in this file (coordinator owns the final header). Hard ceiling: 25 sub-agent messages.'
  expected_input: /mnt/agent/output/plan.md (read line 8 for the functional role assignment + the shared
    output schema and quality criteria).
  expected_output: /mnt/agent/output/result_008.tsv (STATUS line + up to 3 leader rows matching the schema
    defined in plan.md).
  depends_on:
  - coordinator
  is_parallelizable: true
- subtask_id: research_agent_009
  description: 'Research one functional role assigned at line 9 of /mnt/agent/output/plan.md. Search LinkedIn,
    Toptal, and personal portfolios for active fractional leaders in the assigned role; capture hourly
    rate, tech stack, client logos, and at least one public case-study URL per leader. Write up to 3 leader
    rows to /mnt/agent/output/result_009.tsv. The first line of the file MUST be `STATUS: complete` or
    `STATUS: partial — [reason]`. Subsequent lines are the data rows; do NOT include the schema header
    in this file (coordinator owns the final header). Hard ceiling: 25 sub-agent messages.'
  expected_input: /mnt/agent/output/plan.md (read line 9 for the functional role assignment + the shared
    output schema and quality criteria).
  expected_output: /mnt/agent/output/result_009.tsv (STATUS line + up to 3 leader rows matching the schema
    defined in plan.md).
  depends_on:
  - coordinator
  is_parallelizable: true
- subtask_id: research_agent_010
  description: 'Research one functional role assigned at line 10 of /mnt/agent/output/plan.md. Search
    LinkedIn, Toptal, and personal portfolios for active fractional leaders in the assigned role; capture
    hourly rate, tech stack, client logos, and at least one public case-study URL per leader. Write up
    to 3 leader rows to /mnt/agent/output/result_010.tsv. The first line of the file MUST be `STATUS:
    complete` or `STATUS: partial — [reason]`. Subsequent lines are the data rows; do NOT include the
    schema header in this file (coordinator owns the final header). Hard ceiling: 25 sub-agent messages.'
  expected_input: /mnt/agent/output/plan.md (read line 10 for the functional role assignment + the shared
    output schema and quality criteria).
  expected_output: /mnt/agent/output/result_010.tsv (STATUS line + up to 3 leader rows matching the schema
    defined in plan.md).
  depends_on:
  - coordinator
  is_parallelizable: true
- subtask_id: research_agent_011
  description: 'Research one functional role assigned at line 11 of /mnt/agent/output/plan.md. Search
    LinkedIn, Toptal, and personal portfolios for active fractional leaders in the assigned role; capture
    hourly rate, tech stack, client logos, and at least one public case-study URL per leader. Write up
    to 3 leader rows to /mnt/agent/output/result_011.tsv. The first line of the file MUST be `STATUS:
    complete` or `STATUS: partial — [reason]`. Subsequent lines are the data rows; do NOT include the
    schema header in this file (coordinator owns the final header). Hard ceiling: 25 sub-agent messages.'
  expected_input: /mnt/agent/output/plan.md (read line 11 for the functional role assignment + the shared
    output schema and quality criteria).
  expected_output: /mnt/agent/output/result_011.tsv (STATUS line + up to 3 leader rows matching the schema
    defined in plan.md).
  depends_on:
  - coordinator
  is_parallelizable: true
- subtask_id: research_agent_012
  description: 'Research one functional role assigned at line 12 of /mnt/agent/output/plan.md. Search
    LinkedIn, Toptal, and personal portfolios for active fractional leaders in the assigned role; capture
    hourly rate, tech stack, client logos, and at least one public case-study URL per leader. Write up
    to 3 leader rows to /mnt/agent/output/result_012.tsv. The first line of the file MUST be `STATUS:
    complete` or `STATUS: partial — [reason]`. Subsequent lines are the data rows; do NOT include the
    schema header in this file (coordinator owns the final header). Hard ceiling: 25 sub-agent messages.'
  expected_input: /mnt/agent/output/plan.md (read line 12 for the functional role assignment + the shared
    output schema and quality criteria).
  expected_output: /mnt/agent/output/result_012.tsv (STATUS line + up to 3 leader rows matching the schema
    defined in plan.md).
  depends_on:
  - coordinator
  is_parallelizable: true
- subtask_id: research_agent_013
  description: 'Research one functional role assigned at line 13 of /mnt/agent/output/plan.md. Search
    LinkedIn, Toptal, and personal portfolios for active fractional leaders in the assigned role; capture
    hourly rate, tech stack, client logos, and at least one public case-study URL per leader. Write up
    to 3 leader rows to /mnt/agent/output/result_013.tsv. The first line of the file MUST be `STATUS:
    complete` or `STATUS: partial — [reason]`. Subsequent lines are the data rows; do NOT include the
    schema header in this file (coordinator owns the final header). Hard ceiling: 25 sub-agent messages.'
  expected_input: /mnt/agent/output/plan.md (read line 13 for the functional role assignment + the shared
    output schema and quality criteria).
  expected_output: /mnt/agent/output/result_013.tsv (STATUS line + up to 3 leader rows matching the schema
    defined in plan.md).
  depends_on:
  - coordinator
  is_parallelizable: true
- subtask_id: research_agent_014
  description: 'Research one functional role assigned at line 14 of /mnt/agent/output/plan.md. Search
    LinkedIn, Toptal, and personal portfolios for active fractional leaders in the assigned role; capture
    hourly rate, tech stack, client logos, and at least one public case-study URL per leader. Write up
    to 3 leader rows to /mnt/agent/output/result_014.tsv. The first line of the file MUST be `STATUS:
    complete` or `STATUS: partial — [reason]`. Subsequent lines are the data rows; do NOT include the
    schema header in this file (coordinator owns the final header). Hard ceiling: 25 sub-agent messages.'
  expected_input: /mnt/agent/output/plan.md (read line 14 for the functional role assignment + the shared
    output schema and quality criteria).
  expected_output: /mnt/agent/output/result_014.tsv (STATUS line + up to 3 leader rows matching the schema
    defined in plan.md).
  depends_on:
  - coordinator
  is_parallelizable: true
- subtask_id: research_agent_015
  description: 'Research one functional role assigned at line 15 of /mnt/agent/output/plan.md. Search
    LinkedIn, Toptal, and personal portfolios for active fractional leaders in the assigned role; capture
    hourly rate, tech stack, client logos, and at least one public case-study URL per leader. Write up
    to 3 leader rows to /mnt/agent/output/result_015.tsv. The first line of the file MUST be `STATUS:
    complete` or `STATUS: partial — [reason]`. Subsequent lines are the data rows; do NOT include the
    schema header in this file (coordinator owns the final header). Hard ceiling: 25 sub-agent messages.'
  expected_input: /mnt/agent/output/plan.md (read line 15 for the functional role assignment + the shared
    output schema and quality criteria).
  expected_output: /mnt/agent/output/result_015.tsv (STATUS line + up to 3 leader rows matching the schema
    defined in plan.md).
  depends_on:
  - coordinator
  is_parallelizable: true
- subtask_id: research_agent_016
  description: 'Research one functional role assigned at line 16 of /mnt/agent/output/plan.md. Search
    LinkedIn, Toptal, and personal portfolios for active fractional leaders in the assigned role; capture
    hourly rate, tech stack, client logos, and at least one public case-study URL per leader. Write up
    to 3 leader rows to /mnt/agent/output/result_016.tsv. The first line of the file MUST be `STATUS:
    complete` or `STATUS: partial — [reason]`. Subsequent lines are the data rows; do NOT include the
    schema header in this file (coordinator owns the final header). Hard ceiling: 25 sub-agent messages.'
  expected_input: /mnt/agent/output/plan.md (read line 16 for the functional role assignment + the shared
    output schema and quality criteria).
  expected_output: /mnt/agent/output/result_016.tsv (STATUS line + up to 3 leader rows matching the schema
    defined in plan.md).
  depends_on:
  - coordinator
  is_parallelizable: true
- subtask_id: research_agent_017
  description: 'Research one functional role assigned at line 17 of /mnt/agent/output/plan.md. Search
    LinkedIn, Toptal, and personal portfolios for active fractional leaders in the assigned role; capture
    hourly rate, tech stack, client logos, and at least one public case-study URL per leader. Write up
    to 3 leader rows to /mnt/agent/output/result_017.tsv. The first line of the file MUST be `STATUS:
    complete` or `STATUS: partial — [reason]`. Subsequent lines are the data rows; do NOT include the
    schema header in this file (coordinator owns the final header). Hard ceiling: 25 sub-agent messages.'
  expected_input: /mnt/agent/output/plan.md (read line 17 for the functional role assignment + the shared
    output schema and quality criteria).
  expected_output: /mnt/agent/output/result_017.tsv (STATUS line + up to 3 leader rows matching the schema
    defined in plan.md).
  depends_on:
  - coordinator
  is_parallelizable: true
- subtask_id: research_agent_018
  description: 'Research one functional role assigned at line 18 of /mnt/agent/output/plan.md. Search
    LinkedIn, Toptal, and personal portfolios for active fractional leaders in the assigned role; capture
    hourly rate, tech stack, client logos, and at least one public case-study URL per leader. Write up
    to 3 leader rows to /mnt/agent/output/result_018.tsv. The first line of the file MUST be `STATUS:
    complete` or `STATUS: partial — [reason]`. Subsequent lines are the data rows; do NOT include the
    schema header in this file (coordinator owns the final header). Hard ceiling: 25 sub-agent messages.'
  expected_input: /mnt/agent/output/plan.md (read line 18 for the functional role assignment + the shared
    output schema and quality criteria).
  expected_output: /mnt/agent/output/result_018.tsv (STATUS line + up to 3 leader rows matching the schema
    defined in plan.md).
  depends_on:
  - coordinator
  is_parallelizable: true
- subtask_id: research_agent_019
  description: 'Research one functional role assigned at line 19 of /mnt/agent/output/plan.md. Search
    LinkedIn, Toptal, and personal portfolios for active fractional leaders in the assigned role; capture
    hourly rate, tech stack, client logos, and at least one public case-study URL per leader. Write up
    to 3 leader rows to /mnt/agent/output/result_019.tsv. The first line of the file MUST be `STATUS:
    complete` or `STATUS: partial — [reason]`. Subsequent lines are the data rows; do NOT include the
    schema header in this file (coordinator owns the final header). Hard ceiling: 25 sub-agent messages.'
  expected_input: /mnt/agent/output/plan.md (read line 19 for the functional role assignment + the shared
    output schema and quality criteria).
  expected_output: /mnt/agent/output/result_019.tsv (STATUS line + up to 3 leader rows matching the schema
    defined in plan.md).
  depends_on:
  - coordinator
  is_parallelizable: true
- subtask_id: research_agent_020
  description: 'Research one functional role assigned at line 20 of /mnt/agent/output/plan.md. Search
    LinkedIn, Toptal, and personal portfolios for active fractional leaders in the assigned role; capture
    hourly rate, tech stack, client logos, and at least one public case-study URL per leader. Write up
    to 3 leader rows to /mnt/agent/output/result_020.tsv. The first line of the file MUST be `STATUS:
    complete` or `STATUS: partial — [reason]`. Subsequent lines are the data rows; do NOT include the
    schema header in this file (coordinator owns the final header). Hard ceiling: 25 sub-agent messages.'
  expected_input: /mnt/agent/output/plan.md (read line 20 for the functional role assignment + the shared
    output schema and quality criteria).
  expected_output: /mnt/agent/output/result_020.tsv (STATUS line + up to 3 leader rows matching the schema
    defined in plan.md).
  depends_on:
  - coordinator
  is_parallelizable: true
- subtask_id: research_agent_021
  description: 'Research one functional role assigned at line 21 of /mnt/agent/output/plan.md. Search
    LinkedIn, Toptal, and personal portfolios for active fractional leaders in the assigned role; capture
    hourly rate, tech stack, client logos, and at least one public case-study URL per leader. Write up
    to 3 leader rows to /mnt/agent/output/result_021.tsv. The first line of the file MUST be `STATUS:
    complete` or `STATUS: partial — [reason]`. Subsequent lines are the data rows; do NOT include the
    schema header in this file (coordinator owns the final header). Hard ceiling: 25 sub-agent messages.'
  expected_input: /mnt/agent/output/plan.md (read line 21 for the functional role assignment + the shared
    output schema and quality criteria).
  expected_output: /mnt/agent/output/result_021.tsv (STATUS line + up to 3 leader rows matching the schema
    defined in plan.md).
  depends_on:
  - coordinator
  is_parallelizable: true
- subtask_id: research_agent_022
  description: 'Research one functional role assigned at line 22 of /mnt/agent/output/plan.md. Search
    LinkedIn, Toptal, and personal portfolios for active fractional leaders in the assigned role; capture
    hourly rate, tech stack, client logos, and at least one public case-study URL per leader. Write up
    to 3 leader rows to /mnt/agent/output/result_022.tsv. The first line of the file MUST be `STATUS:
    complete` or `STATUS: partial — [reason]`. Subsequent lines are the data rows; do NOT include the
    schema header in this file (coordinator owns the final header). Hard ceiling: 25 sub-agent messages.'
  expected_input: /mnt/agent/output/plan.md (read line 22 for the functional role assignment + the shared
    output schema and quality criteria).
  expected_output: /mnt/agent/output/result_022.tsv (STATUS line + up to 3 leader rows matching the schema
    defined in plan.md).
  depends_on:
  - coordinator
  is_parallelizable: true
- subtask_id: research_agent_023
  description: 'Research one functional role assigned at line 23 of /mnt/agent/output/plan.md. Search
    LinkedIn, Toptal, and personal portfolios for active fractional leaders in the assigned role; capture
    hourly rate, tech stack, client logos, and at least one public case-study URL per leader. Write up
    to 3 leader rows to /mnt/agent/output/result_023.tsv. The first line of the file MUST be `STATUS:
    complete` or `STATUS: partial — [reason]`. Subsequent lines are the data rows; do NOT include the
    schema header in this file (coordinator owns the final header). Hard ceiling: 25 sub-agent messages.'
  expected_input: /mnt/agent/output/plan.md (read line 23 for the functional role assignment + the shared
    output schema and quality criteria).
  expected_output: /mnt/agent/output/result_023.tsv (STATUS line + up to 3 leader rows matching the schema
    defined in plan.md).
  depends_on:
  - coordinator
  is_parallelizable: true
- subtask_id: research_agent_024
  description: 'Research one functional role assigned at line 24 of /mnt/agent/output/plan.md. Search
    LinkedIn, Toptal, and personal portfolios for active fractional leaders in the assigned role; capture
    hourly rate, tech stack, client logos, and at least one public case-study URL per leader. Write up
    to 3 leader rows to /mnt/agent/output/result_024.tsv. The first line of the file MUST be `STATUS:
    complete` or `STATUS: partial — [reason]`. Subsequent lines are the data rows; do NOT include the
    schema header in this file (coordinator owns the final header). Hard ceiling: 25 sub-agent messages.'
  expected_input: /mnt/agent/output/plan.md (read line 24 for the functional role assignment + the shared
    output schema and quality criteria).
  expected_output: /mnt/agent/output/result_024.tsv (STATUS line + up to 3 leader rows matching the schema
    defined in plan.md).
  depends_on:
  - coordinator
  is_parallelizable: true
- subtask_id: research_agent_025
  description: 'Research one functional role assigned at line 25 of /mnt/agent/output/plan.md. Search
    LinkedIn, Toptal, and personal portfolios for active fractional leaders in the assigned role; capture
    hourly rate, tech stack, client logos, and at least one public case-study URL per leader. Write up
    to 3 leader rows to /mnt/agent/output/result_025.tsv. The first line of the file MUST be `STATUS:
    complete` or `STATUS: partial — [reason]`. Subsequent lines are the data rows; do NOT include the
    schema header in this file (coordinator owns the final header). Hard ceiling: 25 sub-agent messages.'
  expected_input: /mnt/agent/output/plan.md (read line 25 for the functional role assignment + the shared
    output schema and quality criteria).
  expected_output: /mnt/agent/output/result_025.tsv (STATUS line + up to 3 leader rows matching the schema
    defined in plan.md).
  depends_on:
  - coordinator
  is_parallelizable: true
- subtask_id: research_agent_026
  description: 'Research one functional role assigned at line 26 of /mnt/agent/output/plan.md. Search
    LinkedIn, Toptal, and personal portfolios for active fractional leaders in the assigned role; capture
    hourly rate, tech stack, client logos, and at least one public case-study URL per leader. Write up
    to 3 leader rows to /mnt/agent/output/result_026.tsv. The first line of the file MUST be `STATUS:
    complete` or `STATUS: partial — [reason]`. Subsequent lines are the data rows; do NOT include the
    schema header in this file (coordinator owns the final header). Hard ceiling: 25 sub-agent messages.'
  expected_input: /mnt/agent/output/plan.md (read line 26 for the functional role assignment + the shared
    output schema and quality criteria).
  expected_output: /mnt/agent/output/result_026.tsv (STATUS line + up to 3 leader rows matching the schema
    defined in plan.md).
  depends_on:
  - coordinator
  is_parallelizable: true
- subtask_id: research_agent_027
  description: 'Research one functional role assigned at line 27 of /mnt/agent/output/plan.md. Search
    LinkedIn, Toptal, and personal portfolios for active fractional leaders in the assigned role; capture
    hourly rate, tech stack, client logos, and at least one public case-study URL per leader. Write up
    to 3 leader rows to /mnt/agent/output/result_027.tsv. The first line of the file MUST be `STATUS:
    complete` or `STATUS: partial — [reason]`. Subsequent lines are the data rows; do NOT include the
    schema header in this file (coordinator owns the final header). Hard ceiling: 25 sub-agent messages.'
  expected_input: /mnt/agent/output/plan.md (read line 27 for the functional role assignment + the shared
    output schema and quality criteria).
  expected_output: /mnt/agent/output/result_027.tsv (STATUS line + up to 3 leader rows matching the schema
    defined in plan.md).
  depends_on:
  - coordinator
  is_parallelizable: true
- subtask_id: research_agent_028
  description: 'Research one functional role assigned at line 28 of /mnt/agent/output/plan.md. Search
    LinkedIn, Toptal, and personal portfolios for active fractional leaders in the assigned role; capture
    hourly rate, tech stack, client logos, and at least one public case-study URL per leader. Write up
    to 3 leader rows to /mnt/agent/output/result_028.tsv. The first line of the file MUST be `STATUS:
    complete` or `STATUS: partial — [reason]`. Subsequent lines are the data rows; do NOT include the
    schema header in this file (coordinator owns the final header). Hard ceiling: 25 sub-agent messages.'
  expected_input: /mnt/agent/output/plan.md (read line 28 for the functional role assignment + the shared
    output schema and quality criteria).
  expected_output: /mnt/agent/output/result_028.tsv (STATUS line + up to 3 leader rows matching the schema
    defined in plan.md).
  depends_on:
  - coordinator
  is_parallelizable: true
- subtask_id: research_agent_029
  description: 'Research one functional role assigned at line 29 of /mnt/agent/output/plan.md. Search
    LinkedIn, Toptal, and personal portfolios for active fractional leaders in the assigned role; capture
    hourly rate, tech stack, client logos, and at least one public case-study URL per leader. Write up
    to 3 leader rows to /mnt/agent/output/result_029.tsv. The first line of the file MUST be `STATUS:
    complete` or `STATUS: partial — [reason]`. Subsequent lines are the data rows; do NOT include the
    schema header in this file (coordinator owns the final header). Hard ceiling: 25 sub-agent messages.'
  expected_input: /mnt/agent/output/plan.md (read line 29 for the functional role assignment + the shared
    output schema and quality criteria).
  expected_output: /mnt/agent/output/result_029.tsv (STATUS line + up to 3 leader rows matching the schema
    defined in plan.md).
  depends_on:
  - coordinator
  is_parallelizable: true
- subtask_id: research_agent_030
  description: 'Research one functional role assigned at line 30 of /mnt/agent/output/plan.md. Search
    LinkedIn, Toptal, and personal portfolios for active fractional leaders in the assigned role; capture
    hourly rate, tech stack, client logos, and at least one public case-study URL per leader. Write up
    to 3 leader rows to /mnt/agent/output/result_030.tsv. The first line of the file MUST be `STATUS:
    complete` or `STATUS: partial — [reason]`. Subsequent lines are the data rows; do NOT include the
    schema header in this file (coordinator owns the final header). Hard ceiling: 25 sub-agent messages.'
  expected_input: /mnt/agent/output/plan.md (read line 30 for the functional role assignment + the shared
    output schema and quality criteria).
  expected_output: /mnt/agent/output/result_030.tsv (STATUS line + up to 3 leader rows matching the schema
    defined in plan.md).
  depends_on:
  - coordinator
  is_parallelizable: true
- subtask_id: research_agent_031
  description: 'Research one functional role assigned at line 31 of /mnt/agent/output/plan.md. Search
    LinkedIn, Toptal, and personal portfolios for active fractional leaders in the assigned role; capture
    hourly rate, tech stack, client logos, and at least one public case-study URL per leader. Write up
    to 3 leader rows to /mnt/agent/output/result_031.tsv. The first line of the file MUST be `STATUS:
    complete` or `STATUS: partial — [reason]`. Subsequent lines are the data rows; do NOT include the
    schema header in this file (coordinator owns the final header). Hard ceiling: 25 sub-agent messages.'
  expected_input: /mnt/agent/output/plan.md (read line 31 for the functional role assignment + the shared
    output schema and quality criteria).
  expected_output: /mnt/agent/output/result_031.tsv (STATUS line + up to 3 leader rows matching the schema
    defined in plan.md).
  depends_on:
  - coordinator
  is_parallelizable: true
- subtask_id: research_agent_032
  description: 'Research one functional role assigned at line 32 of /mnt/agent/output/plan.md. Search
    LinkedIn, Toptal, and personal portfolios for active fractional leaders in the assigned role; capture
    hourly rate, tech stack, client logos, and at least one public case-study URL per leader. Write up
    to 3 leader rows to /mnt/agent/output/result_032.tsv. The first line of the file MUST be `STATUS:
    complete` or `STATUS: partial — [reason]`. Subsequent lines are the data rows; do NOT include the
    schema header in this file (coordinator owns the final header). Hard ceiling: 25 sub-agent messages.'
  expected_input: /mnt/agent/output/plan.md (read line 32 for the functional role assignment + the shared
    output schema and quality criteria).
  expected_output: /mnt/agent/output/result_032.tsv (STATUS line + up to 3 leader rows matching the schema
    defined in plan.md).
  depends_on:
  - coordinator
  is_parallelizable: true
- subtask_id: research_agent_033
  description: 'Research one functional role assigned at line 33 of /mnt/agent/output/plan.md. Search
    LinkedIn, Toptal, and personal portfolios for active fractional leaders in the assigned role; capture
    hourly rate, tech stack, client logos, and at least one public case-study URL per leader. Write up
    to 3 leader rows to /mnt/agent/output/result_033.tsv. The first line of the file MUST be `STATUS:
    complete` or `STATUS: partial — [reason]`. Subsequent lines are the data rows; do NOT include the
    schema header in this file (coordinator owns the final header). Hard ceiling: 25 sub-agent messages.'
  expected_input: /mnt/agent/output/plan.md (read line 33 for the functional role assignment + the shared
    output schema and quality criteria).
  expected_output: /mnt/agent/output/result_033.tsv (STATUS line + up to 3 leader rows matching the schema
    defined in plan.md).
  depends_on:
  - coordinator
  is_parallelizable: true
- subtask_id: research_agent_034
  description: 'Research one functional role assigned at line 34 of /mnt/agent/output/plan.md. Search
    LinkedIn, Toptal, and personal portfolios for active fractional leaders in the assigned role; capture
    hourly rate, tech stack, client logos, and at least one public case-study URL per leader. Write up
    to 3 leader rows to /mnt/agent/output/result_034.tsv. The first line of the file MUST be `STATUS:
    complete` or `STATUS: partial — [reason]`. Subsequent lines are the data rows; do NOT include the
    schema header in this file (coordinator owns the final header). Hard ceiling: 25 sub-agent messages.'
  expected_input: /mnt/agent/output/plan.md (read line 34 for the functional role assignment + the shared
    output schema and quality criteria).
  expected_output: /mnt/agent/output/result_034.tsv (STATUS line + up to 3 leader rows matching the schema
    defined in plan.md).
  depends_on:
  - coordinator
  is_parallelizable: true
- subtask_id: research_agent_035
  description: 'Research one functional role assigned at line 35 of /mnt/agent/output/plan.md. Search
    LinkedIn, Toptal, and personal portfolios for active fractional leaders in the assigned role; capture
    hourly rate, tech stack, client logos, and at least one public case-study URL per leader. Write up
    to 3 leader rows to /mnt/agent/output/result_035.tsv. The first line of the file MUST be `STATUS:
    complete` or `STATUS: partial — [reason]`. Subsequent lines are the data rows; do NOT include the
    schema header in this file (coordinator owns the final header). Hard ceiling: 25 sub-agent messages.'
  expected_input: /mnt/agent/output/plan.md (read line 35 for the functional role assignment + the shared
    output schema and quality criteria).
  expected_output: /mnt/agent/output/result_035.tsv (STATUS line + up to 3 leader rows matching the schema
    defined in plan.md).
  depends_on:
  - coordinator
  is_parallelizable: true
- subtask_id: research_agent_036
  description: 'Research one functional role assigned at line 36 of /mnt/agent/output/plan.md. Search
    LinkedIn, Toptal, and personal portfolios for active fractional leaders in the assigned role; capture
    hourly rate, tech stack, client logos, and at least one public case-study URL per leader. Write up
    to 3 leader rows to /mnt/agent/output/result_036.tsv. The first line of the file MUST be `STATUS:
    complete` or `STATUS: partial — [reason]`. Subsequent lines are the data rows; do NOT include the
    schema header in this file (coordinator owns the final header). Hard ceiling: 25 sub-agent messages.'
  expected_input: /mnt/agent/output/plan.md (read line 36 for the functional role assignment + the shared
    output schema and quality criteria).
  expected_output: /mnt/agent/output/result_036.tsv (STATUS line + up to 3 leader rows matching the schema
    defined in plan.md).
  depends_on:
  - coordinator
  is_parallelizable: true
- subtask_id: research_agent_037
  description: 'Research one functional role assigned at line 37 of /mnt/agent/output/plan.md. Search
    LinkedIn, Toptal, and personal portfolios for active fractional leaders in the assigned role; capture
    hourly rate, tech stack, client logos, and at least one public case-study URL per leader. Write up
    to 3 leader rows to /mnt/agent/output/result_037.tsv. The first line of the file MUST be `STATUS:
    complete` or `STATUS: partial — [reason]`. Subsequent lines are the data rows; do NOT include the
    schema header in this file (coordinator owns the final header). Hard ceiling: 25 sub-agent messages.'
  expected_input: /mnt/agent/output/plan.md (read line 37 for the functional role assignment + the shared
    output schema and quality criteria).
  expected_output: /mnt/agent/output/result_037.tsv (STATUS line + up to 3 leader rows matching the schema
    defined in plan.md).
  depends_on:
  - coordinator
  is_parallelizable: true
- subtask_id: research_agent_038
  description: 'Research one functional role assigned at line 38 of /mnt/agent/output/plan.md. Search
    LinkedIn, Toptal, and personal portfolios for active fractional leaders in the assigned role; capture
    hourly rate, tech stack, client logos, and at least one public case-study URL per leader. Write up
    to 3 leader rows to /mnt/agent/output/result_038.tsv. The first line of the file MUST be `STATUS:
    complete` or `STATUS: partial — [reason]`. Subsequent lines are the data rows; do NOT include the
    schema header in this file (coordinator owns the final header). Hard ceiling: 25 sub-agent messages.'
  expected_input: /mnt/agent/output/plan.md (read line 38 for the functional role assignment + the shared
    output schema and quality criteria).
  expected_output: /mnt/agent/output/result_038.tsv (STATUS line + up to 3 leader rows matching the schema
    defined in plan.md).
  depends_on:
  - coordinator
  is_parallelizable: true
- subtask_id: research_agent_039
  description: 'Research one functional role assigned at line 39 of /mnt/agent/output/plan.md. Search
    LinkedIn, Toptal, and personal portfolios for active fractional leaders in the assigned role; capture
    hourly rate, tech stack, client logos, and at least one public case-study URL per leader. Write up
    to 3 leader rows to /mnt/agent/output/result_039.tsv. The first line of the file MUST be `STATUS:
    complete` or `STATUS: partial — [reason]`. Subsequent lines are the data rows; do NOT include the
    schema header in this file (coordinator owns the final header). Hard ceiling: 25 sub-agent messages.'
  expected_input: /mnt/agent/output/plan.md (read line 39 for the functional role assignment + the shared
    output schema and quality criteria).
  expected_output: /mnt/agent/output/result_039.tsv (STATUS line + up to 3 leader rows matching the schema
    defined in plan.md).
  depends_on:
  - coordinator
  is_parallelizable: true
- subtask_id: research_agent_040
  description: 'Research one functional role assigned at line 40 of /mnt/agent/output/plan.md. Search
    LinkedIn, Toptal, and personal portfolios for active fractional leaders in the assigned role; capture
    hourly rate, tech stack, client logos, and at least one public case-study URL per leader. Write up
    to 3 leader rows to /mnt/agent/output/result_040.tsv. The first line of the file MUST be `STATUS:
    complete` or `STATUS: partial — [reason]`. Subsequent lines are the data rows; do NOT include the
    schema header in this file (coordinator owns the final header). Hard ceiling: 25 sub-agent messages.'
  expected_input: /mnt/agent/output/plan.md (read line 40 for the functional role assignment + the shared
    output schema and quality criteria).
  expected_output: /mnt/agent/output/result_040.tsv (STATUS line + up to 3 leader rows matching the schema
    defined in plan.md).
  depends_on:
  - coordinator
  is_parallelizable: true
- subtask_id: research_agent_041
  description: 'Research one functional role assigned at line 41 of /mnt/agent/output/plan.md. Search
    LinkedIn, Toptal, and personal portfolios for active fractional leaders in the assigned role; capture
    hourly rate, tech stack, client logos, and at least one public case-study URL per leader. Write up
    to 3 leader rows to /mnt/agent/output/result_041.tsv. The first line of the file MUST be `STATUS:
    complete` or `STATUS: partial — [reason]`. Subsequent lines are the data rows; do NOT include the
    schema header in this file (coordinator owns the final header). Hard ceiling: 25 sub-agent messages.'
  expected_input: /mnt/agent/output/plan.md (read line 41 for the functional role assignment + the shared
    output schema and quality criteria).
  expected_output: /mnt/agent/output/result_041.tsv (STATUS line + up to 3 leader rows matching the schema
    defined in plan.md).
  depends_on:
  - coordinator
  is_parallelizable: true
- subtask_id: research_agent_042
  description: 'Research one functional role assigned at line 42 of /mnt/agent/output/plan.md. Search
    LinkedIn, Toptal, and personal portfolios for active fractional leaders in the assigned role; capture
    hourly rate, tech stack, client logos, and at least one public case-study URL per leader. Write up
    to 3 leader rows to /mnt/agent/output/result_042.tsv. The first line of the file MUST be `STATUS:
    complete` or `STATUS: partial — [reason]`. Subsequent lines are the data rows; do NOT include the
    schema header in this file (coordinator owns the final header). Hard ceiling: 25 sub-agent messages.'
  expected_input: /mnt/agent/output/plan.md (read line 42 for the functional role assignment + the shared
    output schema and quality criteria).
  expected_output: /mnt/agent/output/result_042.tsv (STATUS line + up to 3 leader rows matching the schema
    defined in plan.md).
  depends_on:
  - coordinator
  is_parallelizable: true
- subtask_id: research_agent_043
  description: 'Research one functional role assigned at line 43 of /mnt/agent/output/plan.md. Search
    LinkedIn, Toptal, and personal portfolios for active fractional leaders in the assigned role; capture
    hourly rate, tech stack, client logos, and at least one public case-study URL per leader. Write up
    to 3 leader rows to /mnt/agent/output/result_043.tsv. The first line of the file MUST be `STATUS:
    complete` or `STATUS: partial — [reason]`. Subsequent lines are the data rows; do NOT include the
    schema header in this file (coordinator owns the final header). Hard ceiling: 25 sub-agent messages.'
  expected_input: /mnt/agent/output/plan.md (read line 43 for the functional role assignment + the shared
    output schema and quality criteria).
  expected_output: /mnt/agent/output/result_043.tsv (STATUS line + up to 3 leader rows matching the schema
    defined in plan.md).
  depends_on:
  - coordinator
  is_parallelizable: true
- subtask_id: research_agent_044
  description: 'Research one functional role assigned at line 44 of /mnt/agent/output/plan.md. Search
    LinkedIn, Toptal, and personal portfolios for active fractional leaders in the assigned role; capture
    hourly rate, tech stack, client logos, and at least one public case-study URL per leader. Write up
    to 3 leader rows to /mnt/agent/output/result_044.tsv. The first line of the file MUST be `STATUS:
    complete` or `STATUS: partial — [reason]`. Subsequent lines are the data rows; do NOT include the
    schema header in this file (coordinator owns the final header). Hard ceiling: 25 sub-agent messages.'
  expected_input: /mnt/agent/output/plan.md (read line 44 for the functional role assignment + the shared
    output schema and quality criteria).
  expected_output: /mnt/agent/output/result_044.tsv (STATUS line + up to 3 leader rows matching the schema
    defined in plan.md).
  depends_on:
  - coordinator
  is_parallelizable: true
- subtask_id: research_agent_045
  description: 'Research one functional role assigned at line 45 of /mnt/agent/output/plan.md. Search
    LinkedIn, Toptal, and personal portfolios for active fractional leaders in the assigned role; capture
    hourly rate, tech stack, client logos, and at least one public case-study URL per leader. Write up
    to 3 leader rows to /mnt/agent/output/result_045.tsv. The first line of the file MUST be `STATUS:
    complete` or `STATUS: partial — [reason]`. Subsequent lines are the data rows; do NOT include the
    schema header in this file (coordinator owns the final header). Hard ceiling: 25 sub-agent messages.'
  expected_input: /mnt/agent/output/plan.md (read line 45 for the functional role assignment + the shared
    output schema and quality criteria).
  expected_output: /mnt/agent/output/result_045.tsv (STATUS line + up to 3 leader rows matching the schema
    defined in plan.md).
  depends_on:
  - coordinator
  is_parallelizable: true
- subtask_id: research_agent_046
  description: 'Research one functional role assigned at line 46 of /mnt/agent/output/plan.md. Search
    LinkedIn, Toptal, and personal portfolios for active fractional leaders in the assigned role; capture
    hourly rate, tech stack, client logos, and at least one public case-study URL per leader. Write up
    to 3 leader rows to /mnt/agent/output/result_046.tsv. The first line of the file MUST be `STATUS:
    complete` or `STATUS: partial — [reason]`. Subsequent lines are the data rows; do NOT include the
    schema header in this file (coordinator owns the final header). Hard ceiling: 25 sub-agent messages.'
  expected_input: /mnt/agent/output/plan.md (read line 46 for the functional role assignment + the shared
    output schema and quality criteria).
  expected_output: /mnt/agent/output/result_046.tsv (STATUS line + up to 3 leader rows matching the schema
    defined in plan.md).
  depends_on:
  - coordinator
  is_parallelizable: true
- subtask_id: research_agent_047
  description: 'Research one functional role assigned at line 47 of /mnt/agent/output/plan.md. Search
    LinkedIn, Toptal, and personal portfolios for active fractional leaders in the assigned role; capture
    hourly rate, tech stack, client logos, and at least one public case-study URL per leader. Write up
    to 3 leader rows to /mnt/agent/output/result_047.tsv. The first line of the file MUST be `STATUS:
    complete` or `STATUS: partial — [reason]`. Subsequent lines are the data rows; do NOT include the
    schema header in this file (coordinator owns the final header). Hard ceiling: 25 sub-agent messages.'
  expected_input: /mnt/agent/output/plan.md (read line 47 for the functional role assignment + the shared
    output schema and quality criteria).
  expected_output: /mnt/agent/output/result_047.tsv (STATUS line + up to 3 leader rows matching the schema
    defined in plan.md).
  depends_on:
  - coordinator
  is_parallelizable: true
- subtask_id: research_agent_048
  description: 'Research one functional role assigned at line 48 of /mnt/agent/output/plan.md. Search
    LinkedIn, Toptal, and personal portfolios for active fractional leaders in the assigned role; capture
    hourly rate, tech stack, client logos, and at least one public case-study URL per leader. Write up
    to 3 leader rows to /mnt/agent/output/result_048.tsv. The first line of the file MUST be `STATUS:
    complete` or `STATUS: partial — [reason]`. Subsequent lines are the data rows; do NOT include the
    schema header in this file (coordinator owns the final header). Hard ceiling: 25 sub-agent messages.'
  expected_input: /mnt/agent/output/plan.md (read line 48 for the functional role assignment + the shared
    output schema and quality criteria).
  expected_output: /mnt/agent/output/result_048.tsv (STATUS line + up to 3 leader rows matching the schema
    defined in plan.md).
  depends_on:
  - coordinator
  is_parallelizable: true
- subtask_id: research_agent_049
  description: 'Research one functional role assigned at line 49 of /mnt/agent/output/plan.md. Search
    LinkedIn, Toptal, and personal portfolios for active fractional leaders in the assigned role; capture
    hourly rate, tech stack, client logos, and at least one public case-study URL per leader. Write up
    to 3 leader rows to /mnt/agent/output/result_049.tsv. The first line of the file MUST be `STATUS:
    complete` or `STATUS: partial — [reason]`. Subsequent lines are the data rows; do NOT include the
    schema header in this file (coordinator owns the final header). Hard ceiling: 25 sub-agent messages.'
  expected_input: /mnt/agent/output/plan.md (read line 49 for the functional role assignment + the shared
    output schema and quality criteria).
  expected_output: /mnt/agent/output/result_049.tsv (STATUS line + up to 3 leader rows matching the schema
    defined in plan.md).
  depends_on:
  - coordinator
  is_parallelizable: true
- subtask_id: research_agent_050
  description: 'Research one functional role assigned at line 50 of /mnt/agent/output/plan.md. Search
    LinkedIn, Toptal, and personal portfolios for active fractional leaders in the assigned role; capture
    hourly rate, tech stack, client logos, and at least one public case-study URL per leader. Write up
    to 3 leader rows to /mnt/agent/output/result_050.tsv. The first line of the file MUST be `STATUS:
    complete` or `STATUS: partial — [reason]`. Subsequent lines are the data rows; do NOT include the
    schema header in this file (coordinator owns the final header). Hard ceiling: 25 sub-agent messages.'
  expected_input: /mnt/agent/output/plan.md (read line 50 for the functional role assignment + the shared
    output schema and quality criteria).
  expected_output: /mnt/agent/output/result_050.tsv (STATUS line + up to 3 leader rows matching the schema
    defined in plan.md).
  depends_on:
  - coordinator
  is_parallelizable: true
- subtask_id: research_agent_051
  description: 'Research one functional role assigned at line 51 of /mnt/agent/output/plan.md. Search
    LinkedIn, Toptal, and personal portfolios for active fractional leaders in the assigned role; capture
    hourly rate, tech stack, client logos, and at least one public case-study URL per leader. Write up
    to 3 leader rows to /mnt/agent/output/result_051.tsv. The first line of the file MUST be `STATUS:
    complete` or `STATUS: partial — [reason]`. Subsequent lines are the data rows; do NOT include the
    schema header in this file (coordinator owns the final header). Hard ceiling: 25 sub-agent messages.'
  expected_input: /mnt/agent/output/plan.md (read line 51 for the functional role assignment + the shared
    output schema and quality criteria).
  expected_output: /mnt/agent/output/result_051.tsv (STATUS line + up to 3 leader rows matching the schema
    defined in plan.md).
  depends_on:
  - coordinator
  is_parallelizable: true
- subtask_id: research_agent_052
  description: 'Research one functional role assigned at line 52 of /mnt/agent/output/plan.md. Search
    LinkedIn, Toptal, and personal portfolios for active fractional leaders in the assigned role; capture
    hourly rate, tech stack, client logos, and at least one public case-study URL per leader. Write up
    to 3 leader rows to /mnt/agent/output/result_052.tsv. The first line of the file MUST be `STATUS:
    complete` or `STATUS: partial — [reason]`. Subsequent lines are the data rows; do NOT include the
    schema header in this file (coordinator owns the final header). Hard ceiling: 25 sub-agent messages.'
  expected_input: /mnt/agent/output/plan.md (read line 52 for the functional role assignment + the shared
    output schema and quality criteria).
  expected_output: /mnt/agent/output/result_052.tsv (STATUS line + up to 3 leader rows matching the schema
    defined in plan.md).
  depends_on:
  - coordinator
  is_parallelizable: true
- subtask_id: research_agent_053
  description: 'Research one functional role assigned at line 53 of /mnt/agent/output/plan.md. Search
    LinkedIn, Toptal, and personal portfolios for active fractional leaders in the assigned role; capture
    hourly rate, tech stack, client logos, and at least one public case-study URL per leader. Write up
    to 3 leader rows to /mnt/agent/output/result_053.tsv. The first line of the file MUST be `STATUS:
    complete` or `STATUS: partial — [reason]`. Subsequent lines are the data rows; do NOT include the
    schema header in this file (coordinator owns the final header). Hard ceiling: 25 sub-agent messages.'
  expected_input: /mnt/agent/output/plan.md (read line 53 for the functional role assignment + the shared
    output schema and quality criteria).
  expected_output: /mnt/agent/output/result_053.tsv (STATUS line + up to 3 leader rows matching the schema
    defined in plan.md).
  depends_on:
  - coordinator
  is_parallelizable: true
- subtask_id: research_agent_054
  description: 'Research one functional role assigned at line 54 of /mnt/agent/output/plan.md. Search
    LinkedIn, Toptal, and personal portfolios for active fractional leaders in the assigned role; capture
    hourly rate, tech stack, client logos, and at least one public case-study URL per leader. Write up
    to 3 leader rows to /mnt/agent/output/result_054.tsv. The first line of the file MUST be `STATUS:
    complete` or `STATUS: partial — [reason]`. Subsequent lines are the data rows; do NOT include the
    schema header in this file (coordinator owns the final header). Hard ceiling: 25 sub-agent messages.'
  expected_input: /mnt/agent/output/plan.md (read line 54 for the functional role assignment + the shared
    output schema and quality criteria).
  expected_output: /mnt/agent/output/result_054.tsv (STATUS line + up to 3 leader rows matching the schema
    defined in plan.md).
  depends_on:
  - coordinator
  is_parallelizable: true
- subtask_id: research_agent_055
  description: 'Research one functional role assigned at line 55 of /mnt/agent/output/plan.md. Search
    LinkedIn, Toptal, and personal portfolios for active fractional leaders in the assigned role; capture
    hourly rate, tech stack, client logos, and at least one public case-study URL per leader. Write up
    to 3 leader rows to /mnt/agent/output/result_055.tsv. The first line of the file MUST be `STATUS:
    complete` or `STATUS: partial — [reason]`. Subsequent lines are the data rows; do NOT include the
    schema header in this file (coordinator owns the final header). Hard ceiling: 25 sub-agent messages.'
  expected_input: /mnt/agent/output/plan.md (read line 55 for the functional role assignment + the shared
    output schema and quality criteria).
  expected_output: /mnt/agent/output/result_055.tsv (STATUS line + up to 3 leader rows matching the schema
    defined in plan.md).
  depends_on:
  - coordinator
  is_parallelizable: true
- subtask_id: research_agent_056
  description: 'Research one functional role assigned at line 56 of /mnt/agent/output/plan.md. Search
    LinkedIn, Toptal, and personal portfolios for active fractional leaders in the assigned role; capture
    hourly rate, tech stack, client logos, and at least one public case-study URL per leader. Write up
    to 3 leader rows to /mnt/agent/output/result_056.tsv. The first line of the file MUST be `STATUS:
    complete` or `STATUS: partial — [reason]`. Subsequent lines are the data rows; do NOT include the
    schema header in this file (coordinator owns the final header). Hard ceiling: 25 sub-agent messages.'
  expected_input: /mnt/agent/output/plan.md (read line 56 for the functional role assignment + the shared
    output schema and quality criteria).
  expected_output: /mnt/agent/output/result_056.tsv (STATUS line + up to 3 leader rows matching the schema
    defined in plan.md).
  depends_on:
  - coordinator
  is_parallelizable: true
- subtask_id: research_agent_057
  description: 'Research one functional role assigned at line 57 of /mnt/agent/output/plan.md. Search
    LinkedIn, Toptal, and personal portfolios for active fractional leaders in the assigned role; capture
    hourly rate, tech stack, client logos, and at least one public case-study URL per leader. Write up
    to 3 leader rows to /mnt/agent/output/result_057.tsv. The first line of the file MUST be `STATUS:
    complete` or `STATUS: partial — [reason]`. Subsequent lines are the data rows; do NOT include the
    schema header in this file (coordinator owns the final header). Hard ceiling: 25 sub-agent messages.'
  expected_input: /mnt/agent/output/plan.md (read line 57 for the functional role assignment + the shared
    output schema and quality criteria).
  expected_output: /mnt/agent/output/result_057.tsv (STATUS line + up to 3 leader rows matching the schema
    defined in plan.md).
  depends_on:
  - coordinator
  is_parallelizable: true
- subtask_id: research_agent_058
  description: 'Research one functional role assigned at line 58 of /mnt/agent/output/plan.md. Search
    LinkedIn, Toptal, and personal portfolios for active fractional leaders in the assigned role; capture
    hourly rate, tech stack, client logos, and at least one public case-study URL per leader. Write up
    to 3 leader rows to /mnt/agent/output/result_058.tsv. The first line of the file MUST be `STATUS:
    complete` or `STATUS: partial — [reason]`. Subsequent lines are the data rows; do NOT include the
    schema header in this file (coordinator owns the final header). Hard ceiling: 25 sub-agent messages.'
  expected_input: /mnt/agent/output/plan.md (read line 58 for the functional role assignment + the shared
    output schema and quality criteria).
  expected_output: /mnt/agent/output/result_058.tsv (STATUS line + up to 3 leader rows matching the schema
    defined in plan.md).
  depends_on:
  - coordinator
  is_parallelizable: true
- subtask_id: research_agent_059
  description: 'Research one functional role assigned at line 59 of /mnt/agent/output/plan.md. Search
    LinkedIn, Toptal, and personal portfolios for active fractional leaders in the assigned role; capture
    hourly rate, tech stack, client logos, and at least one public case-study URL per leader. Write up
    to 3 leader rows to /mnt/agent/output/result_059.tsv. The first line of the file MUST be `STATUS:
    complete` or `STATUS: partial — [reason]`. Subsequent lines are the data rows; do NOT include the
    schema header in this file (coordinator owns the final header). Hard ceiling: 25 sub-agent messages.'
  expected_input: /mnt/agent/output/plan.md (read line 59 for the functional role assignment + the shared
    output schema and quality criteria).
  expected_output: /mnt/agent/output/result_059.tsv (STATUS line + up to 3 leader rows matching the schema
    defined in plan.md).
  depends_on:
  - coordinator
  is_parallelizable: true
- subtask_id: research_agent_060
  description: 'Research one functional role assigned at line 60 of /mnt/agent/output/plan.md. Search
    LinkedIn, Toptal, and personal portfolios for active fractional leaders in the assigned role; capture
    hourly rate, tech stack, client logos, and at least one public case-study URL per leader. Write up
    to 3 leader rows to /mnt/agent/output/result_060.tsv. The first line of the file MUST be `STATUS:
    complete` or `STATUS: partial — [reason]`. Subsequent lines are the data rows; do NOT include the
    schema header in this file (coordinator owns the final header). Hard ceiling: 25 sub-agent messages.'
  expected_input: /mnt/agent/output/plan.md (read line 60 for the functional role assignment + the shared
    output schema and quality criteria).
  expected_output: /mnt/agent/output/result_060.tsv (STATUS line + up to 3 leader rows matching the schema
    defined in plan.md).
  depends_on:
  - coordinator
  is_parallelizable: true
minimum_viable_agents: 1
optimal_agents: 61
maximum_useful_agents: 71
"
"https://static.remotasks.com/uploads/69bee012be45f06904292c9a/micro_pe_rollups_ppp7_task.yaml","https://static.remotasks.com/uploads/69bee012be45f06904292c9a/micro_pe_rollups_ppp7_task.yaml","https://static.remotasks.com/uploads/69bee012be45f06904292c9a/micro_pe_rollups_ppp7_gold.yaml","","","","swarm_research","map_reduce","easy","https://static.remotasks.com/uploads/69bee012be45f06904292c9a/micro_pe_rollups_ppp7_single_run.json","","https://static.remotasks.com/uploads/69bee012be45f06904292c9a/micro_pe_rollups_ppp7_task.yaml","76","True","### DELEGATION WORKFLOW — Micro-PE Rollup Targets

**Objective:** Coordinate 75 parallel sub-agents to research one “boring” business niche each (e.g., HVAC, elevator repair, car wash). Each sub-agent will identify the top 3 potential acquisition targets within their assigned niche that meet specific financial and demographic criteria ($1M-$5M EBITDA, owner age 55+). The final output will be a collection of CIM-style teaser decks for each identified company. Your role as coordinator is to plan, delegate, audit, and synthesize. Do NOT perform any research yourself; all data gathering must be delegated via `llm_call`. Your coordinator messages must constitute less than 15% of the total swarm token usage.

#### Phase 1 — Create the Plan

1.  Write a detailed plan to `/mnt/agent/output/plan.md` using `str_replace_editor.create`. This file is the single source of truth for all sub-agents. It must contain:

    **Header:** A brief overview of the task, its objective, and a description of the final deliverable.

    **Assignment Table:** A numbered list of all 75 business niches, one per line. This list defines the scope for each sub-agent.
    ```
    1. HVAC Services — find 3 companies — result file: result_001.md
    2. Commercial Elevator Repair — find 3 companies — result file: result_002.md
    ...
    75. Self-Storage Facilities — find 3 companies — result file: result_075.md
    ```

    **Output Schema:** A detailed markdown template for the CIM-style teaser deck. Each sub-agent must use this exact structure for each of the 3 companies they find. The schema must include sections for Company Overview, Financial Snapshot (with estimated EBITDA), Ownership Profile (with estimated owner age), Investment Rationale, and a list of Source URLs.

    **Quality Criteria:** Define what constitutes a `complete` vs. `partial` result. A complete result must include all sections of the teaser deck for 3 companies, with credible estimates for EBITDA and owner age, supported by evidence from the specified data sources (state business registries, BuiltWith, local news, industry-specific directories).

#### Phase 2 — Parallel Delegation

2.  Launch ALL 75 sub-agent calls in a SINGLE message. This parallel execution is critical for efficiency. Your single coordinator turn will spawn a massive research effort.

    Each `llm_call` must specify:
    *   **Assignment reference:** ""You are sub-agent N. Your task is defined in `/mnt/agent/output/plan.md` on line N of the Assignment Table.""
    *   **Entity scope:** The specific business niche to research (e.g., ""HVAC Services"").
    *   **Output file:** The designated result file, e.g., `/mnt/agent/output/result_{NNN}.md` (zero-padded).
    *   **fork_mode:** `none`. Each task is self-contained and guided by the central plan file.
    *   **Research instructions:** Instruct the sub-agent to use the `browse` tool to query sources like state business registries, company database tools like BuiltWith or Apollo.io, and local business news articles. Queries should be specific, such as ""[niche] companies in [state/region] owner retiring"" or ""[company name] executive team age"". The goal is to find companies fitting the $1M-$5M EBITDA and 55+ owner age criteria.
    *   **Result format:** Write the three teaser decks into the assigned result file using the exact markdown schema from the plan. The very first line of the file must be `STATUS: complete` or `STATUS: partial — [reason for incompleteness]`. For each company, all fields must be populated.

#### Phase 3 — Quality Audit & Gap Fill

3.  Once the sub-agents have completed their work, perform a quality audit. Do not read the full content of every file initially.
    *   Use `str_replace_editor.view` with a small `view_range` (e.g., lines 1-2) to read the `STATUS` line of all 75 result files.
    *   Tally the number of `complete`, `partial`, and missing files.
    *   For any `partial` or missing results, launch a targeted follow-up wave of `llm_call`s (again, in a single message) to address the gaps. Provide these agents with more specific instructions or alternative search strategies.
    *   Fully review 3-5 `complete` files to ensure the output format is correct and the quality of research is high.

#### Phase 4 — Assemble Final Output

4.  Consolidate the individual results into a comprehensive final report.
    *   Read the content of all `complete` result files.
    *   Assemble them into a single document: `/mnt/agent/output/final_report.md`.
    *   Generate a Table of Contents at the beginning of the report, linking to each business niche section.
    *   Ensure consistent formatting and headers throughout the document.

5.  Write a brief executive summary at the top of the final report, including:
    *   Total niches researched: 75
    *   Total target companies identified: [count]
    *   Completion rate: [count of complete results] / 75
    *   Date of research.

This final, consolidated document is the deliverable for the task.

#### Resource Budget
*   **Phase 2 sub-agents:** 75 (one per business niche)
*   **Phase 3 follow-ups:** up to 15 (for gaps/partials)
*   **Sub-agent tools:** browse, str_replace_editor
*   **Max messages per sub-agent:** 25
*   **Coordinator critical-path target:** <15% of total swarm tokens","### DELEGATION WORKFLOW — Micro-PE Rollup Targets

**Objective:** Coordinate 75 parallel sub-agents to research one “boring” business niche each (e.g., HVAC, elevator repair, car wash). Each sub-agent will identify the top 3 potential acquisition targets within their assigned niche that meet specific financial and demographic criteria ($1M-$5M EBITDA, owner age 55+). The final output will be a collection of CIM-style teaser decks for each identified company. Your role as coordinator is to plan, delegate, audit, and synthesize. Do NOT perform any research yourself; all data gathering must be delegated via `llm_call`. Your coordinator messages must constitute less than 15% of the total swarm token usage.

#### Phase 1 — Create the Plan

1.  Write a detailed plan to `/mnt/agent/output/plan.md` using `str_replace_editor.create`. This file is the single source of truth for all sub-agents. It must contain:

    **Header:** A brief overview of the task, its objective, and a description of the final deliverable.

    **Assignment Table:** A numbered list of all 75 business niches, one per line. This list defines the scope for each sub-agent.
    ```
    1. HVAC Services — find 3 companies — result file: result_001.md
    2. Commercial Elevator Repair — find 3 companies — result file: result_002.md
    ...
    75. Self-Storage Facilities — find 3 companies — result file: result_075.md
    ```

    **Output Schema:** A detailed markdown template for the CIM-style teaser deck. Each sub-agent must use this exact structure for each of the 3 companies they find. The schema must include sections for Company Overview, Financial Snapshot (with estimated EBITDA), Ownership Profile (with estimated owner age), Investment Rationale, and a list of Source URLs.

    **Quality Criteria:** Define what constitutes a `complete` vs. `partial` result. A complete result must include all sections of the teaser deck for 3 companies, with credible estimates for EBITDA and owner age, supported by evidence from the specified data sources (state business registries, BuiltWith, local news, industry-specific directories).

#### Phase 2 — Parallel Delegation

2.  Launch ALL 75 sub-agent calls in a SINGLE message. This parallel execution is critical for efficiency. Your single coordinator turn will spawn a massive research effort.

    Each `llm_call` must specify:
    *   **Assignment reference:** ""You are sub-agent N. Your task is defined in `/mnt/agent/output/plan.md` on line N of the Assignment Table.""
    *   **Entity scope:** The specific business niche to research (e.g., ""HVAC Services"").
    *   **Output file:** The designated result file, e.g., `/mnt/agent/output/result_{NNN}.md` (zero-padded).
    *   **fork_mode:** `none`. Each task is self-contained and guided by the central plan file.
    *   **Research instructions:** Instruct the sub-agent to use the `browse` tool to query sources like state business registries, company database tools like BuiltWith or Apollo.io, and local business news articles. Queries should be specific, such as ""[niche] companies in [state/region] owner retiring"" or ""[company name] executive team age"". The goal is to find companies fitting the $1M-$5M EBITDA and 55+ owner age criteria.
    *   **Result format:** Write the three teaser decks into the assigned result file using the exact markdown schema from the plan. The very first line of the file must be `STATUS: complete` or `STATUS: partial — [reason for incompleteness]`. For each company, all fields must be populated.

#### Phase 3 — Quality Audit & Gap Fill

3.  Once the sub-agents have completed their work, perform a quality audit. Do not read the full content of every file initially.
    *   Use `str_replace_editor.view` with a small `view_range` (e.g., lines 1-2) to read the `STATUS` line of all 75 result files.
    *   Tally the number of `complete`, `partial`, and missing files.
    *   For any `partial` or missing results, launch a targeted follow-up wave of `llm_call`s (again, in a single message) to address the gaps. Provide these agents with more specific instructions or alternative search strategies.
    *   Fully review 3-5 `complete` files to ensure the output format is correct and the quality of research is high.

#### Phase 4 — Assemble Final Output

4.  Consolidate the individual results into a comprehensive final report.
    *   Read the content of all `complete` result files.
    *   Assemble them into a single document: `/mnt/agent/output/final_report.md`.
    *   Generate a Table of Contents at the beginning of the report, linking to each business niche section.
    *   Ensure consistent formatting and headers throughout the document.

5.  Write a brief executive summary at the top of the final report, including:
    *   Total niches researched: 75
    *   Total target companies identified: [count]
    *   Completion rate: [count of complete results] / 75
    *   Date of research.

This final, consolidated document is the deliverable for the task.

#### Resource Budget
*   **Phase 2 sub-agents:** 75 (one per business niche)
*   **Phase 3 follow-ups:** up to 15 (for gaps/partials)
*   **Sub-agent tools:** browse, str_replace_editor
*   **Max messages per sub-agent:** 25
*   **Coordinator critical-path target:** <15% of total swarm tokens","### DELEGATION WORKFLOW — Micro-PE Rollup Targets

**Objective:** Coordinate 75 parallel sub-agents to research one “boring” business niche each (e.g., HVAC, elevator repair, car wash). Each sub-agent will identify the top 3 potential acquisition targets within their assigned niche that meet specific financial and demographic criteria ($1M-$5M EBITDA, owner age 55+). The final output will be a collection of CIM-style teaser decks for each identified company. Your role as coordinator is to plan, delegate, audit, and synthesize. Do NOT perform any research yourself; all data gathering must be delegated via `llm_call`. Your coordinator messages must constitute less than 15% of the total swarm token usage.

#### Phase 1 — Create the Plan

1.  Write a detailed plan to `/mnt/agent/output/plan.md` using `str_replace_editor.create`. This file is the single source of truth for all sub-agents. It must contain:

    **Header:** A brief overview of the task, its objective, and a description of the final deliverable.

    **Assignment Table:** A numbered list of all 75 business niches, one per line. This list defines the scope for each sub-agent.
    ```
    1. HVAC Services — find 3 companies — result file: result_001.md
    2. Commercial Elevator Repair — find 3 companies — result file: result_002.md
    ...
    75. Self-Storage Facilities — find 3 companies — result file: result_075.md
    ```

    **Output Schema:** A detailed markdown template for the CIM-style teaser deck. Each sub-agent must use this exact structure for each of the 3 companies they find. The schema must include sections for Company Overview, Financial Snapshot (with estimated EBITDA), Ownership Profile (with estimated owner age), Investment Rationale, and a list of Source URLs.

    **Quality Criteria:** Define what constitutes a `complete` vs. `partial` result. A complete result must include all sections of the teaser deck for 3 companies, with credible estimates for EBITDA and owner age, supported by evidence from the specified data sources (state business registries, BuiltWith, local news, industry-specific directories).

#### Phase 2 — Parallel Delegation

2.  Launch ALL 75 sub-agent calls in a SINGLE message. This parallel execution is critical for efficiency. Your single coordinator turn will spawn a massive research effort.

    Each `llm_call` must specify:
    *   **Assignment reference:** ""You are sub-agent N. Your task is defined in `/mnt/agent/output/plan.md` on line N of the Assignment Table.""
    *   **Entity scope:** The specific business niche to research (e.g., ""HVAC Services"").
    *   **Output file:** The designated result file, e.g., `/mnt/agent/output/result_{NNN}.md` (zero-padded).
    *   **fork_mode:** `none`. Each task is self-contained and guided by the central plan file.
    *   **Research instructions:** Instruct the sub-agent to use the `browse` tool to query sources like state business registries, company database tools like BuiltWith or Apollo.io, and local business news articles. Queries should be specific, such as ""[niche] companies in [state/region] owner retiring"" or ""[company name] executive team age"". The goal is to find companies fitting the $1M-$5M EBITDA and 55+ owner age criteria.
    *   **Result format:** Write the three teaser decks into the assigned result file using the exact markdown schema from the plan. The very first line of the file must be `STATUS: complete` or `STATUS: partial — [reason for incompleteness]`. For each company, all fields must be populated.

#### Phase 3 — Quality Audit & Gap Fill

3.  Once the sub-agents have completed their work, perform a quality audit. Do not read the full content of every file initially.
    *   Use `str_replace_editor.view` with a small `view_range` (e.g., lines 1-2) to read the `STATUS` line of all 75 result files.
    *   Tally the number of `complete`, `partial`, and missing files.
    *   For any `partial` or missing results, launch a targeted follow-up wave of `llm_call`s (again, in a single message) to address the gaps. Provide these agents with more specific instructions or alternative search strategies.
    *   Fully review 3-5 `complete` files to ensure the output format is correct and the quality of research is high.

#### Phase 4 — Assemble Final Output

4.  Consolidate the individual results into a comprehensive final report.
    *   Read the content of all `complete` result files.
    *   Assemble them into a single document: `/mnt/agent/output/final_report.md`.
    *   Generate a Table of Contents at the beginning of the report, linking to each business niche section.
    *   Ensure consistent formatting and headers throughout the document.

5.  Write a brief executive summary at the top of the final report, including:
    *   Total niches researched: 75
    *   Total target companies identified: [count]
    *   Completion rate: [count of complete results] / 75
    *   Date of research.

This final, consolidated document is the deliverable for the task.

#### Resource Budget
*   **Phase 2 sub-agents:** 75 (one per business niche)
*   **Phase 3 follow-ups:** up to 15 (for gaps/partials)
*   **Sub-agent tools:** browse, str_replace_editor
*   **Max messages per sub-agent:** 25
*   **Coordinator critical-path target:** <15% of total swarm tokens","easy","en_US","{""task_yaml"": ""OK"", ""gold_yaml"": ""OK"", ""artifacts"": ""N/A"", ""rich_artifacts"": ""N/A""}","task_id: swarm__micro_pe_rollups__ppp7
primary_decomposition:
- subtask_id: coordinator
  description: 'Coordinator role. Phase 1: write /mnt/agent/output/plan.md containing the task header,
    a numbered assignment table of 75 business niches (one per research sub-agent), the exact output schema
    columns (CompanyOverview, FinancialSnapshot, OwnershipProfile, InvestmentRationale, SourceURLs), and
    quality criteria (complete vs. partial). Phase 2: dispatch all 75 research sub-agents in a single
    message with `fork_mode: none`, each pointing at its zero-padded result file. Phase 3: audit STATUS
    lines via `str_replace_editor.view` with a tiny `view_range`, tally complete/partial/missing, then
    launch up to 15 follow-up sub-agents in one batch (single round). Phase 4: read every complete result_NNN.md,
    assemble /mnt/agent/output/final_report.md with the schema header row, sort by the first schema column,
    and write /mnt/agent/output/summary.md. Coordinator messages must stay under 15% of total swarm tokens.'
  expected_input: Master task prompt for Micro-PE Rollup Targets — top 3 acquisition candidates across
    75 niches (see task.yaml `prompt`).
  expected_output: /mnt/agent/output/plan.md (plan with assignment table + schema + quality criteria);
    /mnt/agent/output/final_report.md (assembled deliverable, schema header + sorted rows); /mnt/agent/output/summary.md
    (tally of complete/partial/missing + brief notes).
  depends_on: []
  is_parallelizable: false
- subtask_id: research_agent_001
  description: 'Research one business niche assigned at line 1 of /mnt/agent/output/plan.md. Use state
    business registries, BuiltWith / Apollo, and local news to find owner-operated SMBs in the niche with
    $1M-$5M EBITDA and an owner 55+; write a CIM-style teaser deck per company with overview, financial
    snapshot, ownership profile, investment rationale, and sources. Write 3 CIM-style teaser decks (one
    per candidate company) to /mnt/agent/output/result_001.md. The first line of the file MUST be `STATUS:
    complete` or `STATUS: partial — [reason]`. Subsequent lines are the data rows; do NOT include the
    schema header in this file (coordinator owns the final header). Hard ceiling: 25 sub-agent messages.'
  expected_input: /mnt/agent/output/plan.md (read line 1 for the business niche assignment + the shared
    output schema and quality criteria).
  expected_output: /mnt/agent/output/result_001.md (STATUS line + 3 CIM-style teaser decks (one per candidate
    company) matching the schema defined in plan.md).
  depends_on:
  - coordinator
  is_parallelizable: true
- subtask_id: research_agent_002
  description: 'Research one business niche assigned at line 2 of /mnt/agent/output/plan.md. Use state
    business registries, BuiltWith / Apollo, and local news to find owner-operated SMBs in the niche with
    $1M-$5M EBITDA and an owner 55+; write a CIM-style teaser deck per company with overview, financial
    snapshot, ownership profile, investment rationale, and sources. Write 3 CIM-style teaser decks (one
    per candidate company) to /mnt/agent/output/result_002.md. The first line of the file MUST be `STATUS:
    complete` or `STATUS: partial — [reason]`. Subsequent lines are the data rows; do NOT include the
    schema header in this file (coordinator owns the final header). Hard ceiling: 25 sub-agent messages.'
  expected_input: /mnt/agent/output/plan.md (read line 2 for the business niche assignment + the shared
    output schema and quality criteria).
  expected_output: /mnt/agent/output/result_002.md (STATUS line + 3 CIM-style teaser decks (one per candidate
    company) matching the schema defined in plan.md).
  depends_on:
  - coordinator
  is_parallelizable: true
- subtask_id: research_agent_003
  description: 'Research one business niche assigned at line 3 of /mnt/agent/output/plan.md. Use state
    business registries, BuiltWith / Apollo, and local news to find owner-operated SMBs in the niche with
    $1M-$5M EBITDA and an owner 55+; write a CIM-style teaser deck per company with overview, financial
    snapshot, ownership profile, investment rationale, and sources. Write 3 CIM-style teaser decks (one
    per candidate company) to /mnt/agent/output/result_003.md. The first line of the file MUST be `STATUS:
    complete` or `STATUS: partial — [reason]`. Subsequent lines are the data rows; do NOT include the
    schema header in this file (coordinator owns the final header). Hard ceiling: 25 sub-agent messages.'
  expected_input: /mnt/agent/output/plan.md (read line 3 for the business niche assignment + the shared
    output schema and quality criteria).
  expected_output: /mnt/agent/output/result_003.md (STATUS line + 3 CIM-style teaser decks (one per candidate
    company) matching the schema defined in plan.md).
  depends_on:
  - coordinator
  is_parallelizable: true
- subtask_id: research_agent_004
  description: 'Research one business niche assigned at line 4 of /mnt/agent/output/plan.md. Use state
    business registries, BuiltWith / Apollo, and local news to find owner-operated SMBs in the niche with
    $1M-$5M EBITDA and an owner 55+; write a CIM-style teaser deck per company with overview, financial
    snapshot, ownership profile, investment rationale, and sources. Write 3 CIM-style teaser decks (one
    per candidate company) to /mnt/agent/output/result_004.md. The first line of the file MUST be `STATUS:
    complete` or `STATUS: partial — [reason]`. Subsequent lines are the data rows; do NOT include the
    schema header in this file (coordinator owns the final header). Hard ceiling: 25 sub-agent messages.'
  expected_input: /mnt/agent/output/plan.md (read line 4 for the business niche assignment + the shared
    output schema and quality criteria).
  expected_output: /mnt/agent/output/result_004.md (STATUS line + 3 CIM-style teaser decks (one per candidate
    company) matching the schema defined in plan.md).
  depends_on:
  - coordinator
  is_parallelizable: true
- subtask_id: research_agent_005
  description: 'Research one business niche assigned at line 5 of /mnt/agent/output/plan.md. Use state
    business registries, BuiltWith / Apollo, and local news to find owner-operated SMBs in the niche with
    $1M-$5M EBITDA and an owner 55+; write a CIM-style teaser deck per company with overview, financial
    snapshot, ownership profile, investment rationale, and sources. Write 3 CIM-style teaser decks (one
    per candidate company) to /mnt/agent/output/result_005.md. The first line of the file MUST be `STATUS:
    complete` or `STATUS: partial — [reason]`. Subsequent lines are the data rows; do NOT include the
    schema header in this file (coordinator owns the final header). Hard ceiling: 25 sub-agent messages.'
  expected_input: /mnt/agent/output/plan.md (read line 5 for the business niche assignment + the shared
    output schema and quality criteria).
  expected_output: /mnt/agent/output/result_005.md (STATUS line + 3 CIM-style teaser decks (one per candidate
    company) matching the schema defined in plan.md).
  depends_on:
  - coordinator
  is_parallelizable: true
- subtask_id: research_agent_006
  description: 'Research one business niche assigned at line 6 of /mnt/agent/output/plan.md. Use state
    business registries, BuiltWith / Apollo, and local news to find owner-operated SMBs in the niche with
    $1M-$5M EBITDA and an owner 55+; write a CIM-style teaser deck per company with overview, financial
    snapshot, ownership profile, investment rationale, and sources. Write 3 CIM-style teaser decks (one
    per candidate company) to /mnt/agent/output/result_006.md. The first line of the file MUST be `STATUS:
    complete` or `STATUS: partial — [reason]`. Subsequent lines are the data rows; do NOT include the
    schema header in this file (coordinator owns the final header). Hard ceiling: 25 sub-agent messages.'
  expected_input: /mnt/agent/output/plan.md (read line 6 for the business niche assignment + the shared
    output schema and quality criteria).
  expected_output: /mnt/agent/output/result_006.md (STATUS line + 3 CIM-style teaser decks (one per candidate
    company) matching the schema defined in plan.md).
  depends_on:
  - coordinator
  is_parallelizable: true
- subtask_id: research_agent_007
  description: 'Research one business niche assigned at line 7 of /mnt/agent/output/plan.md. Use state
    business registries, BuiltWith / Apollo, and local news to find owner-operated SMBs in the niche with
    $1M-$5M EBITDA and an owner 55+; write a CIM-style teaser deck per company with overview, financial
    snapshot, ownership profile, investment rationale, and sources. Write 3 CIM-style teaser decks (one
    per candidate company) to /mnt/agent/output/result_007.md. The first line of the file MUST be `STATUS:
    complete` or `STATUS: partial — [reason]`. Subsequent lines are the data rows; do NOT include the
    schema header in this file (coordinator owns the final header). Hard ceiling: 25 sub-agent messages.'
  expected_input: /mnt/agent/output/plan.md (read line 7 for the business niche assignment + the shared
    output schema and quality criteria).
  expected_output: /mnt/agent/output/result_007.md (STATUS line + 3 CIM-style teaser decks (one per candidate
    company) matching the schema defined in plan.md).
  depends_on:
  - coordinator
  is_parallelizable: true
- subtask_id: research_agent_008
  description: 'Research one business niche assigned at line 8 of /mnt/agent/output/plan.md. Use state
    business registries, BuiltWith / Apollo, and local news to find owner-operated SMBs in the niche with
    $1M-$5M EBITDA and an owner 55+; write a CIM-style teaser deck per company with overview, financial
    snapshot, ownership profile, investment rationale, and sources. Write 3 CIM-style teaser decks (one
    per candidate company) to /mnt/agent/output/result_008.md. The first line of the file MUST be `STATUS:
    complete` or `STATUS: partial — [reason]`. Subsequent lines are the data rows; do NOT include the
    schema header in this file (coordinator owns the final header). Hard ceiling: 25 sub-agent messages.'
  expected_input: /mnt/agent/output/plan.md (read line 8 for the business niche assignment + the shared
    output schema and quality criteria).
  expected_output: /mnt/agent/output/result_008.md (STATUS line + 3 CIM-style teaser decks (one per candidate
    company) matching the schema defined in plan.md).
  depends_on:
  - coordinator
  is_parallelizable: true
- subtask_id: research_agent_009
  description: 'Research one business niche assigned at line 9 of /mnt/agent/output/plan.md. Use state
    business registries, BuiltWith / Apollo, and local news to find owner-operated SMBs in the niche with
    $1M-$5M EBITDA and an owner 55+; write a CIM-style teaser deck per company with overview, financial
    snapshot, ownership profile, investment rationale, and sources. Write 3 CIM-style teaser decks (one
    per candidate company) to /mnt/agent/output/result_009.md. The first line of the file MUST be `STATUS:
    complete` or `STATUS: partial — [reason]`. Subsequent lines are the data rows; do NOT include the
    schema header in this file (coordinator owns the final header). Hard ceiling: 25 sub-agent messages.'
  expected_input: /mnt/agent/output/plan.md (read line 9 for the business niche assignment + the shared
    output schema and quality criteria).
  expected_output: /mnt/agent/output/result_009.md (STATUS line + 3 CIM-style teaser decks (one per candidate
    company) matching the schema defined in plan.md).
  depends_on:
  - coordinator
  is_parallelizable: true
- subtask_id: research_agent_010
  description: 'Research one business niche assigned at line 10 of /mnt/agent/output/plan.md. Use state
    business registries, BuiltWith / Apollo, and local news to find owner-operated SMBs in the niche with
    $1M-$5M EBITDA and an owner 55+; write a CIM-style teaser deck per company with overview, financial
    snapshot, ownership profile, investment rationale, and sources. Write 3 CIM-style teaser decks (one
    per candidate company) to /mnt/agent/output/result_010.md. The first line of the file MUST be `STATUS:
    complete` or `STATUS: partial — [reason]`. Subsequent lines are the data rows; do NOT include the
    schema header in this file (coordinator owns the final header). Hard ceiling: 25 sub-agent messages.'
  expected_input: /mnt/agent/output/plan.md (read line 10 for the business niche assignment + the shared
    output schema and quality criteria).
  expected_output: /mnt/agent/output/result_010.md (STATUS line + 3 CIM-style teaser decks (one per candidate
    company) matching the schema defined in plan.md).
  depends_on:
  - coordinator
  is_parallelizable: true
- subtask_id: research_agent_011
  description: 'Research one business niche assigned at line 11 of /mnt/agent/output/plan.md. Use state
    business registries, BuiltWith / Apollo, and local news to find owner-operated SMBs in the niche with
    $1M-$5M EBITDA and an owner 55+; write a CIM-style teaser deck per company with overview, financial
    snapshot, ownership profile, investment rationale, and sources. Write 3 CIM-style teaser decks (one
    per candidate company) to /mnt/agent/output/result_011.md. The first line of the file MUST be `STATUS:
    complete` or `STATUS: partial — [reason]`. Subsequent lines are the data rows; do NOT include the
    schema header in this file (coordinator owns the final header). Hard ceiling: 25 sub-agent messages.'
  expected_input: /mnt/agent/output/plan.md (read line 11 for the business niche assignment + the shared
    output schema and quality criteria).
  expected_output: /mnt/agent/output/result_011.md (STATUS line + 3 CIM-style teaser decks (one per candidate
    company) matching the schema defined in plan.md).
  depends_on:
  - coordinator
  is_parallelizable: true
- subtask_id: research_agent_012
  description: 'Research one business niche assigned at line 12 of /mnt/agent/output/plan.md. Use state
    business registries, BuiltWith / Apollo, and local news to find owner-operated SMBs in the niche with
    $1M-$5M EBITDA and an owner 55+; write a CIM-style teaser deck per company with overview, financial
    snapshot, ownership profile, investment rationale, and sources. Write 3 CIM-style teaser decks (one
    per candidate company) to /mnt/agent/output/result_012.md. The first line of the file MUST be `STATUS:
    complete` or `STATUS: partial — [reason]`. Subsequent lines are the data rows; do NOT include the
    schema header in this file (coordinator owns the final header). Hard ceiling: 25 sub-agent messages.'
  expected_input: /mnt/agent/output/plan.md (read line 12 for the business niche assignment + the shared
    output schema and quality criteria).
  expected_output: /mnt/agent/output/result_012.md (STATUS line + 3 CIM-style teaser decks (one per candidate
    company) matching the schema defined in plan.md).
  depends_on:
  - coordinator
  is_parallelizable: true
- subtask_id: research_agent_013
  description: 'Research one business niche assigned at line 13 of /mnt/agent/output/plan.md. Use state
    business registries, BuiltWith / Apollo, and local news to find owner-operated SMBs in the niche with
    $1M-$5M EBITDA and an owner 55+; write a CIM-style teaser deck per company with overview, financial
    snapshot, ownership profile, investment rationale, and sources. Write 3 CIM-style teaser decks (one
    per candidate company) to /mnt/agent/output/result_013.md. The first line of the file MUST be `STATUS:
    complete` or `STATUS: partial — [reason]`. Subsequent lines are the data rows; do NOT include the
    schema header in this file (coordinator owns the final header). Hard ceiling: 25 sub-agent messages.'
  expected_input: /mnt/agent/output/plan.md (read line 13 for the business niche assignment + the shared
    output schema and quality criteria).
  expected_output: /mnt/agent/output/result_013.md (STATUS line + 3 CIM-style teaser decks (one per candidate
    company) matching the schema defined in plan.md).
  depends_on:
  - coordinator
  is_parallelizable: true
- subtask_id: research_agent_014
  description: 'Research one business niche assigned at line 14 of /mnt/agent/output/plan.md. Use state
    business registries, BuiltWith / Apollo, and local news to find owner-operated SMBs in the niche with
    $1M-$5M EBITDA and an owner 55+; write a CIM-style teaser deck per company with overview, financial
    snapshot, ownership profile, investment rationale, and sources. Write 3 CIM-style teaser decks (one
    per candidate company) to /mnt/agent/output/result_014.md. The first line of the file MUST be `STATUS:
    complete` or `STATUS: partial — [reason]`. Subsequent lines are the data rows; do NOT include the
    schema header in this file (coordinator owns the final header). Hard ceiling: 25 sub-agent messages.'
  expected_input: /mnt/agent/output/plan.md (read line 14 for the business niche assignment + the shared
    output schema and quality criteria).
  expected_output: /mnt/agent/output/result_014.md (STATUS line + 3 CIM-style teaser decks (one per candidate
    company) matching the schema defined in plan.md).
  depends_on:
  - coordinator
  is_parallelizable: true
- subtask_id: research_agent_015
  description: 'Research one business niche assigned at line 15 of /mnt/agent/output/plan.md. Use state
    business registries, BuiltWith / Apollo, and local news to find owner-operated SMBs in the niche with
    $1M-$5M EBITDA and an owner 55+; write a CIM-style teaser deck per company with overview, financial
    snapshot, ownership profile, investment rationale, and sources. Write 3 CIM-style teaser decks (one
    per candidate company) to /mnt/agent/output/result_015.md. The first line of the file MUST be `STATUS:
    complete` or `STATUS: partial — [reason]`. Subsequent lines are the data rows; do NOT include the
    schema header in this file (coordinator owns the final header). Hard ceiling: 25 sub-agent messages.'
  expected_input: /mnt/agent/output/plan.md (read line 15 for the business niche assignment + the shared
    output schema and quality criteria).
  expected_output: /mnt/agent/output/result_015.md (STATUS line + 3 CIM-style teaser decks (one per candidate
    company) matching the schema defined in plan.md).
  depends_on:
  - coordinator
  is_parallelizable: true
- subtask_id: research_agent_016
  description: 'Research one business niche assigned at line 16 of /mnt/agent/output/plan.md. Use state
    business registries, BuiltWith / Apollo, and local news to find owner-operated SMBs in the niche with
    $1M-$5M EBITDA and an owner 55+; write a CIM-style teaser deck per company with overview, financial
    snapshot, ownership profile, investment rationale, and sources. Write 3 CIM-style teaser decks (one
    per candidate company) to /mnt/agent/output/result_016.md. The first line of the file MUST be `STATUS:
    complete` or `STATUS: partial — [reason]`. Subsequent lines are the data rows; do NOT include the
    schema header in this file (coordinator owns the final header). Hard ceiling: 25 sub-agent messages.'
  expected_input: /mnt/agent/output/plan.md (read line 16 for the business niche assignment + the shared
    output schema and quality criteria).
  expected_output: /mnt/agent/output/result_016.md (STATUS line + 3 CIM-style teaser decks (one per candidate
    company) matching the schema defined in plan.md).
  depends_on:
  - coordinator
  is_parallelizable: true
- subtask_id: research_agent_017
  description: 'Research one business niche assigned at line 17 of /mnt/agent/output/plan.md. Use state
    business registries, BuiltWith / Apollo, and local news to find owner-operated SMBs in the niche with
    $1M-$5M EBITDA and an owner 55+; write a CIM-style teaser deck per company with overview, financial
    snapshot, ownership profile, investment rationale, and sources. Write 3 CIM-style teaser decks (one
    per candidate company) to /mnt/agent/output/result_017.md. The first line of the file MUST be `STATUS:
    complete` or `STATUS: partial — [reason]`. Subsequent lines are the data rows; do NOT include the
    schema header in this file (coordinator owns the final header). Hard ceiling: 25 sub-agent messages.'
  expected_input: /mnt/agent/output/plan.md (read line 17 for the business niche assignment + the shared
    output schema and quality criteria).
  expected_output: /mnt/agent/output/result_017.md (STATUS line + 3 CIM-style teaser decks (one per candidate
    company) matching the schema defined in plan.md).
  depends_on:
  - coordinator
  is_parallelizable: true
- subtask_id: research_agent_018
  description: 'Research one business niche assigned at line 18 of /mnt/agent/output/plan.md. Use state
    business registries, BuiltWith / Apollo, and local news to find owner-operated SMBs in the niche with
    $1M-$5M EBITDA and an owner 55+; write a CIM-style teaser deck per company with overview, financial
    snapshot, ownership profile, investment rationale, and sources. Write 3 CIM-style teaser decks (one
    per candidate company) to /mnt/agent/output/result_018.md. The first line of the file MUST be `STATUS:
    complete` or `STATUS: partial — [reason]`. Subsequent lines are the data rows; do NOT include the
    schema header in this file (coordinator owns the final header). Hard ceiling: 25 sub-agent messages.'
  expected_input: /mnt/agent/output/plan.md (read line 18 for the business niche assignment + the shared
    output schema and quality criteria).
  expected_output: /mnt/agent/output/result_018.md (STATUS line + 3 CIM-style teaser decks (one per candidate
    company) matching the schema defined in plan.md).
  depends_on:
  - coordinator
  is_parallelizable: true
- subtask_id: research_agent_019
  description: 'Research one business niche assigned at line 19 of /mnt/agent/output/plan.md. Use state
    business registries, BuiltWith / Apollo, and local news to find owner-operated SMBs in the niche with
    $1M-$5M EBITDA and an owner 55+; write a CIM-style teaser deck per company with overview, financial
    snapshot, ownership profile, investment rationale, and sources. Write 3 CIM-style teaser decks (one
    per candidate company) to /mnt/agent/output/result_019.md. The first line of the file MUST be `STATUS:
    complete` or `STATUS: partial — [reason]`. Subsequent lines are the data rows; do NOT include the
    schema header in this file (coordinator owns the final header). Hard ceiling: 25 sub-agent messages.'
  expected_input: /mnt/agent/output/plan.md (read line 19 for the business niche assignment + the shared
    output schema and quality criteria).
  expected_output: /mnt/agent/output/result_019.md (STATUS line + 3 CIM-style teaser decks (one per candidate
    company) matching the schema defined in plan.md).
  depends_on:
  - coordinator
  is_parallelizable: true
- subtask_id: research_agent_020
  description: 'Research one business niche assigned at line 20 of /mnt/agent/output/plan.md. Use state
    business registries, BuiltWith / Apollo, and local news to find owner-operated SMBs in the niche with
    $1M-$5M EBITDA and an owner 55+; write a CIM-style teaser deck per company with overview, financial
    snapshot, ownership profile, investment rationale, and sources. Write 3 CIM-style teaser decks (one
    per candidate company) to /mnt/agent/output/result_020.md. The first line of the file MUST be `STATUS:
    complete` or `STATUS: partial — [reason]`. Subsequent lines are the data rows; do NOT include the
    schema header in this file (coordinator owns the final header). Hard ceiling: 25 sub-agent messages.'
  expected_input: /mnt/agent/output/plan.md (read line 20 for the business niche assignment + the shared
    output schema and quality criteria).
  expected_output: /mnt/agent/output/result_020.md (STATUS line + 3 CIM-style teaser decks (one per candidate
    company) matching the schema defined in plan.md).
  depends_on:
  - coordinator
  is_parallelizable: true
- subtask_id: research_agent_021
  description: 'Research one business niche assigned at line 21 of /mnt/agent/output/plan.md. Use state
    business registries, BuiltWith / Apollo, and local news to find owner-operated SMBs in the niche with
    $1M-$5M EBITDA and an owner 55+; write a CIM-style teaser deck per company with overview, financial
    snapshot, ownership profile, investment rationale, and sources. Write 3 CIM-style teaser decks (one
    per candidate company) to /mnt/agent/output/result_021.md. The first line of the file MUST be `STATUS:
    complete` or `STATUS: partial — [reason]`. Subsequent lines are the data rows; do NOT include the
    schema header in this file (coordinator owns the final header). Hard ceiling: 25 sub-agent messages.'
  expected_input: /mnt/agent/output/plan.md (read line 21 for the business niche assignment + the shared
    output schema and quality criteria).
  expected_output: /mnt/agent/output/result_021.md (STATUS line + 3 CIM-style teaser decks (one per candidate
    company) matching the schema defined in plan.md).
  depends_on:
  - coordinator
  is_parallelizable: true
- subtask_id: research_agent_022
  description: 'Research one business niche assigned at line 22 of /mnt/agent/output/plan.md. Use state
    business registries, BuiltWith / Apollo, and local news to find owner-operated SMBs in the niche with
    $1M-$5M EBITDA and an owner 55+; write a CIM-style teaser deck per company with overview, financial
    snapshot, ownership profile, investment rationale, and sources. Write 3 CIM-style teaser decks (one
    per candidate company) to /mnt/agent/output/result_022.md. The first line of the file MUST be `STATUS:
    complete` or `STATUS: partial — [reason]`. Subsequent lines are the data rows; do NOT include the
    schema header in this file (coordinator owns the final header). Hard ceiling: 25 sub-agent messages.'
  expected_input: /mnt/agent/output/plan.md (read line 22 for the business niche assignment + the shared
    output schema and quality criteria).
  expected_output: /mnt/agent/output/result_022.md (STATUS line + 3 CIM-style teaser decks (one per candidate
    company) matching the schema defined in plan.md).
  depends_on:
  - coordinator
  is_parallelizable: true
- subtask_id: research_agent_023
  description: 'Research one business niche assigned at line 23 of /mnt/agent/output/plan.md. Use state
    business registries, BuiltWith / Apollo, and local news to find owner-operated SMBs in the niche with
    $1M-$5M EBITDA and an owner 55+; write a CIM-style teaser deck per company with overview, financial
    snapshot, ownership profile, investment rationale, and sources. Write 3 CIM-style teaser decks (one
    per candidate company) to /mnt/agent/output/result_023.md. The first line of the file MUST be `STATUS:
    complete` or `STATUS: partial — [reason]`. Subsequent lines are the data rows; do NOT include the
    schema header in this file (coordinator owns the final header). Hard ceiling: 25 sub-agent messages.'
  expected_input: /mnt/agent/output/plan.md (read line 23 for the business niche assignment + the shared
    output schema and quality criteria).
  expected_output: /mnt/agent/output/result_023.md (STATUS line + 3 CIM-style teaser decks (one per candidate
    company) matching the schema defined in plan.md).
  depends_on:
  - coordinator
  is_parallelizable: true
- subtask_id: research_agent_024
  description: 'Research one business niche assigned at line 24 of /mnt/agent/output/plan.md. Use state
    business registries, BuiltWith / Apollo, and local news to find owner-operated SMBs in the niche with
    $1M-$5M EBITDA and an owner 55+; write a CIM-style teaser deck per company with overview, financial
    snapshot, ownership profile, investment rationale, and sources. Write 3 CIM-style teaser decks (one
    per candidate company) to /mnt/agent/output/result_024.md. The first line of the file MUST be `STATUS:
    complete` or `STATUS: partial — [reason]`. Subsequent lines are the data rows; do NOT include the
    schema header in this file (coordinator owns the final header). Hard ceiling: 25 sub-agent messages.'
  expected_input: /mnt/agent/output/plan.md (read line 24 for the business niche assignment + the shared
    output schema and quality criteria).
  expected_output: /mnt/agent/output/result_024.md (STATUS line + 3 CIM-style teaser decks (one per candidate
    company) matching the schema defined in plan.md).
  depends_on:
  - coordinator
  is_parallelizable: true
- subtask_id: research_agent_025
  description: 'Research one business niche assigned at line 25 of /mnt/agent/output/plan.md. Use state
    business registries, BuiltWith / Apollo, and local news to find owner-operated SMBs in the niche with
    $1M-$5M EBITDA and an owner 55+; write a CIM-style teaser deck per company with overview, financial
    snapshot, ownership profile, investment rationale, and sources. Write 3 CIM-style teaser decks (one
    per candidate company) to /mnt/agent/output/result_025.md. The first line of the file MUST be `STATUS:
    complete` or `STATUS: partial — [reason]`. Subsequent lines are the data rows; do NOT include the
    schema header in this file (coordinator owns the final header). Hard ceiling: 25 sub-agent messages.'
  expected_input: /mnt/agent/output/plan.md (read line 25 for the business niche assignment + the shared
    output schema and quality criteria).
  expected_output: /mnt/agent/output/result_025.md (STATUS line + 3 CIM-style teaser decks (one per candidate
    company) matching the schema defined in plan.md).
  depends_on:
  - coordinator
  is_parallelizable: true
- subtask_id: research_agent_026
  description: 'Research one business niche assigned at line 26 of /mnt/agent/output/plan.md. Use state
    business registries, BuiltWith / Apollo, and local news to find owner-operated SMBs in the niche with
    $1M-$5M EBITDA and an owner 55+; write a CIM-style teaser deck per company with overview, financial
    snapshot, ownership profile, investment rationale, and sources. Write 3 CIM-style teaser decks (one
    per candidate company) to /mnt/agent/output/result_026.md. The first line of the file MUST be `STATUS:
    complete` or `STATUS: partial — [reason]`. Subsequent lines are the data rows; do NOT include the
    schema header in this file (coordinator owns the final header). Hard ceiling: 25 sub-agent messages.'
  expected_input: /mnt/agent/output/plan.md (read line 26 for the business niche assignment + the shared
    output schema and quality criteria).
  expected_output: /mnt/agent/output/result_026.md (STATUS line + 3 CIM-style teaser decks (one per candidate
    company) matching the schema defined in plan.md).
  depends_on:
  - coordinator
  is_parallelizable: true
- subtask_id: research_agent_027
  description: 'Research one business niche assigned at line 27 of /mnt/agent/output/plan.md. Use state
    business registries, BuiltWith / Apollo, and local news to find owner-operated SMBs in the niche with
    $1M-$5M EBITDA and an owner 55+; write a CIM-style teaser deck per company with overview, financial
    snapshot, ownership profile, investment rationale, and sources. Write 3 CIM-style teaser decks (one
    per candidate company) to /mnt/agent/output/result_027.md. The first line of the file MUST be `STATUS:
    complete` or `STATUS: partial — [reason]`. Subsequent lines are the data rows; do NOT include the
    schema header in this file (coordinator owns the final header). Hard ceiling: 25 sub-agent messages.'
  expected_input: /mnt/agent/output/plan.md (read line 27 for the business niche assignment + the shared
    output schema and quality criteria).
  expected_output: /mnt/agent/output/result_027.md (STATUS line + 3 CIM-style teaser decks (one per candidate
    company) matching the schema defined in plan.md).
  depends_on:
  - coordinator
  is_parallelizable: true
- subtask_id: research_agent_028
  description: 'Research one business niche assigned at line 28 of /mnt/agent/output/plan.md. Use state
    business registries, BuiltWith / Apollo, and local news to find owner-operated SMBs in the niche with
    $1M-$5M EBITDA and an owner 55+; write a CIM-style teaser deck per company with overview, financial
    snapshot, ownership profile, investment rationale, and sources. Write 3 CIM-style teaser decks (one
    per candidate company) to /mnt/agent/output/result_028.md. The first line of the file MUST be `STATUS:
    complete` or `STATUS: partial — [reason]`. Subsequent lines are the data rows; do NOT include the
    schema header in this file (coordinator owns the final header). Hard ceiling: 25 sub-agent messages.'
  expected_input: /mnt/agent/output/plan.md (read line 28 for the business niche assignment + the shared
    output schema and quality criteria).
  expected_output: /mnt/agent/output/result_028.md (STATUS line + 3 CIM-style teaser decks (one per candidate
    company) matching the schema defined in plan.md).
  depends_on:
  - coordinator
  is_parallelizable: true
- subtask_id: research_agent_029
  description: 'Research one business niche assigned at line 29 of /mnt/agent/output/plan.md. Use state
    business registries, BuiltWith / Apollo, and local news to find owner-operated SMBs in the niche with
    $1M-$5M EBITDA and an owner 55+; write a CIM-style teaser deck per company with overview, financial
    snapshot, ownership profile, investment rationale, and sources. Write 3 CIM-style teaser decks (one
    per candidate company) to /mnt/agent/output/result_029.md. The first line of the file MUST be `STATUS:
    complete` or `STATUS: partial — [reason]`. Subsequent lines are the data rows; do NOT include the
    schema header in this file (coordinator owns the final header). Hard ceiling: 25 sub-agent messages.'
  expected_input: /mnt/agent/output/plan.md (read line 29 for the business niche assignment + the shared
    output schema and quality criteria).
  expected_output: /mnt/agent/output/result_029.md (STATUS line + 3 CIM-style teaser decks (one per candidate
    company) matching the schema defined in plan.md).
  depends_on:
  - coordinator
  is_parallelizable: true
- subtask_id: research_agent_030
  description: 'Research one business niche assigned at line 30 of /mnt/agent/output/plan.md. Use state
    business registries, BuiltWith / Apollo, and local news to find owner-operated SMBs in the niche with
    $1M-$5M EBITDA and an owner 55+; write a CIM-style teaser deck per company with overview, financial
    snapshot, ownership profile, investment rationale, and sources. Write 3 CIM-style teaser decks (one
    per candidate company) to /mnt/agent/output/result_030.md. The first line of the file MUST be `STATUS:
    complete` or `STATUS: partial — [reason]`. Subsequent lines are the data rows; do NOT include the
    schema header in this file (coordinator owns the final header). Hard ceiling: 25 sub-agent messages.'
  expected_input: /mnt/agent/output/plan.md (read line 30 for the business niche assignment + the shared
    output schema and quality criteria).
  expected_output: /mnt/agent/output/result_030.md (STATUS line + 3 CIM-style teaser decks (one per candidate
    company) matching the schema defined in plan.md).
  depends_on:
  - coordinator
  is_parallelizable: true
- subtask_id: research_agent_031
  description: 'Research one business niche assigned at line 31 of /mnt/agent/output/plan.md. Use state
    business registries, BuiltWith / Apollo, and local news to find owner-operated SMBs in the niche with
    $1M-$5M EBITDA and an owner 55+; write a CIM-style teaser deck per company with overview, financial
    snapshot, ownership profile, investment rationale, and sources. Write 3 CIM-style teaser decks (one
    per candidate company) to /mnt/agent/output/result_031.md. The first line of the file MUST be `STATUS:
    complete` or `STATUS: partial — [reason]`. Subsequent lines are the data rows; do NOT include the
    schema header in this file (coordinator owns the final header). Hard ceiling: 25 sub-agent messages.'
  expected_input: /mnt/agent/output/plan.md (read line 31 for the business niche assignment + the shared
    output schema and quality criteria).
  expected_output: /mnt/agent/output/result_031.md (STATUS line + 3 CIM-style teaser decks (one per candidate
    company) matching the schema defined in plan.md).
  depends_on:
  - coordinator
  is_parallelizable: true
- subtask_id: research_agent_032
  description: 'Research one business niche assigned at line 32 of /mnt/agent/output/plan.md. Use state
    business registries, BuiltWith / Apollo, and local news to find owner-operated SMBs in the niche with
    $1M-$5M EBITDA and an owner 55+; write a CIM-style teaser deck per company with overview, financial
    snapshot, ownership profile, investment rationale, and sources. Write 3 CIM-style teaser decks (one
    per candidate company) to /mnt/agent/output/result_032.md. The first line of the file MUST be `STATUS:
    complete` or `STATUS: partial — [reason]`. Subsequent lines are the data rows; do NOT include the
    schema header in this file (coordinator owns the final header). Hard ceiling: 25 sub-agent messages.'
  expected_input: /mnt/agent/output/plan.md (read line 32 for the business niche assignment + the shared
    output schema and quality criteria).
  expected_output: /mnt/agent/output/result_032.md (STATUS line + 3 CIM-style teaser decks (one per candidate
    company) matching the schema defined in plan.md).
  depends_on:
  - coordinator
  is_parallelizable: true
- subtask_id: research_agent_033
  description: 'Research one business niche assigned at line 33 of /mnt/agent/output/plan.md. Use state
    business registries, BuiltWith / Apollo, and local news to find owner-operated SMBs in the niche with
    $1M-$5M EBITDA and an owner 55+; write a CIM-style teaser deck per company with overview, financial
    snapshot, ownership profile, investment rationale, and sources. Write 3 CIM-style teaser decks (one
    per candidate company) to /mnt/agent/output/result_033.md. The first line of the file MUST be `STATUS:
    complete` or `STATUS: partial — [reason]`. Subsequent lines are the data rows; do NOT include the
    schema header in this file (coordinator owns the final header). Hard ceiling: 25 sub-agent messages.'
  expected_input: /mnt/agent/output/plan.md (read line 33 for the business niche assignment + the shared
    output schema and quality criteria).
  expected_output: /mnt/agent/output/result_033.md (STATUS line + 3 CIM-style teaser decks (one per candidate
    company) matching the schema defined in plan.md).
  depends_on:
  - coordinator
  is_parallelizable: true
- subtask_id: research_agent_034
  description: 'Research one business niche assigned at line 34 of /mnt/agent/output/plan.md. Use state
    business registries, BuiltWith / Apollo, and local news to find owner-operated SMBs in the niche with
    $1M-$5M EBITDA and an owner 55+; write a CIM-style teaser deck per company with overview, financial
    snapshot, ownership profile, investment rationale, and sources. Write 3 CIM-style teaser decks (one
    per candidate company) to /mnt/agent/output/result_034.md. The first line of the file MUST be `STATUS:
    complete` or `STATUS: partial — [reason]`. Subsequent lines are the data rows; do NOT include the
    schema header in this file (coordinator owns the final header). Hard ceiling: 25 sub-agent messages.'
  expected_input: /mnt/agent/output/plan.md (read line 34 for the business niche assignment + the shared
    output schema and quality criteria).
  expected_output: /mnt/agent/output/result_034.md (STATUS line + 3 CIM-style teaser decks (one per candidate
    company) matching the schema defined in plan.md).
  depends_on:
  - coordinator
  is_parallelizable: true
- subtask_id: research_agent_035
  description: 'Research one business niche assigned at line 35 of /mnt/agent/output/plan.md. Use state
    business registries, BuiltWith / Apollo, and local news to find owner-operated SMBs in the niche with
    $1M-$5M EBITDA and an owner 55+; write a CIM-style teaser deck per company with overview, financial
    snapshot, ownership profile, investment rationale, and sources. Write 3 CIM-style teaser decks (one
    per candidate company) to /mnt/agent/output/result_035.md. The first line of the file MUST be `STATUS:
    complete` or `STATUS: partial — [reason]`. Subsequent lines are the data rows; do NOT include the
    schema header in this file (coordinator owns the final header). Hard ceiling: 25 sub-agent messages.'
  expected_input: /mnt/agent/output/plan.md (read line 35 for the business niche assignment + the shared
    output schema and quality criteria).
  expected_output: /mnt/agent/output/result_035.md (STATUS line + 3 CIM-style teaser decks (one per candidate
    company) matching the schema defined in plan.md).
  depends_on:
  - coordinator
  is_parallelizable: true
- subtask_id: research_agent_036
  description: 'Research one business niche assigned at line 36 of /mnt/agent/output/plan.md. Use state
    business registries, BuiltWith / Apollo, and local news to find owner-operated SMBs in the niche with
    $1M-$5M EBITDA and an owner 55+; write a CIM-style teaser deck per company with overview, financial
    snapshot, ownership profile, investment rationale, and sources. Write 3 CIM-style teaser decks (one
    per candidate company) to /mnt/agent/output/result_036.md. The first line of the file MUST be `STATUS:
    complete` or `STATUS: partial — [reason]`. Subsequent lines are the data rows; do NOT include the
    schema header in this file (coordinator owns the final header). Hard ceiling: 25 sub-agent messages.'
  expected_input: /mnt/agent/output/plan.md (read line 36 for the business niche assignment + the shared
    output schema and quality criteria).
  expected_output: /mnt/agent/output/result_036.md (STATUS line + 3 CIM-style teaser decks (one per candidate
    company) matching the schema defined in plan.md).
  depends_on:
  - coordinator
  is_parallelizable: true
- subtask_id: research_agent_037
  description: 'Research one business niche assigned at line 37 of /mnt/agent/output/plan.md. Use state
    business registries, BuiltWith / Apollo, and local news to find owner-operated SMBs in the niche with
    $1M-$5M EBITDA and an owner 55+; write a CIM-style teaser deck per company with overview, financial
    snapshot, ownership profile, investment rationale, and sources. Write 3 CIM-style teaser decks (one
    per candidate company) to /mnt/agent/output/result_037.md. The first line of the file MUST be `STATUS:
    complete` or `STATUS: partial — [reason]`. Subsequent lines are the data rows; do NOT include the
    schema header in this file (coordinator owns the final header). Hard ceiling: 25 sub-agent messages.'
  expected_input: /mnt/agent/output/plan.md (read line 37 for the business niche assignment + the shared
    output schema and quality criteria).
  expected_output: /mnt/agent/output/result_037.md (STATUS line + 3 CIM-style teaser decks (one per candidate
    company) matching the schema defined in plan.md).
  depends_on:
  - coordinator
  is_parallelizable: true
- subtask_id: research_agent_038
  description: 'Research one business niche assigned at line 38 of /mnt/agent/output/plan.md. Use state
    business registries, BuiltWith / Apollo, and local news to find owner-operated SMBs in the niche with
    $1M-$5M EBITDA and an owner 55+; write a CIM-style teaser deck per company with overview, financial
    snapshot, ownership profile, investment rationale, and sources. Write 3 CIM-style teaser decks (one
    per candidate company) to /mnt/agent/output/result_038.md. The first line of the file MUST be `STATUS:
    complete` or `STATUS: partial — [reason]`. Subsequent lines are the data rows; do NOT include the
    schema header in this file (coordinator owns the final header). Hard ceiling: 25 sub-agent messages.'
  expected_input: /mnt/agent/output/plan.md (read line 38 for the business niche assignment + the shared
    output schema and quality criteria).
  expected_output: /mnt/agent/output/result_038.md (STATUS line + 3 CIM-style teaser decks (one per candidate
    company) matching the schema defined in plan.md).
  depends_on:
  - coordinator
  is_parallelizable: true
- subtask_id: research_agent_039
  description: 'Research one business niche assigned at line 39 of /mnt/agent/output/plan.md. Use state
    business registries, BuiltWith / Apollo, and local news to find owner-operated SMBs in the niche with
    $1M-$5M EBITDA and an owner 55+; write a CIM-style teaser deck per company with overview, financial
    snapshot, ownership profile, investment rationale, and sources. Write 3 CIM-style teaser decks (one
    per candidate company) to /mnt/agent/output/result_039.md. The first line of the file MUST be `STATUS:
    complete` or `STATUS: partial — [reason]`. Subsequent lines are the data rows; do NOT include the
    schema header in this file (coordinator owns the final header). Hard ceiling: 25 sub-agent messages.'
  expected_input: /mnt/agent/output/plan.md (read line 39 for the business niche assignment + the shared
    output schema and quality criteria).
  expected_output: /mnt/agent/output/result_039.md (STATUS line + 3 CIM-style teaser decks (one per candidate
    company) matching the schema defined in plan.md).
  depends_on:
  - coordinator
  is_parallelizable: true
- subtask_id: research_agent_040
  description: 'Research one business niche assigned at line 40 of /mnt/agent/output/plan.md. Use state
    business registries, BuiltWith / Apollo, and local news to find owner-operated SMBs in the niche with
    $1M-$5M EBITDA and an owner 55+; write a CIM-style teaser deck per company with overview, financial
    snapshot, ownership profile, investment rationale, and sources. Write 3 CIM-style teaser decks (one
    per candidate company) to /mnt/agent/output/result_040.md. The first line of the file MUST be `STATUS:
    complete` or `STATUS: partial — [reason]`. Subsequent lines are the data rows; do NOT include the
    schema header in this file (coordinator owns the final header). Hard ceiling: 25 sub-agent messages.'
  expected_input: /mnt/agent/output/plan.md (read line 40 for the business niche assignment + the shared
    output schema and quality criteria).
  expected_output: /mnt/agent/output/result_040.md (STATUS line + 3 CIM-style teaser decks (one per candidate
    company) matching the schema defined in plan.md).
  depends_on:
  - coordinator
  is_parallelizable: true
- subtask_id: research_agent_041
  description: 'Research one business niche assigned at line 41 of /mnt/agent/output/plan.md. Use state
    business registries, BuiltWith / Apollo, and local news to find owner-operated SMBs in the niche with
    $1M-$5M EBITDA and an owner 55+; write a CIM-style teaser deck per company with overview, financial
    snapshot, ownership profile, investment rationale, and sources. Write 3 CIM-style teaser decks (one
    per candidate company) to /mnt/agent/output/result_041.md. The first line of the file MUST be `STATUS:
    complete` or `STATUS: partial — [reason]`. Subsequent lines are the data rows; do NOT include the
    schema header in this file (coordinator owns the final header). Hard ceiling: 25 sub-agent messages.'
  expected_input: /mnt/agent/output/plan.md (read line 41 for the business niche assignment + the shared
    output schema and quality criteria).
  expected_output: /mnt/agent/output/result_041.md (STATUS line + 3 CIM-style teaser decks (one per candidate
    company) matching the schema defined in plan.md).
  depends_on:
  - coordinator
  is_parallelizable: true
- subtask_id: research_agent_042
  description: 'Research one business niche assigned at line 42 of /mnt/agent/output/plan.md. Use state
    business registries, BuiltWith / Apollo, and local news to find owner-operated SMBs in the niche with
    $1M-$5M EBITDA and an owner 55+; write a CIM-style teaser deck per company with overview, financial
    snapshot, ownership profile, investment rationale, and sources. Write 3 CIM-style teaser decks (one
    per candidate company) to /mnt/agent/output/result_042.md. The first line of the file MUST be `STATUS:
    complete` or `STATUS: partial — [reason]`. Subsequent lines are the data rows; do NOT include the
    schema header in this file (coordinator owns the final header). Hard ceiling: 25 sub-agent messages.'
  expected_input: /mnt/agent/output/plan.md (read line 42 for the business niche assignment + the shared
    output schema and quality criteria).
  expected_output: /mnt/agent/output/result_042.md (STATUS line + 3 CIM-style teaser decks (one per candidate
    company) matching the schema defined in plan.md).
  depends_on:
  - coordinator
  is_parallelizable: true
- subtask_id: research_agent_043
  description: 'Research one business niche assigned at line 43 of /mnt/agent/output/plan.md. Use state
    business registries, BuiltWith / Apollo, and local news to find owner-operated SMBs in the niche with
    $1M-$5M EBITDA and an owner 55+; write a CIM-style teaser deck per company with overview, financial
    snapshot, ownership profile, investment rationale, and sources. Write 3 CIM-style teaser decks (one
    per candidate company) to /mnt/agent/output/result_043.md. The first line of the file MUST be `STATUS:
    complete` or `STATUS: partial — [reason]`. Subsequent lines are the data rows; do NOT include the
    schema header in this file (coordinator owns the final header). Hard ceiling: 25 sub-agent messages.'
  expected_input: /mnt/agent/output/plan.md (read line 43 for the business niche assignment + the shared
    output schema and quality criteria).
  expected_output: /mnt/agent/output/result_043.md (STATUS line + 3 CIM-style teaser decks (one per candidate
    company) matching the schema defined in plan.md).
  depends_on:
  - coordinator
  is_parallelizable: true
- subtask_id: research_agent_044
  description: 'Research one business niche assigned at line 44 of /mnt/agent/output/plan.md. Use state
    business registries, BuiltWith / Apollo, and local news to find owner-operated SMBs in the niche with
    $1M-$5M EBITDA and an owner 55+; write a CIM-style teaser deck per company with overview, financial
    snapshot, ownership profile, investment rationale, and sources. Write 3 CIM-style teaser decks (one
    per candidate company) to /mnt/agent/output/result_044.md. The first line of the file MUST be `STATUS:
    complete` or `STATUS: partial — [reason]`. Subsequent lines are the data rows; do NOT include the
    schema header in this file (coordinator owns the final header). Hard ceiling: 25 sub-agent messages.'
  expected_input: /mnt/agent/output/plan.md (read line 44 for the business niche assignment + the shared
    output schema and quality criteria).
  expected_output: /mnt/agent/output/result_044.md (STATUS line + 3 CIM-style teaser decks (one per candidate
    company) matching the schema defined in plan.md).
  depends_on:
  - coordinator
  is_parallelizable: true
- subtask_id: research_agent_045
  description: 'Research one business niche assigned at line 45 of /mnt/agent/output/plan.md. Use state
    business registries, BuiltWith / Apollo, and local news to find owner-operated SMBs in the niche with
    $1M-$5M EBITDA and an owner 55+; write a CIM-style teaser deck per company with overview, financial
    snapshot, ownership profile, investment rationale, and sources. Write 3 CIM-style teaser decks (one
    per candidate company) to /mnt/agent/output/result_045.md. The first line of the file MUST be `STATUS:
    complete` or `STATUS: partial — [reason]`. Subsequent lines are the data rows; do NOT include the
    schema header in this file (coordinator owns the final header). Hard ceiling: 25 sub-agent messages.'
  expected_input: /mnt/agent/output/plan.md (read line 45 for the business niche assignment + the shared
    output schema and quality criteria).
  expected_output: /mnt/agent/output/result_045.md (STATUS line + 3 CIM-style teaser decks (one per candidate
    company) matching the schema defined in plan.md).
  depends_on:
  - coordinator
  is_parallelizable: true
- subtask_id: research_agent_046
  description: 'Research one business niche assigned at line 46 of /mnt/agent/output/plan.md. Use state
    business registries, BuiltWith / Apollo, and local news to find owner-operated SMBs in the niche with
    $1M-$5M EBITDA and an owner 55+; write a CIM-style teaser deck per company with overview, financial
    snapshot, ownership profile, investment rationale, and sources. Write 3 CIM-style teaser decks (one
    per candidate company) to /mnt/agent/output/result_046.md. The first line of the file MUST be `STATUS:
    complete` or `STATUS: partial — [reason]`. Subsequent lines are the data rows; do NOT include the
    schema header in this file (coordinator owns the final header). Hard ceiling: 25 sub-agent messages.'
  expected_input: /mnt/agent/output/plan.md (read line 46 for the business niche assignment + the shared
    output schema and quality criteria).
  expected_output: /mnt/agent/output/result_046.md (STATUS line + 3 CIM-style teaser decks (one per candidate
    company) matching the schema defined in plan.md).
  depends_on:
  - coordinator
  is_parallelizable: true
- subtask_id: research_agent_047
  description: 'Research one business niche assigned at line 47 of /mnt/agent/output/plan.md. Use state
    business registries, BuiltWith / Apollo, and local news to find owner-operated SMBs in the niche with
    $1M-$5M EBITDA and an owner 55+; write a CIM-style teaser deck per company with overview, financial
    snapshot, ownership profile, investment rationale, and sources. Write 3 CIM-style teaser decks (one
    per candidate company) to /mnt/agent/output/result_047.md. The first line of the file MUST be `STATUS:
    complete` or `STATUS: partial — [reason]`. Subsequent lines are the data rows; do NOT include the
    schema header in this file (coordinator owns the final header). Hard ceiling: 25 sub-agent messages.'
  expected_input: /mnt/agent/output/plan.md (read line 47 for the business niche assignment + the shared
    output schema and quality criteria).
  expected_output: /mnt/agent/output/result_047.md (STATUS line + 3 CIM-style teaser decks (one per candidate
    company) matching the schema defined in plan.md).
  depends_on:
  - coordinator
  is_parallelizable: true
- subtask_id: research_agent_048
  description: 'Research one business niche assigned at line 48 of /mnt/agent/output/plan.md. Use state
    business registries, BuiltWith / Apollo, and local news to find owner-operated SMBs in the niche with
    $1M-$5M EBITDA and an owner 55+; write a CIM-style teaser deck per company with overview, financial
    snapshot, ownership profile, investment rationale, and sources. Write 3 CIM-style teaser decks (one
    per candidate company) to /mnt/agent/output/result_048.md. The first line of the file MUST be `STATUS:
    complete` or `STATUS: partial — [reason]`. Subsequent lines are the data rows; do NOT include the
    schema header in this file (coordinator owns the final header). Hard ceiling: 25 sub-agent messages.'
  expected_input: /mnt/agent/output/plan.md (read line 48 for the business niche assignment + the shared
    output schema and quality criteria).
  expected_output: /mnt/agent/output/result_048.md (STATUS line + 3 CIM-style teaser decks (one per candidate
    company) matching the schema defined in plan.md).
  depends_on:
  - coordinator
  is_parallelizable: true
- subtask_id: research_agent_049
  description: 'Research one business niche assigned at line 49 of /mnt/agent/output/plan.md. Use state
    business registries, BuiltWith / Apollo, and local news to find owner-operated SMBs in the niche with
    $1M-$5M EBITDA and an owner 55+; write a CIM-style teaser deck per company with overview, financial
    snapshot, ownership profile, investment rationale, and sources. Write 3 CIM-style teaser decks (one
    per candidate company) to /mnt/agent/output/result_049.md. The first line of the file MUST be `STATUS:
    complete` or `STATUS: partial — [reason]`. Subsequent lines are the data rows; do NOT include the
    schema header in this file (coordinator owns the final header). Hard ceiling: 25 sub-agent messages.'
  expected_input: /mnt/agent/output/plan.md (read line 49 for the business niche assignment + the shared
    output schema and quality criteria).
  expected_output: /mnt/agent/output/result_049.md (STATUS line + 3 CIM-style teaser decks (one per candidate
    company) matching the schema defined in plan.md).
  depends_on:
  - coordinator
  is_parallelizable: true
- subtask_id: research_agent_050
  description: 'Research one business niche assigned at line 50 of /mnt/agent/output/plan.md. Use state
    business registries, BuiltWith / Apollo, and local news to find owner-operated SMBs in the niche with
    $1M-$5M EBITDA and an owner 55+; write a CIM-style teaser deck per company with overview, financial
    snapshot, ownership profile, investment rationale, and sources. Write 3 CIM-style teaser decks (one
    per candidate company) to /mnt/agent/output/result_050.md. The first line of the file MUST be `STATUS:
    complete` or `STATUS: partial — [reason]`. Subsequent lines are the data rows; do NOT include the
    schema header in this file (coordinator owns the final header). Hard ceiling: 25 sub-agent messages.'
  expected_input: /mnt/agent/output/plan.md (read line 50 for the business niche assignment + the shared
    output schema and quality criteria).
  expected_output: /mnt/agent/output/result_050.md (STATUS line + 3 CIM-style teaser decks (one per candidate
    company) matching the schema defined in plan.md).
  depends_on:
  - coordinator
  is_parallelizable: true
- subtask_id: research_agent_051
  description: 'Research one business niche assigned at line 51 of /mnt/agent/output/plan.md. Use state
    business registries, BuiltWith / Apollo, and local news to find owner-operated SMBs in the niche with
    $1M-$5M EBITDA and an owner 55+; write a CIM-style teaser deck per company with overview, financial
    snapshot, ownership profile, investment rationale, and sources. Write 3 CIM-style teaser decks (one
    per candidate company) to /mnt/agent/output/result_051.md. The first line of the file MUST be `STATUS:
    complete` or `STATUS: partial — [reason]`. Subsequent lines are the data rows; do NOT include the
    schema header in this file (coordinator owns the final header). Hard ceiling: 25 sub-agent messages.'
  expected_input: /mnt/agent/output/plan.md (read line 51 for the business niche assignment + the shared
    output schema and quality criteria).
  expected_output: /mnt/agent/output/result_051.md (STATUS line + 3 CIM-style teaser decks (one per candidate
    company) matching the schema defined in plan.md).
  depends_on:
  - coordinator
  is_parallelizable: true
- subtask_id: research_agent_052
  description: 'Research one business niche assigned at line 52 of /mnt/agent/output/plan.md. Use state
    business registries, BuiltWith / Apollo, and local news to find owner-operated SMBs in the niche with
    $1M-$5M EBITDA and an owner 55+; write a CIM-style teaser deck per company with overview, financial
    snapshot, ownership profile, investment rationale, and sources. Write 3 CIM-style teaser decks (one
    per candidate company) to /mnt/agent/output/result_052.md. The first line of the file MUST be `STATUS:
    complete` or `STATUS: partial — [reason]`. Subsequent lines are the data rows; do NOT include the
    schema header in this file (coordinator owns the final header). Hard ceiling: 25 sub-agent messages.'
  expected_input: /mnt/agent/output/plan.md (read line 52 for the business niche assignment + the shared
    output schema and quality criteria).
  expected_output: /mnt/agent/output/result_052.md (STATUS line + 3 CIM-style teaser decks (one per candidate
    company) matching the schema defined in plan.md).
  depends_on:
  - coordinator
  is_parallelizable: true
- subtask_id: research_agent_053
  description: 'Research one business niche assigned at line 53 of /mnt/agent/output/plan.md. Use state
    business registries, BuiltWith / Apollo, and local news to find owner-operated SMBs in the niche with
    $1M-$5M EBITDA and an owner 55+; write a CIM-style teaser deck per company with overview, financial
    snapshot, ownership profile, investment rationale, and sources. Write 3 CIM-style teaser decks (one
    per candidate company) to /mnt/agent/output/result_053.md. The first line of the file MUST be `STATUS:
    complete` or `STATUS: partial — [reason]`. Subsequent lines are the data rows; do NOT include the
    schema header in this file (coordinator owns the final header). Hard ceiling: 25 sub-agent messages.'
  expected_input: /mnt/agent/output/plan.md (read line 53 for the business niche assignment + the shared
    output schema and quality criteria).
  expected_output: /mnt/agent/output/result_053.md (STATUS line + 3 CIM-style teaser decks (one per candidate
    company) matching the schema defined in plan.md).
  depends_on:
  - coordinator
  is_parallelizable: true
- subtask_id: research_agent_054
  description: 'Research one business niche assigned at line 54 of /mnt/agent/output/plan.md. Use state
    business registries, BuiltWith / Apollo, and local news to find owner-operated SMBs in the niche with
    $1M-$5M EBITDA and an owner 55+; write a CIM-style teaser deck per company with overview, financial
    snapshot, ownership profile, investment rationale, and sources. Write 3 CIM-style teaser decks (one
    per candidate company) to /mnt/agent/output/result_054.md. The first line of the file MUST be `STATUS:
    complete` or `STATUS: partial — [reason]`. Subsequent lines are the data rows; do NOT include the
    schema header in this file (coordinator owns the final header). Hard ceiling: 25 sub-agent messages.'
  expected_input: /mnt/agent/output/plan.md (read line 54 for the business niche assignment + the shared
    output schema and quality criteria).
  expected_output: /mnt/agent/output/result_054.md (STATUS line + 3 CIM-style teaser decks (one per candidate
    company) matching the schema defined in plan.md).
  depends_on:
  - coordinator
  is_parallelizable: true
- subtask_id: research_agent_055
  description: 'Research one business niche assigned at line 55 of /mnt/agent/output/plan.md. Use state
    business registries, BuiltWith / Apollo, and local news to find owner-operated SMBs in the niche with
    $1M-$5M EBITDA and an owner 55+; write a CIM-style teaser deck per company with overview, financial
    snapshot, ownership profile, investment rationale, and sources. Write 3 CIM-style teaser decks (one
    per candidate company) to /mnt/agent/output/result_055.md. The first line of the file MUST be `STATUS:
    complete` or `STATUS: partial — [reason]`. Subsequent lines are the data rows; do NOT include the
    schema header in this file (coordinator owns the final header). Hard ceiling: 25 sub-agent messages.'
  expected_input: /mnt/agent/output/plan.md (read line 55 for the business niche assignment + the shared
    output schema and quality criteria).
  expected_output: /mnt/agent/output/result_055.md (STATUS line + 3 CIM-style teaser decks (one per candidate
    company) matching the schema defined in plan.md).
  depends_on:
  - coordinator
  is_parallelizable: true
- subtask_id: research_agent_056
  description: 'Research one business niche assigned at line 56 of /mnt/agent/output/plan.md. Use state
    business registries, BuiltWith / Apollo, and local news to find owner-operated SMBs in the niche with
    $1M-$5M EBITDA and an owner 55+; write a CIM-style teaser deck per company with overview, financial
    snapshot, ownership profile, investment rationale, and sources. Write 3 CIM-style teaser decks (one
    per candidate company) to /mnt/agent/output/result_056.md. The first line of the file MUST be `STATUS:
    complete` or `STATUS: partial — [reason]`. Subsequent lines are the data rows; do NOT include the
    schema header in this file (coordinator owns the final header). Hard ceiling: 25 sub-agent messages.'
  expected_input: /mnt/agent/output/plan.md (read line 56 for the business niche assignment + the shared
    output schema and quality criteria).
  expected_output: /mnt/agent/output/result_056.md (STATUS line + 3 CIM-style teaser decks (one per candidate
    company) matching the schema defined in plan.md).
  depends_on:
  - coordinator
  is_parallelizable: true
- subtask_id: research_agent_057
  description: 'Research one business niche assigned at line 57 of /mnt/agent/output/plan.md. Use state
    business registries, BuiltWith / Apollo, and local news to find owner-operated SMBs in the niche with
    $1M-$5M EBITDA and an owner 55+; write a CIM-style teaser deck per company with overview, financial
    snapshot, ownership profile, investment rationale, and sources. Write 3 CIM-style teaser decks (one
    per candidate company) to /mnt/agent/output/result_057.md. The first line of the file MUST be `STATUS:
    complete` or `STATUS: partial — [reason]`. Subsequent lines are the data rows; do NOT include the
    schema header in this file (coordinator owns the final header). Hard ceiling: 25 sub-agent messages.'
  expected_input: /mnt/agent/output/plan.md (read line 57 for the business niche assignment + the shared
    output schema and quality criteria).
  expected_output: /mnt/agent/output/result_057.md (STATUS line + 3 CIM-style teaser decks (one per candidate
    company) matching the schema defined in plan.md).
  depends_on:
  - coordinator
  is_parallelizable: true
- subtask_id: research_agent_058
  description: 'Research one business niche assigned at line 58 of /mnt/agent/output/plan.md. Use state
    business registries, BuiltWith / Apollo, and local news to find owner-operated SMBs in the niche with
    $1M-$5M EBITDA and an owner 55+; write a CIM-style teaser deck per company with overview, financial
    snapshot, ownership profile, investment rationale, and sources. Write 3 CIM-style teaser decks (one
    per candidate company) to /mnt/agent/output/result_058.md. The first line of the file MUST be `STATUS:
    complete` or `STATUS: partial — [reason]`. Subsequent lines are the data rows; do NOT include the
    schema header in this file (coordinator owns the final header). Hard ceiling: 25 sub-agent messages.'
  expected_input: /mnt/agent/output/plan.md (read line 58 for the business niche assignment + the shared
    output schema and quality criteria).
  expected_output: /mnt/agent/output/result_058.md (STATUS line + 3 CIM-style teaser decks (one per candidate
    company) matching the schema defined in plan.md).
  depends_on:
  - coordinator
  is_parallelizable: true
- subtask_id: research_agent_059
  description: 'Research one business niche assigned at line 59 of /mnt/agent/output/plan.md. Use state
    business registries, BuiltWith / Apollo, and local news to find owner-operated SMBs in the niche with
    $1M-$5M EBITDA and an owner 55+; write a CIM-style teaser deck per company with overview, financial
    snapshot, ownership profile, investment rationale, and sources. Write 3 CIM-style teaser decks (one
    per candidate company) to /mnt/agent/output/result_059.md. The first line of the file MUST be `STATUS:
    complete` or `STATUS: partial — [reason]`. Subsequent lines are the data rows; do NOT include the
    schema header in this file (coordinator owns the final header). Hard ceiling: 25 sub-agent messages.'
  expected_input: /mnt/agent/output/plan.md (read line 59 for the business niche assignment + the shared
    output schema and quality criteria).
  expected_output: /mnt/agent/output/result_059.md (STATUS line + 3 CIM-style teaser decks (one per candidate
    company) matching the schema defined in plan.md).
  depends_on:
  - coordinator
  is_parallelizable: true
- subtask_id: research_agent_060
  description: 'Research one business niche assigned at line 60 of /mnt/agent/output/plan.md. Use state
    business registries, BuiltWith / Apollo, and local news to find owner-operated SMBs in the niche with
    $1M-$5M EBITDA and an owner 55+; write a CIM-style teaser deck per company with overview, financial
    snapshot, ownership profile, investment rationale, and sources. Write 3 CIM-style teaser decks (one
    per candidate company) to /mnt/agent/output/result_060.md. The first line of the file MUST be `STATUS:
    complete` or `STATUS: partial — [reason]`. Subsequent lines are the data rows; do NOT include the
    schema header in this file (coordinator owns the final header). Hard ceiling: 25 sub-agent messages.'
  expected_input: /mnt/agent/output/plan.md (read line 60 for the business niche assignment + the shared
    output schema and quality criteria).
  expected_output: /mnt/agent/output/result_060.md (STATUS line + 3 CIM-style teaser decks (one per candidate
    company) matching the schema defined in plan.md).
  depends_on:
  - coordinator
  is_parallelizable: true
- subtask_id: research_agent_061
  description: 'Research one business niche assigned at line 61 of /mnt/agent/output/plan.md. Use state
    business registries, BuiltWith / Apollo, and local news to find owner-operated SMBs in the niche with
    $1M-$5M EBITDA and an owner 55+; write a CIM-style teaser deck per company with overview, financial
    snapshot, ownership profile, investment rationale, and sources. Write 3 CIM-style teaser decks (one
    per candidate company) to /mnt/agent/output/result_061.md. The first line of the file MUST be `STATUS:
    complete` or `STATUS: partial — [reason]`. Subsequent lines are the data rows; do NOT include the
    schema header in this file (coordinator owns the final header). Hard ceiling: 25 sub-agent messages.'
  expected_input: /mnt/agent/output/plan.md (read line 61 for the business niche assignment + the shared
    output schema and quality criteria).
  expected_output: /mnt/agent/output/result_061.md (STATUS line + 3 CIM-style teaser decks (one per candidate
    company) matching the schema defined in plan.md).
  depends_on:
  - coordinator
  is_parallelizable: true
- subtask_id: research_agent_062
  description: 'Research one business niche assigned at line 62 of /mnt/agent/output/plan.md. Use state
    business registries, BuiltWith / Apollo, and local news to find owner-operated SMBs in the niche with
    $1M-$5M EBITDA and an owner 55+; write a CIM-style teaser deck per company with overview, financial
    snapshot, ownership profile, investment rationale, and sources. Write 3 CIM-style teaser decks (one
    per candidate company) to /mnt/agent/output/result_062.md. The first line of the file MUST be `STATUS:
    complete` or `STATUS: partial — [reason]`. Subsequent lines are the data rows; do NOT include the
    schema header in this file (coordinator owns the final header). Hard ceiling: 25 sub-agent messages.'
  expected_input: /mnt/agent/output/plan.md (read line 62 for the business niche assignment + the shared
    output schema and quality criteria).
  expected_output: /mnt/agent/output/result_062.md (STATUS line + 3 CIM-style teaser decks (one per candidate
    company) matching the schema defined in plan.md).
  depends_on:
  - coordinator
  is_parallelizable: true
- subtask_id: research_agent_063
  description: 'Research one business niche assigned at line 63 of /mnt/agent/output/plan.md. Use state
    business registries, BuiltWith / Apollo, and local news to find owner-operated SMBs in the niche with
    $1M-$5M EBITDA and an owner 55+; write a CIM-style teaser deck per company with overview, financial
    snapshot, ownership profile, investment rationale, and sources. Write 3 CIM-style teaser decks (one
    per candidate company) to /mnt/agent/output/result_063.md. The first line of the file MUST be `STATUS:
    complete` or `STATUS: partial — [reason]`. Subsequent lines are the data rows; do NOT include the
    schema header in this file (coordinator owns the final header). Hard ceiling: 25 sub-agent messages.'
  expected_input: /mnt/agent/output/plan.md (read line 63 for the business niche assignment + the shared
    output schema and quality criteria).
  expected_output: /mnt/agent/output/result_063.md (STATUS line + 3 CIM-style teaser decks (one per candidate
    company) matching the schema defined in plan.md).
  depends_on:
  - coordinator
  is_parallelizable: true
- subtask_id: research_agent_064
  description: 'Research one business niche assigned at line 64 of /mnt/agent/output/plan.md. Use state
    business registries, BuiltWith / Apollo, and local news to find owner-operated SMBs in the niche with
    $1M-$5M EBITDA and an owner 55+; write a CIM-style teaser deck per company with overview, financial
    snapshot, ownership profile, investment rationale, and sources. Write 3 CIM-style teaser decks (one
    per candidate company) to /mnt/agent/output/result_064.md. The first line of the file MUST be `STATUS:
    complete` or `STATUS: partial — [reason]`. Subsequent lines are the data rows; do NOT include the
    schema header in this file (coordinator owns the final header). Hard ceiling: 25 sub-agent messages.'
  expected_input: /mnt/agent/output/plan.md (read line 64 for the business niche assignment + the shared
    output schema and quality criteria).
  expected_output: /mnt/agent/output/result_064.md (STATUS line + 3 CIM-style teaser decks (one per candidate
    company) matching the schema defined in plan.md).
  depends_on:
  - coordinator
  is_parallelizable: true
- subtask_id: research_agent_065
  description: 'Research one business niche assigned at line 65 of /mnt/agent/output/plan.md. Use state
    business registries, BuiltWith / Apollo, and local news to find owner-operated SMBs in the niche with
    $1M-$5M EBITDA and an owner 55+; write a CIM-style teaser deck per company with overview, financial
    snapshot, ownership profile, investment rationale, and sources. Write 3 CIM-style teaser decks (one
    per candidate company) to /mnt/agent/output/result_065.md. The first line of the file MUST be `STATUS:
    complete` or `STATUS: partial — [reason]`. Subsequent lines are the data rows; do NOT include the
    schema header in this file (coordinator owns the final header). Hard ceiling: 25 sub-agent messages.'
  expected_input: /mnt/agent/output/plan.md (read line 65 for the business niche assignment + the shared
    output schema and quality criteria).
  expected_output: /mnt/agent/output/result_065.md (STATUS line + 3 CIM-style teaser decks (one per candidate
    company) matching the schema defined in plan.md).
  depends_on:
  - coordinator
  is_parallelizable: true
- subtask_id: research_agent_066
  description: 'Research one business niche assigned at line 66 of /mnt/agent/output/plan.md. Use state
    business registries, BuiltWith / Apollo, and local news to find owner-operated SMBs in the niche with
    $1M-$5M EBITDA and an owner 55+; write a CIM-style teaser deck per company with overview, financial
    snapshot, ownership profile, investment rationale, and sources. Write 3 CIM-style teaser decks (one
    per candidate company) to /mnt/agent/output/result_066.md. The first line of the file MUST be `STATUS:
    complete` or `STATUS: partial — [reason]`. Subsequent lines are the data rows; do NOT include the
    schema header in this file (coordinator owns the final header). Hard ceiling: 25 sub-agent messages.'
  expected_input: /mnt/agent/output/plan.md (read line 66 for the business niche assignment + the shared
    output schema and quality criteria).
  expected_output: /mnt/agent/output/result_066.md (STATUS line + 3 CIM-style teaser decks (one per candidate
    company) matching the schema defined in plan.md).
  depends_on:
  - coordinator
  is_parallelizable: true
- subtask_id: research_agent_067
  description: 'Research one business niche assigned at line 67 of /mnt/agent/output/plan.md. Use state
    business registries, BuiltWith / Apollo, and local news to find owner-operated SMBs in the niche with
    $1M-$5M EBITDA and an owner 55+; write a CIM-style teaser deck per company with overview, financial
    snapshot, ownership profile, investment rationale, and sources. Write 3 CIM-style teaser decks (one
    per candidate company) to /mnt/agent/output/result_067.md. The first line of the file MUST be `STATUS:
    complete` or `STATUS: partial — [reason]`. Subsequent lines are the data rows; do NOT include the
    schema header in this file (coordinator owns the final header). Hard ceiling: 25 sub-agent messages.'
  expected_input: /mnt/agent/output/plan.md (read line 67 for the business niche assignment + the shared
    output schema and quality criteria).
  expected_output: /mnt/agent/output/result_067.md (STATUS line + 3 CIM-style teaser decks (one per candidate
    company) matching the schema defined in plan.md).
  depends_on:
  - coordinator
  is_parallelizable: true
- subtask_id: research_agent_068
  description: 'Research one business niche assigned at line 68 of /mnt/agent/output/plan.md. Use state
    business registries, BuiltWith / Apollo, and local news to find owner-operated SMBs in the niche with
    $1M-$5M EBITDA and an owner 55+; write a CIM-style teaser deck per company with overview, financial
    snapshot, ownership profile, investment rationale, and sources. Write 3 CIM-style teaser decks (one
    per candidate company) to /mnt/agent/output/result_068.md. The first line of the file MUST be `STATUS:
    complete` or `STATUS: partial — [reason]`. Subsequent lines are the data rows; do NOT include the
    schema header in this file (coordinator owns the final header). Hard ceiling: 25 sub-agent messages.'
  expected_input: /mnt/agent/output/plan.md (read line 68 for the business niche assignment + the shared
    output schema and quality criteria).
  expected_output: /mnt/agent/output/result_068.md (STATUS line + 3 CIM-style teaser decks (one per candidate
    company) matching the schema defined in plan.md).
  depends_on:
  - coordinator
  is_parallelizable: true
- subtask_id: research_agent_069
  description: 'Research one business niche assigned at line 69 of /mnt/agent/output/plan.md. Use state
    business registries, BuiltWith / Apollo, and local news to find owner-operated SMBs in the niche with
    $1M-$5M EBITDA and an owner 55+; write a CIM-style teaser deck per company with overview, financial
    snapshot, ownership profile, investment rationale, and sources. Write 3 CIM-style teaser decks (one
    per candidate company) to /mnt/agent/output/result_069.md. The first line of the file MUST be `STATUS:
    complete` or `STATUS: partial — [reason]`. Subsequent lines are the data rows; do NOT include the
    schema header in this file (coordinator owns the final header). Hard ceiling: 25 sub-agent messages.'
  expected_input: /mnt/agent/output/plan.md (read line 69 for the business niche assignment + the shared
    output schema and quality criteria).
  expected_output: /mnt/agent/output/result_069.md (STATUS line + 3 CIM-style teaser decks (one per candidate
    company) matching the schema defined in plan.md).
  depends_on:
  - coordinator
  is_parallelizable: true
- subtask_id: research_agent_070
  description: 'Research one business niche assigned at line 70 of /mnt/agent/output/plan.md. Use state
    business registries, BuiltWith / Apollo, and local news to find owner-operated SMBs in the niche with
    $1M-$5M EBITDA and an owner 55+; write a CIM-style teaser deck per company with overview, financial
    snapshot, ownership profile, investment rationale, and sources. Write 3 CIM-style teaser decks (one
    per candidate company) to /mnt/agent/output/result_070.md. The first line of the file MUST be `STATUS:
    complete` or `STATUS: partial — [reason]`. Subsequent lines are the data rows; do NOT include the
    schema header in this file (coordinator owns the final header). Hard ceiling: 25 sub-agent messages.'
  expected_input: /mnt/agent/output/plan.md (read line 70 for the business niche assignment + the shared
    output schema and quality criteria).
  expected_output: /mnt/agent/output/result_070.md (STATUS line + 3 CIM-style teaser decks (one per candidate
    company) matching the schema defined in plan.md).
  depends_on:
  - coordinator
  is_parallelizable: true
- subtask_id: research_agent_071
  description: 'Research one business niche assigned at line 71 of /mnt/agent/output/plan.md. Use state
    business registries, BuiltWith / Apollo, and local news to find owner-operated SMBs in the niche with
    $1M-$5M EBITDA and an owner 55+; write a CIM-style teaser deck per company with overview, financial
    snapshot, ownership profile, investment rationale, and sources. Write 3 CIM-style teaser decks (one
    per candidate company) to /mnt/agent/output/result_071.md. The first line of the file MUST be `STATUS:
    complete` or `STATUS: partial — [reason]`. Subsequent lines are the data rows; do NOT include the
    schema header in this file (coordinator owns the final header). Hard ceiling: 25 sub-agent messages.'
  expected_input: /mnt/agent/output/plan.md (read line 71 for the business niche assignment + the shared
    output schema and quality criteria).
  expected_output: /mnt/agent/output/result_071.md (STATUS line + 3 CIM-style teaser decks (one per candidate
    company) matching the schema defined in plan.md).
  depends_on:
  - coordinator
  is_parallelizable: true
- subtask_id: research_agent_072
  description: 'Research one business niche assigned at line 72 of /mnt/agent/output/plan.md. Use state
    business registries, BuiltWith / Apollo, and local news to find owner-operated SMBs in the niche with
    $1M-$5M EBITDA and an owner 55+; write a CIM-style teaser deck per company with overview, financial
    snapshot, ownership profile, investment rationale, and sources. Write 3 CIM-style teaser decks (one
    per candidate company) to /mnt/agent/output/result_072.md. The first line of the file MUST be `STATUS:
    complete` or `STATUS: partial — [reason]`. Subsequent lines are the data rows; do NOT include the
    schema header in this file (coordinator owns the final header). Hard ceiling: 25 sub-agent messages.'
  expected_input: /mnt/agent/output/plan.md (read line 72 for the business niche assignment + the shared
    output schema and quality criteria).
  expected_output: /mnt/agent/output/result_072.md (STATUS line + 3 CIM-style teaser decks (one per candidate
    company) matching the schema defined in plan.md).
  depends_on:
  - coordinator
  is_parallelizable: true
- subtask_id: research_agent_073
  description: 'Research one business niche assigned at line 73 of /mnt/agent/output/plan.md. Use state
    business registries, BuiltWith / Apollo, and local news to find owner-operated SMBs in the niche with
    $1M-$5M EBITDA and an owner 55+; write a CIM-style teaser deck per company with overview, financial
    snapshot, ownership profile, investment rationale, and sources. Write 3 CIM-style teaser decks (one
    per candidate company) to /mnt/agent/output/result_073.md. The first line of the file MUST be `STATUS:
    complete` or `STATUS: partial — [reason]`. Subsequent lines are the data rows; do NOT include the
    schema header in this file (coordinator owns the final header). Hard ceiling: 25 sub-agent messages.'
  expected_input: /mnt/agent/output/plan.md (read line 73 for the business niche assignment + the shared
    output schema and quality criteria).
  expected_output: /mnt/agent/output/result_073.md (STATUS line + 3 CIM-style teaser decks (one per candidate
    company) matching the schema defined in plan.md).
  depends_on:
  - coordinator
  is_parallelizable: true
- subtask_id: research_agent_074
  description: 'Research one business niche assigned at line 74 of /mnt/agent/output/plan.md. Use state
    business registries, BuiltWith / Apollo, and local news to find owner-operated SMBs in the niche with
    $1M-$5M EBITDA and an owner 55+; write a CIM-style teaser deck per company with overview, financial
    snapshot, ownership profile, investment rationale, and sources. Write 3 CIM-style teaser decks (one
    per candidate company) to /mnt/agent/output/result_074.md. The first line of the file MUST be `STATUS:
    complete` or `STATUS: partial — [reason]`. Subsequent lines are the data rows; do NOT include the
    schema header in this file (coordinator owns the final header). Hard ceiling: 25 sub-agent messages.'
  expected_input: /mnt/agent/output/plan.md (read line 74 for the business niche assignment + the shared
    output schema and quality criteria).
  expected_output: /mnt/agent/output/result_074.md (STATUS line + 3 CIM-style teaser decks (one per candidate
    company) matching the schema defined in plan.md).
  depends_on:
  - coordinator
  is_parallelizable: true
- subtask_id: research_agent_075
  description: 'Research one business niche assigned at line 75 of /mnt/agent/output/plan.md. Use state
    business registries, BuiltWith / Apollo, and local news to find owner-operated SMBs in the niche with
    $1M-$5M EBITDA and an owner 55+; write a CIM-style teaser deck per company with overview, financial
    snapshot, ownership profile, investment rationale, and sources. Write 3 CIM-style teaser decks (one
    per candidate company) to /mnt/agent/output/result_075.md. The first line of the file MUST be `STATUS:
    complete` or `STATUS: partial — [reason]`. Subsequent lines are the data rows; do NOT include the
    schema header in this file (coordinator owns the final header). Hard ceiling: 25 sub-agent messages.'
  expected_input: /mnt/agent/output/plan.md (read line 75 for the business niche assignment + the shared
    output schema and quality criteria).
  expected_output: /mnt/agent/output/result_075.md (STATUS line + 3 CIM-style teaser decks (one per candidate
    company) matching the schema defined in plan.md).
  depends_on:
  - coordinator
  is_parallelizable: true
minimum_viable_agents: 1
optimal_agents: 76
maximum_useful_agents: 91
"
"https://static.remotasks.com/uploads/69bee012be45f06904292c9a/alt_data_vendors_ppp8_task.yaml","https://static.remotasks.com/uploads/69bee012be45f06904292c9a/alt_data_vendors_ppp8_task.yaml","https://static.remotasks.com/uploads/69bee012be45f06904292c9a/alt_data_vendors_ppp8_gold.yaml","","","","swarm_research","map_reduce","easy","https://static.remotasks.com/uploads/69bee012be45f06904292c9a/alt_data_vendors_ppp8_single_run.json","","https://static.remotasks.com/uploads/69bee012be45f06904292c9a/alt_data_vendors_ppp8_task.yaml","66","True","### DELEGATION WORKFLOW — Alt-Data Source Catalog

**Objective:** Coordinate 65 parallel sub-agents, each assigned to one macro indicator, to find the top 3 non-traditional data vendors for that indicator. Your role as coordinator is to plan the research, delegate tasks, audit results for quality, and assemble the final data matrix. Do NOT perform any research yourself; all data gathering must be delegated via `llm_call`. Your coordinator messages must constitute less than 15% of the total swarm token usage.

#### Phase 1 — Create the Plan

1.  Begin by creating a detailed plan file at `/mnt/agent/output/plan.md` using `str_replace_editor.create`. This file is the single source of truth for all sub-agents. It must include:

    *   **Header:** A brief description of the task, the objective, and the final output format (a TSV file).
    *   **Assignment Table:** A numbered list of all 65 macro indicators. Each line should follow the format: `[N]. [Indicator Name] — Find top 3 alternative data vendors — result file: result_{NNN}.tsv`.
        ```
        1. Shipping bottlenecks — Find top 3 alternative data vendors — result file: result_001.tsv
        2. Cement demand — Find top 3 alternative data vendors — result file: result_002.tsv
        ...
        65. Used car parts — Find top 3 alternative data vendors — result file: result_065.tsv
        ```
    *   **Output Schema:** Clearly define the exact TSV column headers each sub-agent must use for their output file: `Indicator`, `VendorName`, `UpdateFrequency`, `HistoryDepth`, `Price`, `DataSourceURL`. This ensures consistency for the final merge.
    *   **Quality Criteria:** Define what constitutes a `complete` result (all columns filled for at least 2-3 vendors) versus a `partial` result (missing key data points like Price or History Depth). Specify that `DataSourceURL` must link directly to the vendor's product page, API docs, or pricing page.

#### Phase 2 — Parallel Delegation

2.  Launch ALL 65 sub-agent calls in a SINGLE message. This parallel execution is the core of the swarm strategy. Sequential delegation is inefficient and will fail the task.

    Each `llm_call` must contain:
    *   **Assignment reference:** ""You are sub-agent N. Your task is defined on line N of the Assignment Table in `/mnt/agent/output/plan.md`.""
    *   **Entity scope:** The specific macro indicator to research (e.g., ""Shipping bottlenecks"").
    *   **Output file:** The unique, zero-padded file path from the plan, e.g., `/mnt/agent/output/result_001.tsv`.
    *   **fork_mode:** `none`. Each sub-agent's task is self-contained and guided by the plan file.
    *   **Research instructions:** ""Use the `browse` tool to find 3 non-traditional data vendors for your assigned indicator. Investigate vendor websites, API documentation, and look for sample data to find the update frequency, historical data depth, and pricing. Be persistent and try multiple search queries (e.g., '[indicator] data provider', '[indicator] alternative data API').""
    *   **Result format:** ""Write your findings to the assigned result file using `str_replace_editor`. The file must be a TSV. The first line must be `STATUS: complete` or `STATUS: partial — [reason for partial status]`. The second line must be the header row from the plan. Subsequent lines are your data, with one vendor per row.""

#### Phase 3 — Quality Audit & Gap Fill

3.  Once the sub-agents have completed their work, perform a quality audit. Do not read the full content of every file yet.
    *   Efficiently scan just the first line of each of the 65 result files using `str_replace_editor.view` with a small `view_range` to check the `STATUS`.
    *   Tally the number of `complete`, `partial`, and missing files.
    *   For any `partial` or missing results, launch a single, consolidated follow-up batch of `llm_call`s. These agents can be given more specific instructions, such as trying different search terms or focusing on finding a specific missing data point (e.g., pricing).
    *   Limit this to one round of follow-ups to avoid diminishing returns.

#### Phase 4 — Assemble Final Output

4.  Gather all the individual TSV files and synthesize the final report.
    *   Read the contents of all `complete` and acceptable `partial` result files.
    *   Create a final master file at `/mnt/agent/output/final.tsv`.
    *   Write a single header row at the top, matching the schema from the plan.
    *   Append the data from all individual files, ensuring consistent TSV formatting. Sort the final table by the `Indicator` column.

5.  Add a brief summary at the top of the `final.tsv` file (commented out with a `#` so it doesn't interfere with parsing).
    *   `# Total Indicators Researched: 65`
    *   `# Complete Results: [count]`
    *   `# Partial/Missing: [count]`
    *   `# Research Date: [current date]`

#### Resource Budget
*   **Phase 2 sub-agents:** 65 (one per macro indicator)
*   **Phase 3 follow-ups:** Up to 15 (for gaps/partials)
*   **Sub-agent tools:** `browse`, `str_replace_editor`
*   **Max messages per sub-agent:** 25
*   **Coordinator critical-path target:** <15% of total swarm tokens","### DELEGATION WORKFLOW — Alt-Data Source Catalog

**Objective:** Coordinate 65 parallel sub-agents, each assigned to one macro indicator, to find the top 3 non-traditional data vendors for that indicator. Your role as coordinator is to plan the research, delegate tasks, audit results for quality, and assemble the final data matrix. Do NOT perform any research yourself; all data gathering must be delegated via `llm_call`. Your coordinator messages must constitute less than 15% of the total swarm token usage.

#### Phase 1 — Create the Plan

1.  Begin by creating a detailed plan file at `/mnt/agent/output/plan.md` using `str_replace_editor.create`. This file is the single source of truth for all sub-agents. It must include:

    *   **Header:** A brief description of the task, the objective, and the final output format (a TSV file).
    *   **Assignment Table:** A numbered list of all 65 macro indicators. Each line should follow the format: `[N]. [Indicator Name] — Find top 3 alternative data vendors — result file: result_{NNN}.tsv`.
        ```
        1. Shipping bottlenecks — Find top 3 alternative data vendors — result file: result_001.tsv
        2. Cement demand — Find top 3 alternative data vendors — result file: result_002.tsv
        ...
        65. Used car parts — Find top 3 alternative data vendors — result file: result_065.tsv
        ```
    *   **Output Schema:** Clearly define the exact TSV column headers each sub-agent must use for their output file: `Indicator`, `VendorName`, `UpdateFrequency`, `HistoryDepth`, `Price`, `DataSourceURL`. This ensures consistency for the final merge.
    *   **Quality Criteria:** Define what constitutes a `complete` result (all columns filled for at least 2-3 vendors) versus a `partial` result (missing key data points like Price or History Depth). Specify that `DataSourceURL` must link directly to the vendor's product page, API docs, or pricing page.

#### Phase 2 — Parallel Delegation

2.  Launch ALL 65 sub-agent calls in a SINGLE message. This parallel execution is the core of the swarm strategy. Sequential delegation is inefficient and will fail the task.

    Each `llm_call` must contain:
    *   **Assignment reference:** ""You are sub-agent N. Your task is defined on line N of the Assignment Table in `/mnt/agent/output/plan.md`.""
    *   **Entity scope:** The specific macro indicator to research (e.g., ""Shipping bottlenecks"").
    *   **Output file:** The unique, zero-padded file path from the plan, e.g., `/mnt/agent/output/result_001.tsv`.
    *   **fork_mode:** `none`. Each sub-agent's task is self-contained and guided by the plan file.
    *   **Research instructions:** ""Use the `browse` tool to find 3 non-traditional data vendors for your assigned indicator. Investigate vendor websites, API documentation, and look for sample data to find the update frequency, historical data depth, and pricing. Be persistent and try multiple search queries (e.g., '[indicator] data provider', '[indicator] alternative data API').""
    *   **Result format:** ""Write your findings to the assigned result file using `str_replace_editor`. The file must be a TSV. The first line must be `STATUS: complete` or `STATUS: partial — [reason for partial status]`. The second line must be the header row from the plan. Subsequent lines are your data, with one vendor per row.""

#### Phase 3 — Quality Audit & Gap Fill

3.  Once the sub-agents have completed their work, perform a quality audit. Do not read the full content of every file yet.
    *   Efficiently scan just the first line of each of the 65 result files using `str_replace_editor.view` with a small `view_range` to check the `STATUS`.
    *   Tally the number of `complete`, `partial`, and missing files.
    *   For any `partial` or missing results, launch a single, consolidated follow-up batch of `llm_call`s. These agents can be given more specific instructions, such as trying different search terms or focusing on finding a specific missing data point (e.g., pricing).
    *   Limit this to one round of follow-ups to avoid diminishing returns.

#### Phase 4 — Assemble Final Output

4.  Gather all the individual TSV files and synthesize the final report.
    *   Read the contents of all `complete` and acceptable `partial` result files.
    *   Create a final master file at `/mnt/agent/output/final.tsv`.
    *   Write a single header row at the top, matching the schema from the plan.
    *   Append the data from all individual files, ensuring consistent TSV formatting. Sort the final table by the `Indicator` column.

5.  Add a brief summary at the top of the `final.tsv` file (commented out with a `#` so it doesn't interfere with parsing).
    *   `# Total Indicators Researched: 65`
    *   `# Complete Results: [count]`
    *   `# Partial/Missing: [count]`
    *   `# Research Date: [current date]`

#### Resource Budget
*   **Phase 2 sub-agents:** 65 (one per macro indicator)
*   **Phase 3 follow-ups:** Up to 15 (for gaps/partials)
*   **Sub-agent tools:** `browse`, `str_replace_editor`
*   **Max messages per sub-agent:** 25
*   **Coordinator critical-path target:** <15% of total swarm tokens","### DELEGATION WORKFLOW — Alt-Data Source Catalog

**Objective:** Coordinate 65 parallel sub-agents, each assigned to one macro indicator, to find the top 3 non-traditional data vendors for that indicator. Your role as coordinator is to plan the research, delegate tasks, audit results for quality, and assemble the final data matrix. Do NOT perform any research yourself; all data gathering must be delegated via `llm_call`. Your coordinator messages must constitute less than 15% of the total swarm token usage.

#### Phase 1 — Create the Plan

1.  Begin by creating a detailed plan file at `/mnt/agent/output/plan.md` using `str_replace_editor.create`. This file is the single source of truth for all sub-agents. It must include:

    *   **Header:** A brief description of the task, the objective, and the final output format (a TSV file).
    *   **Assignment Table:** A numbered list of all 65 macro indicators. Each line should follow the format: `[N]. [Indicator Name] — Find top 3 alternative data vendors — result file: result_{NNN}.tsv`.
        ```
        1. Shipping bottlenecks — Find top 3 alternative data vendors — result file: result_001.tsv
        2. Cement demand — Find top 3 alternative data vendors — result file: result_002.tsv
        ...
        65. Used car parts — Find top 3 alternative data vendors — result file: result_065.tsv
        ```
    *   **Output Schema:** Clearly define the exact TSV column headers each sub-agent must use for their output file: `Indicator`, `VendorName`, `UpdateFrequency`, `HistoryDepth`, `Price`, `DataSourceURL`. This ensures consistency for the final merge.
    *   **Quality Criteria:** Define what constitutes a `complete` result (all columns filled for at least 2-3 vendors) versus a `partial` result (missing key data points like Price or History Depth). Specify that `DataSourceURL` must link directly to the vendor's product page, API docs, or pricing page.

#### Phase 2 — Parallel Delegation

2.  Launch ALL 65 sub-agent calls in a SINGLE message. This parallel execution is the core of the swarm strategy. Sequential delegation is inefficient and will fail the task.

    Each `llm_call` must contain:
    *   **Assignment reference:** ""You are sub-agent N. Your task is defined on line N of the Assignment Table in `/mnt/agent/output/plan.md`.""
    *   **Entity scope:** The specific macro indicator to research (e.g., ""Shipping bottlenecks"").
    *   **Output file:** The unique, zero-padded file path from the plan, e.g., `/mnt/agent/output/result_001.tsv`.
    *   **fork_mode:** `none`. Each sub-agent's task is self-contained and guided by the plan file.
    *   **Research instructions:** ""Use the `browse` tool to find 3 non-traditional data vendors for your assigned indicator. Investigate vendor websites, API documentation, and look for sample data to find the update frequency, historical data depth, and pricing. Be persistent and try multiple search queries (e.g., '[indicator] data provider', '[indicator] alternative data API').""
    *   **Result format:** ""Write your findings to the assigned result file using `str_replace_editor`. The file must be a TSV. The first line must be `STATUS: complete` or `STATUS: partial — [reason for partial status]`. The second line must be the header row from the plan. Subsequent lines are your data, with one vendor per row.""

#### Phase 3 — Quality Audit & Gap Fill

3.  Once the sub-agents have completed their work, perform a quality audit. Do not read the full content of every file yet.
    *   Efficiently scan just the first line of each of the 65 result files using `str_replace_editor.view` with a small `view_range` to check the `STATUS`.
    *   Tally the number of `complete`, `partial`, and missing files.
    *   For any `partial` or missing results, launch a single, consolidated follow-up batch of `llm_call`s. These agents can be given more specific instructions, such as trying different search terms or focusing on finding a specific missing data point (e.g., pricing).
    *   Limit this to one round of follow-ups to avoid diminishing returns.

#### Phase 4 — Assemble Final Output

4.  Gather all the individual TSV files and synthesize the final report.
    *   Read the contents of all `complete` and acceptable `partial` result files.
    *   Create a final master file at `/mnt/agent/output/final.tsv`.
    *   Write a single header row at the top, matching the schema from the plan.
    *   Append the data from all individual files, ensuring consistent TSV formatting. Sort the final table by the `Indicator` column.

5.  Add a brief summary at the top of the `final.tsv` file (commented out with a `#` so it doesn't interfere with parsing).
    *   `# Total Indicators Researched: 65`
    *   `# Complete Results: [count]`
    *   `# Partial/Missing: [count]`
    *   `# Research Date: [current date]`

#### Resource Budget
*   **Phase 2 sub-agents:** 65 (one per macro indicator)
*   **Phase 3 follow-ups:** Up to 15 (for gaps/partials)
*   **Sub-agent tools:** `browse`, `str_replace_editor`
*   **Max messages per sub-agent:** 25
*   **Coordinator critical-path target:** <15% of total swarm tokens","easy","en_US","{""task_yaml"": ""OK"", ""gold_yaml"": ""OK"", ""artifacts"": ""N/A"", ""rich_artifacts"": ""N/A""}","task_id: swarm__alt_data_vendors__ppp8
primary_decomposition:
- subtask_id: coordinator
  description: 'Coordinator role. Phase 1: write /mnt/agent/output/plan.md containing the task header,
    a numbered assignment table of 65 macro indicators (one per research sub-agent), the exact output
    schema columns (Indicator, VendorName, UpdateFrequency, HistoryDepth, Price, DataSourceURL), and quality
    criteria (complete vs. partial). Phase 2: dispatch all 65 research sub-agents in a single message
    with `fork_mode: none`, each pointing at its zero-padded result file. Phase 3: audit STATUS lines
    via `str_replace_editor.view` with a tiny `view_range`, tally complete/partial/missing, then launch
    up to 15 follow-up sub-agents in one batch (single round). Phase 4: read every complete result_NNN.tsv,
    assemble /mnt/agent/output/final.tsv with the schema header row, sort by the first schema column,
    and write /mnt/agent/output/summary.md. Coordinator messages must stay under 15% of total swarm tokens.'
  expected_input: Master task prompt for Alt-Data Source Catalog — top 3 non-traditional vendors for 65
    macro indicators (see task.yaml `prompt`).
  expected_output: /mnt/agent/output/plan.md (plan with assignment table + schema + quality criteria);
    /mnt/agent/output/final.tsv (assembled deliverable, schema header + sorted rows); /mnt/agent/output/summary.md
    (tally of complete/partial/missing + brief notes).
  depends_on: []
  is_parallelizable: false
- subtask_id: research_agent_001
  description: 'Research one macro indicator assigned at line 1 of /mnt/agent/output/plan.md. For the
    assigned indicator, find 3 non-traditional / alternative data vendors. Use vendor product pages, API
    docs, and pricing pages to fill update frequency, history depth, and price. Write up to 3 vendor rows
    to /mnt/agent/output/result_001.tsv. The first line of the file MUST be `STATUS: complete` or `STATUS:
    partial — [reason]`. Subsequent lines are the data rows; do NOT include the schema header in this
    file (coordinator owns the final header). Hard ceiling: 25 sub-agent messages.'
  expected_input: /mnt/agent/output/plan.md (read line 1 for the macro indicator assignment + the shared
    output schema and quality criteria).
  expected_output: /mnt/agent/output/result_001.tsv (STATUS line + up to 3 vendor rows matching the schema
    defined in plan.md).
  depends_on:
  - coordinator
  is_parallelizable: true
- subtask_id: research_agent_002
  description: 'Research one macro indicator assigned at line 2 of /mnt/agent/output/plan.md. For the
    assigned indicator, find 3 non-traditional / alternative data vendors. Use vendor product pages, API
    docs, and pricing pages to fill update frequency, history depth, and price. Write up to 3 vendor rows
    to /mnt/agent/output/result_002.tsv. The first line of the file MUST be `STATUS: complete` or `STATUS:
    partial — [reason]`. Subsequent lines are the data rows; do NOT include the schema header in this
    file (coordinator owns the final header). Hard ceiling: 25 sub-agent messages.'
  expected_input: /mnt/agent/output/plan.md (read line 2 for the macro indicator assignment + the shared
    output schema and quality criteria).
  expected_output: /mnt/agent/output/result_002.tsv (STATUS line + up to 3 vendor rows matching the schema
    defined in plan.md).
  depends_on:
  - coordinator
  is_parallelizable: true
- subtask_id: research_agent_003
  description: 'Research one macro indicator assigned at line 3 of /mnt/agent/output/plan.md. For the
    assigned indicator, find 3 non-traditional / alternative data vendors. Use vendor product pages, API
    docs, and pricing pages to fill update frequency, history depth, and price. Write up to 3 vendor rows
    to /mnt/agent/output/result_003.tsv. The first line of the file MUST be `STATUS: complete` or `STATUS:
    partial — [reason]`. Subsequent lines are the data rows; do NOT include the schema header in this
    file (coordinator owns the final header). Hard ceiling: 25 sub-agent messages.'
  expected_input: /mnt/agent/output/plan.md (read line 3 for the macro indicator assignment + the shared
    output schema and quality criteria).
  expected_output: /mnt/agent/output/result_003.tsv (STATUS line + up to 3 vendor rows matching the schema
    defined in plan.md).
  depends_on:
  - coordinator
  is_parallelizable: true
- subtask_id: research_agent_004
  description: 'Research one macro indicator assigned at line 4 of /mnt/agent/output/plan.md. For the
    assigned indicator, find 3 non-traditional / alternative data vendors. Use vendor product pages, API
    docs, and pricing pages to fill update frequency, history depth, and price. Write up to 3 vendor rows
    to /mnt/agent/output/result_004.tsv. The first line of the file MUST be `STATUS: complete` or `STATUS:
    partial — [reason]`. Subsequent lines are the data rows; do NOT include the schema header in this
    file (coordinator owns the final header). Hard ceiling: 25 sub-agent messages.'
  expected_input: /mnt/agent/output/plan.md (read line 4 for the macro indicator assignment + the shared
    output schema and quality criteria).
  expected_output: /mnt/agent/output/result_004.tsv (STATUS line + up to 3 vendor rows matching the schema
    defined in plan.md).
  depends_on:
  - coordinator
  is_parallelizable: true
- subtask_id: research_agent_005
  description: 'Research one macro indicator assigned at line 5 of /mnt/agent/output/plan.md. For the
    assigned indicator, find 3 non-traditional / alternative data vendors. Use vendor product pages, API
    docs, and pricing pages to fill update frequency, history depth, and price. Write up to 3 vendor rows
    to /mnt/agent/output/result_005.tsv. The first line of the file MUST be `STATUS: complete` or `STATUS:
    partial — [reason]`. Subsequent lines are the data rows; do NOT include the schema header in this
    file (coordinator owns the final header). Hard ceiling: 25 sub-agent messages.'
  expected_input: /mnt/agent/output/plan.md (read line 5 for the macro indicator assignment + the shared
    output schema and quality criteria).
  expected_output: /mnt/agent/output/result_005.tsv (STATUS line + up to 3 vendor rows matching the schema
    defined in plan.md).
  depends_on:
  - coordinator
  is_parallelizable: true
- subtask_id: research_agent_006
  description: 'Research one macro indicator assigned at line 6 of /mnt/agent/output/plan.md. For the
    assigned indicator, find 3 non-traditional / alternative data vendors. Use vendor product pages, API
    docs, and pricing pages to fill update frequency, history depth, and price. Write up to 3 vendor rows
    to /mnt/agent/output/result_006.tsv. The first line of the file MUST be `STATUS: complete` or `STATUS:
    partial — [reason]`. Subsequent lines are the data rows; do NOT include the schema header in this
    file (coordinator owns the final header). Hard ceiling: 25 sub-agent messages.'
  expected_input: /mnt/agent/output/plan.md (read line 6 for the macro indicator assignment + the shared
    output schema and quality criteria).
  expected_output: /mnt/agent/output/result_006.tsv (STATUS line + up to 3 vendor rows matching the schema
    defined in plan.md).
  depends_on:
  - coordinator
  is_parallelizable: true
- subtask_id: research_agent_007
  description: 'Research one macro indicator assigned at line 7 of /mnt/agent/output/plan.md. For the
    assigned indicator, find 3 non-traditional / alternative data vendors. Use vendor product pages, API
    docs, and pricing pages to fill update frequency, history depth, and price. Write up to 3 vendor rows
    to /mnt/agent/output/result_007.tsv. The first line of the file MUST be `STATUS: complete` or `STATUS:
    partial — [reason]`. Subsequent lines are the data rows; do NOT include the schema header in this
    file (coordinator owns the final header). Hard ceiling: 25 sub-agent messages.'
  expected_input: /mnt/agent/output/plan.md (read line 7 for the macro indicator assignment + the shared
    output schema and quality criteria).
  expected_output: /mnt/agent/output/result_007.tsv (STATUS line + up to 3 vendor rows matching the schema
    defined in plan.md).
  depends_on:
  - coordinator
  is_parallelizable: true
- subtask_id: research_agent_008
  description: 'Research one macro indicator assigned at line 8 of /mnt/agent/output/plan.md. For the
    assigned indicator, find 3 non-traditional / alternative data vendors. Use vendor product pages, API
    docs, and pricing pages to fill update frequency, history depth, and price. Write up to 3 vendor rows
    to /mnt/agent/output/result_008.tsv. The first line of the file MUST be `STATUS: complete` or `STATUS:
    partial — [reason]`. Subsequent lines are the data rows; do NOT include the schema header in this
    file (coordinator owns the final header). Hard ceiling: 25 sub-agent messages.'
  expected_input: /mnt/agent/output/plan.md (read line 8 for the macro indicator assignment + the shared
    output schema and quality criteria).
  expected_output: /mnt/agent/output/result_008.tsv (STATUS line + up to 3 vendor rows matching the schema
    defined in plan.md).
  depends_on:
  - coordinator
  is_parallelizable: true
- subtask_id: research_agent_009
  description: 'Research one macro indicator assigned at line 9 of /mnt/agent/output/plan.md. For the
    assigned indicator, find 3 non-traditional / alternative data vendors. Use vendor product pages, API
    docs, and pricing pages to fill update frequency, history depth, and price. Write up to 3 vendor rows
    to /mnt/agent/output/result_009.tsv. The first line of the file MUST be `STATUS: complete` or `STATUS:
    partial — [reason]`. Subsequent lines are the data rows; do NOT include the schema header in this
    file (coordinator owns the final header). Hard ceiling: 25 sub-agent messages.'
  expected_input: /mnt/agent/output/plan.md (read line 9 for the macro indicator assignment + the shared
    output schema and quality criteria).
  expected_output: /mnt/agent/output/result_009.tsv (STATUS line + up to 3 vendor rows matching the schema
    defined in plan.md).
  depends_on:
  - coordinator
  is_parallelizable: true
- subtask_id: research_agent_010
  description: 'Research one macro indicator assigned at line 10 of /mnt/agent/output/plan.md. For the
    assigned indicator, find 3 non-traditional / alternative data vendors. Use vendor product pages, API
    docs, and pricing pages to fill update frequency, history depth, and price. Write up to 3 vendor rows
    to /mnt/agent/output/result_010.tsv. The first line of the file MUST be `STATUS: complete` or `STATUS:
    partial — [reason]`. Subsequent lines are the data rows; do NOT include the schema header in this
    file (coordinator owns the final header). Hard ceiling: 25 sub-agent messages.'
  expected_input: /mnt/agent/output/plan.md (read line 10 for the macro indicator assignment + the shared
    output schema and quality criteria).
  expected_output: /mnt/agent/output/result_010.tsv (STATUS line + up to 3 vendor rows matching the schema
    defined in plan.md).
  depends_on:
  - coordinator
  is_parallelizable: true
- subtask_id: research_agent_011
  description: 'Research one macro indicator assigned at line 11 of /mnt/agent/output/plan.md. For the
    assigned indicator, find 3 non-traditional / alternative data vendors. Use vendor product pages, API
    docs, and pricing pages to fill update frequency, history depth, and price. Write up to 3 vendor rows
    to /mnt/agent/output/result_011.tsv. The first line of the file MUST be `STATUS: complete` or `STATUS:
    partial — [reason]`. Subsequent lines are the data rows; do NOT include the schema header in this
    file (coordinator owns the final header). Hard ceiling: 25 sub-agent messages.'
  expected_input: /mnt/agent/output/plan.md (read line 11 for the macro indicator assignment + the shared
    output schema and quality criteria).
  expected_output: /mnt/agent/output/result_011.tsv (STATUS line + up to 3 vendor rows matching the schema
    defined in plan.md).
  depends_on:
  - coordinator
  is_parallelizable: true
- subtask_id: research_agent_012
  description: 'Research one macro indicator assigned at line 12 of /mnt/agent/output/plan.md. For the
    assigned indicator, find 3 non-traditional / alternative data vendors. Use vendor product pages, API
    docs, and pricing pages to fill update frequency, history depth, and price. Write up to 3 vendor rows
    to /mnt/agent/output/result_012.tsv. The first line of the file MUST be `STATUS: complete` or `STATUS:
    partial — [reason]`. Subsequent lines are the data rows; do NOT include the schema header in this
    file (coordinator owns the final header). Hard ceiling: 25 sub-agent messages.'
  expected_input: /mnt/agent/output/plan.md (read line 12 for the macro indicator assignment + the shared
    output schema and quality criteria).
  expected_output: /mnt/agent/output/result_012.tsv (STATUS line + up to 3 vendor rows matching the schema
    defined in plan.md).
  depends_on:
  - coordinator
  is_parallelizable: true
- subtask_id: research_agent_013
  description: 'Research one macro indicator assigned at line 13 of /mnt/agent/output/plan.md. For the
    assigned indicator, find 3 non-traditional / alternative data vendors. Use vendor product pages, API
    docs, and pricing pages to fill update frequency, history depth, and price. Write up to 3 vendor rows
    to /mnt/agent/output/result_013.tsv. The first line of the file MUST be `STATUS: complete` or `STATUS:
    partial — [reason]`. Subsequent lines are the data rows; do NOT include the schema header in this
    file (coordinator owns the final header). Hard ceiling: 25 sub-agent messages.'
  expected_input: /mnt/agent/output/plan.md (read line 13 for the macro indicator assignment + the shared
    output schema and quality criteria).
  expected_output: /mnt/agent/output/result_013.tsv (STATUS line + up to 3 vendor rows matching the schema
    defined in plan.md).
  depends_on:
  - coordinator
  is_parallelizable: true
- subtask_id: research_agent_014
  description: 'Research one macro indicator assigned at line 14 of /mnt/agent/output/plan.md. For the
    assigned indicator, find 3 non-traditional / alternative data vendors. Use vendor product pages, API
    docs, and pricing pages to fill update frequency, history depth, and price. Write up to 3 vendor rows
    to /mnt/agent/output/result_014.tsv. The first line of the file MUST be `STATUS: complete` or `STATUS:
    partial — [reason]`. Subsequent lines are the data rows; do NOT include the schema header in this
    file (coordinator owns the final header). Hard ceiling: 25 sub-agent messages.'
  expected_input: /mnt/agent/output/plan.md (read line 14 for the macro indicator assignment + the shared
    output schema and quality criteria).
  expected_output: /mnt/agent/output/result_014.tsv (STATUS line + up to 3 vendor rows matching the schema
    defined in plan.md).
  depends_on:
  - coordinator
  is_parallelizable: true
- subtask_id: research_agent_015
  description: 'Research one macro indicator assigned at line 15 of /mnt/agent/output/plan.md. For the
    assigned indicator, find 3 non-traditional / alternative data vendors. Use vendor product pages, API
    docs, and pricing pages to fill update frequency, history depth, and price. Write up to 3 vendor rows
    to /mnt/agent/output/result_015.tsv. The first line of the file MUST be `STATUS: complete` or `STATUS:
    partial — [reason]`. Subsequent lines are the data rows; do NOT include the schema header in this
    file (coordinator owns the final header). Hard ceiling: 25 sub-agent messages.'
  expected_input: /mnt/agent/output/plan.md (read line 15 for the macro indicator assignment + the shared
    output schema and quality criteria).
  expected_output: /mnt/agent/output/result_015.tsv (STATUS line + up to 3 vendor rows matching the schema
    defined in plan.md).
  depends_on:
  - coordinator
  is_parallelizable: true
- subtask_id: research_agent_016
  description: 'Research one macro indicator assigned at line 16 of /mnt/agent/output/plan.md. For the
    assigned indicator, find 3 non-traditional / alternative data vendors. Use vendor product pages, API
    docs, and pricing pages to fill update frequency, history depth, and price. Write up to 3 vendor rows
    to /mnt/agent/output/result_016.tsv. The first line of the file MUST be `STATUS: complete` or `STATUS:
    partial — [reason]`. Subsequent lines are the data rows; do NOT include the schema header in this
    file (coordinator owns the final header). Hard ceiling: 25 sub-agent messages.'
  expected_input: /mnt/agent/output/plan.md (read line 16 for the macro indicator assignment + the shared
    output schema and quality criteria).
  expected_output: /mnt/agent/output/result_016.tsv (STATUS line + up to 3 vendor rows matching the schema
    defined in plan.md).
  depends_on:
  - coordinator
  is_parallelizable: true
- subtask_id: research_agent_017
  description: 'Research one macro indicator assigned at line 17 of /mnt/agent/output/plan.md. For the
    assigned indicator, find 3 non-traditional / alternative data vendors. Use vendor product pages, API
    docs, and pricing pages to fill update frequency, history depth, and price. Write up to 3 vendor rows
    to /mnt/agent/output/result_017.tsv. The first line of the file MUST be `STATUS: complete` or `STATUS:
    partial — [reason]`. Subsequent lines are the data rows; do NOT include the schema header in this
    file (coordinator owns the final header). Hard ceiling: 25 sub-agent messages.'
  expected_input: /mnt/agent/output/plan.md (read line 17 for the macro indicator assignment + the shared
    output schema and quality criteria).
  expected_output: /mnt/agent/output/result_017.tsv (STATUS line + up to 3 vendor rows matching the schema
    defined in plan.md).
  depends_on:
  - coordinator
  is_parallelizable: true
- subtask_id: research_agent_018
  description: 'Research one macro indicator assigned at line 18 of /mnt/agent/output/plan.md. For the
    assigned indicator, find 3 non-traditional / alternative data vendors. Use vendor product pages, API
    docs, and pricing pages to fill update frequency, history depth, and price. Write up to 3 vendor rows
    to /mnt/agent/output/result_018.tsv. The first line of the file MUST be `STATUS: complete` or `STATUS:
    partial — [reason]`. Subsequent lines are the data rows; do NOT include the schema header in this
    file (coordinator owns the final header). Hard ceiling: 25 sub-agent messages.'
  expected_input: /mnt/agent/output/plan.md (read line 18 for the macro indicator assignment + the shared
    output schema and quality criteria).
  expected_output: /mnt/agent/output/result_018.tsv (STATUS line + up to 3 vendor rows matching the schema
    defined in plan.md).
  depends_on:
  - coordinator
  is_parallelizable: true
- subtask_id: research_agent_019
  description: 'Research one macro indicator assigned at line 19 of /mnt/agent/output/plan.md. For the
    assigned indicator, find 3 non-traditional / alternative data vendors. Use vendor product pages, API
    docs, and pricing pages to fill update frequency, history depth, and price. Write up to 3 vendor rows
    to /mnt/agent/output/result_019.tsv. The first line of the file MUST be `STATUS: complete` or `STATUS:
    partial — [reason]`. Subsequent lines are the data rows; do NOT include the schema header in this
    file (coordinator owns the final header). Hard ceiling: 25 sub-agent messages.'
  expected_input: /mnt/agent/output/plan.md (read line 19 for the macro indicator assignment + the shared
    output schema and quality criteria).
  expected_output: /mnt/agent/output/result_019.tsv (STATUS line + up to 3 vendor rows matching the schema
    defined in plan.md).
  depends_on:
  - coordinator
  is_parallelizable: true
- subtask_id: research_agent_020
  description: 'Research one macro indicator assigned at line 20 of /mnt/agent/output/plan.md. For the
    assigned indicator, find 3 non-traditional / alternative data vendors. Use vendor product pages, API
    docs, and pricing pages to fill update frequency, history depth, and price. Write up to 3 vendor rows
    to /mnt/agent/output/result_020.tsv. The first line of the file MUST be `STATUS: complete` or `STATUS:
    partial — [reason]`. Subsequent lines are the data rows; do NOT include the schema header in this
    file (coordinator owns the final header). Hard ceiling: 25 sub-agent messages.'
  expected_input: /mnt/agent/output/plan.md (read line 20 for the macro indicator assignment + the shared
    output schema and quality criteria).
  expected_output: /mnt/agent/output/result_020.tsv (STATUS line + up to 3 vendor rows matching the schema
    defined in plan.md).
  depends_on:
  - coordinator
  is_parallelizable: true
- subtask_id: research_agent_021
  description: 'Research one macro indicator assigned at line 21 of /mnt/agent/output/plan.md. For the
    assigned indicator, find 3 non-traditional / alternative data vendors. Use vendor product pages, API
    docs, and pricing pages to fill update frequency, history depth, and price. Write up to 3 vendor rows
    to /mnt/agent/output/result_021.tsv. The first line of the file MUST be `STATUS: complete` or `STATUS:
    partial — [reason]`. Subsequent lines are the data rows; do NOT include the schema header in this
    file (coordinator owns the final header). Hard ceiling: 25 sub-agent messages.'
  expected_input: /mnt/agent/output/plan.md (read line 21 for the macro indicator assignment + the shared
    output schema and quality criteria).
  expected_output: /mnt/agent/output/result_021.tsv (STATUS line + up to 3 vendor rows matching the schema
    defined in plan.md).
  depends_on:
  - coordinator
  is_parallelizable: true
- subtask_id: research_agent_022
  description: 'Research one macro indicator assigned at line 22 of /mnt/agent/output/plan.md. For the
    assigned indicator, find 3 non-traditional / alternative data vendors. Use vendor product pages, API
    docs, and pricing pages to fill update frequency, history depth, and price. Write up to 3 vendor rows
    to /mnt/agent/output/result_022.tsv. The first line of the file MUST be `STATUS: complete` or `STATUS:
    partial — [reason]`. Subsequent lines are the data rows; do NOT include the schema header in this
    file (coordinator owns the final header). Hard ceiling: 25 sub-agent messages.'
  expected_input: /mnt/agent/output/plan.md (read line 22 for the macro indicator assignment + the shared
    output schema and quality criteria).
  expected_output: /mnt/agent/output/result_022.tsv (STATUS line + up to 3 vendor rows matching the schema
    defined in plan.md).
  depends_on:
  - coordinator
  is_parallelizable: true
- subtask_id: research_agent_023
  description: 'Research one macro indicator assigned at line 23 of /mnt/agent/output/plan.md. For the
    assigned indicator, find 3 non-traditional / alternative data vendors. Use vendor product pages, API
    docs, and pricing pages to fill update frequency, history depth, and price. Write up to 3 vendor rows
    to /mnt/agent/output/result_023.tsv. The first line of the file MUST be `STATUS: complete` or `STATUS:
    partial — [reason]`. Subsequent lines are the data rows; do NOT include the schema header in this
    file (coordinator owns the final header). Hard ceiling: 25 sub-agent messages.'
  expected_input: /mnt/agent/output/plan.md (read line 23 for the macro indicator assignment + the shared
    output schema and quality criteria).
  expected_output: /mnt/agent/output/result_023.tsv (STATUS line + up to 3 vendor rows matching the schema
    defined in plan.md).
  depends_on:
  - coordinator
  is_parallelizable: true
- subtask_id: research_agent_024
  description: 'Research one macro indicator assigned at line 24 of /mnt/agent/output/plan.md. For the
    assigned indicator, find 3 non-traditional / alternative data vendors. Use vendor product pages, API
    docs, and pricing pages to fill update frequency, history depth, and price. Write up to 3 vendor rows
    to /mnt/agent/output/result_024.tsv. The first line of the file MUST be `STATUS: complete` or `STATUS:
    partial — [reason]`. Subsequent lines are the data rows; do NOT include the schema header in this
    file (coordinator owns the final header). Hard ceiling: 25 sub-agent messages.'
  expected_input: /mnt/agent/output/plan.md (read line 24 for the macro indicator assignment + the shared
    output schema and quality criteria).
  expected_output: /mnt/agent/output/result_024.tsv (STATUS line + up to 3 vendor rows matching the schema
    defined in plan.md).
  depends_on:
  - coordinator
  is_parallelizable: true
- subtask_id: research_agent_025
  description: 'Research one macro indicator assigned at line 25 of /mnt/agent/output/plan.md. For the
    assigned indicator, find 3 non-traditional / alternative data vendors. Use vendor product pages, API
    docs, and pricing pages to fill update frequency, history depth, and price. Write up to 3 vendor rows
    to /mnt/agent/output/result_025.tsv. The first line of the file MUST be `STATUS: complete` or `STATUS:
    partial — [reason]`. Subsequent lines are the data rows; do NOT include the schema header in this
    file (coordinator owns the final header). Hard ceiling: 25 sub-agent messages.'
  expected_input: /mnt/agent/output/plan.md (read line 25 for the macro indicator assignment + the shared
    output schema and quality criteria).
  expected_output: /mnt/agent/output/result_025.tsv (STATUS line + up to 3 vendor rows matching the schema
    defined in plan.md).
  depends_on:
  - coordinator
  is_parallelizable: true
- subtask_id: research_agent_026
  description: 'Research one macro indicator assigned at line 26 of /mnt/agent/output/plan.md. For the
    assigned indicator, find 3 non-traditional / alternative data vendors. Use vendor product pages, API
    docs, and pricing pages to fill update frequency, history depth, and price. Write up to 3 vendor rows
    to /mnt/agent/output/result_026.tsv. The first line of the file MUST be `STATUS: complete` or `STATUS:
    partial — [reason]`. Subsequent lines are the data rows; do NOT include the schema header in this
    file (coordinator owns the final header). Hard ceiling: 25 sub-agent messages.'
  expected_input: /mnt/agent/output/plan.md (read line 26 for the macro indicator assignment + the shared
    output schema and quality criteria).
  expected_output: /mnt/agent/output/result_026.tsv (STATUS line + up to 3 vendor rows matching the schema
    defined in plan.md).
  depends_on:
  - coordinator
  is_parallelizable: true
- subtask_id: research_agent_027
  description: 'Research one macro indicator assigned at line 27 of /mnt/agent/output/plan.md. For the
    assigned indicator, find 3 non-traditional / alternative data vendors. Use vendor product pages, API
    docs, and pricing pages to fill update frequency, history depth, and price. Write up to 3 vendor rows
    to /mnt/agent/output/result_027.tsv. The first line of the file MUST be `STATUS: complete` or `STATUS:
    partial — [reason]`. Subsequent lines are the data rows; do NOT include the schema header in this
    file (coordinator owns the final header). Hard ceiling: 25 sub-agent messages.'
  expected_input: /mnt/agent/output/plan.md (read line 27 for the macro indicator assignment + the shared
    output schema and quality criteria).
  expected_output: /mnt/agent/output/result_027.tsv (STATUS line + up to 3 vendor rows matching the schema
    defined in plan.md).
  depends_on:
  - coordinator
  is_parallelizable: true
- subtask_id: research_agent_028
  description: 'Research one macro indicator assigned at line 28 of /mnt/agent/output/plan.md. For the
    assigned indicator, find 3 non-traditional / alternative data vendors. Use vendor product pages, API
    docs, and pricing pages to fill update frequency, history depth, and price. Write up to 3 vendor rows
    to /mnt/agent/output/result_028.tsv. The first line of the file MUST be `STATUS: complete` or `STATUS:
    partial — [reason]`. Subsequent lines are the data rows; do NOT include the schema header in this
    file (coordinator owns the final header). Hard ceiling: 25 sub-agent messages.'
  expected_input: /mnt/agent/output/plan.md (read line 28 for the macro indicator assignment + the shared
    output schema and quality criteria).
  expected_output: /mnt/agent/output/result_028.tsv (STATUS line + up to 3 vendor rows matching the schema
    defined in plan.md).
  depends_on:
  - coordinator
  is_parallelizable: true
- subtask_id: research_agent_029
  description: 'Research one macro indicator assigned at line 29 of /mnt/agent/output/plan.md. For the
    assigned indicator, find 3 non-traditional / alternative data vendors. Use vendor product pages, API
    docs, and pricing pages to fill update frequency, history depth, and price. Write up to 3 vendor rows
    to /mnt/agent/output/result_029.tsv. The first line of the file MUST be `STATUS: complete` or `STATUS:
    partial — [reason]`. Subsequent lines are the data rows; do NOT include the schema header in this
    file (coordinator owns the final header). Hard ceiling: 25 sub-agent messages.'
  expected_input: /mnt/agent/output/plan.md (read line 29 for the macro indicator assignment + the shared
    output schema and quality criteria).
  expected_output: /mnt/agent/output/result_029.tsv (STATUS line + up to 3 vendor rows matching the schema
    defined in plan.md).
  depends_on:
  - coordinator
  is_parallelizable: true
- subtask_id: research_agent_030
  description: 'Research one macro indicator assigned at line 30 of /mnt/agent/output/plan.md. For the
    assigned indicator, find 3 non-traditional / alternative data vendors. Use vendor product pages, API
    docs, and pricing pages to fill update frequency, history depth, and price. Write up to 3 vendor rows
    to /mnt/agent/output/result_030.tsv. The first line of the file MUST be `STATUS: complete` or `STATUS:
    partial — [reason]`. Subsequent lines are the data rows; do NOT include the schema header in this
    file (coordinator owns the final header). Hard ceiling: 25 sub-agent messages.'
  expected_input: /mnt/agent/output/plan.md (read line 30 for the macro indicator assignment + the shared
    output schema and quality criteria).
  expected_output: /mnt/agent/output/result_030.tsv (STATUS line + up to 3 vendor rows matching the schema
    defined in plan.md).
  depends_on:
  - coordinator
  is_parallelizable: true
- subtask_id: research_agent_031
  description: 'Research one macro indicator assigned at line 31 of /mnt/agent/output/plan.md. For the
    assigned indicator, find 3 non-traditional / alternative data vendors. Use vendor product pages, API
    docs, and pricing pages to fill update frequency, history depth, and price. Write up to 3 vendor rows
    to /mnt/agent/output/result_031.tsv. The first line of the file MUST be `STATUS: complete` or `STATUS:
    partial — [reason]`. Subsequent lines are the data rows; do NOT include the schema header in this
    file (coordinator owns the final header). Hard ceiling: 25 sub-agent messages.'
  expected_input: /mnt/agent/output/plan.md (read line 31 for the macro indicator assignment + the shared
    output schema and quality criteria).
  expected_output: /mnt/agent/output/result_031.tsv (STATUS line + up to 3 vendor rows matching the schema
    defined in plan.md).
  depends_on:
  - coordinator
  is_parallelizable: true
- subtask_id: research_agent_032
  description: 'Research one macro indicator assigned at line 32 of /mnt/agent/output/plan.md. For the
    assigned indicator, find 3 non-traditional / alternative data vendors. Use vendor product pages, API
    docs, and pricing pages to fill update frequency, history depth, and price. Write up to 3 vendor rows
    to /mnt/agent/output/result_032.tsv. The first line of the file MUST be `STATUS: complete` or `STATUS:
    partial — [reason]`. Subsequent lines are the data rows; do NOT include the schema header in this
    file (coordinator owns the final header). Hard ceiling: 25 sub-agent messages.'
  expected_input: /mnt/agent/output/plan.md (read line 32 for the macro indicator assignment + the shared
    output schema and quality criteria).
  expected_output: /mnt/agent/output/result_032.tsv (STATUS line + up to 3 vendor rows matching the schema
    defined in plan.md).
  depends_on:
  - coordinator
  is_parallelizable: true
- subtask_id: research_agent_033
  description: 'Research one macro indicator assigned at line 33 of /mnt/agent/output/plan.md. For the
    assigned indicator, find 3 non-traditional / alternative data vendors. Use vendor product pages, API
    docs, and pricing pages to fill update frequency, history depth, and price. Write up to 3 vendor rows
    to /mnt/agent/output/result_033.tsv. The first line of the file MUST be `STATUS: complete` or `STATUS:
    partial — [reason]`. Subsequent lines are the data rows; do NOT include the schema header in this
    file (coordinator owns the final header). Hard ceiling: 25 sub-agent messages.'
  expected_input: /mnt/agent/output/plan.md (read line 33 for the macro indicator assignment + the shared
    output schema and quality criteria).
  expected_output: /mnt/agent/output/result_033.tsv (STATUS line + up to 3 vendor rows matching the schema
    defined in plan.md).
  depends_on:
  - coordinator
  is_parallelizable: true
- subtask_id: research_agent_034
  description: 'Research one macro indicator assigned at line 34 of /mnt/agent/output/plan.md. For the
    assigned indicator, find 3 non-traditional / alternative data vendors. Use vendor product pages, API
    docs, and pricing pages to fill update frequency, history depth, and price. Write up to 3 vendor rows
    to /mnt/agent/output/result_034.tsv. The first line of the file MUST be `STATUS: complete` or `STATUS:
    partial — [reason]`. Subsequent lines are the data rows; do NOT include the schema header in this
    file (coordinator owns the final header). Hard ceiling: 25 sub-agent messages.'
  expected_input: /mnt/agent/output/plan.md (read line 34 for the macro indicator assignment + the shared
    output schema and quality criteria).
  expected_output: /mnt/agent/output/result_034.tsv (STATUS line + up to 3 vendor rows matching the schema
    defined in plan.md).
  depends_on:
  - coordinator
  is_parallelizable: true
- subtask_id: research_agent_035
  description: 'Research one macro indicator assigned at line 35 of /mnt/agent/output/plan.md. For the
    assigned indicator, find 3 non-traditional / alternative data vendors. Use vendor product pages, API
    docs, and pricing pages to fill update frequency, history depth, and price. Write up to 3 vendor rows
    to /mnt/agent/output/result_035.tsv. The first line of the file MUST be `STATUS: complete` or `STATUS:
    partial — [reason]`. Subsequent lines are the data rows; do NOT include the schema header in this
    file (coordinator owns the final header). Hard ceiling: 25 sub-agent messages.'
  expected_input: /mnt/agent/output/plan.md (read line 35 for the macro indicator assignment + the shared
    output schema and quality criteria).
  expected_output: /mnt/agent/output/result_035.tsv (STATUS line + up to 3 vendor rows matching the schema
    defined in plan.md).
  depends_on:
  - coordinator
  is_parallelizable: true
- subtask_id: research_agent_036
  description: 'Research one macro indicator assigned at line 36 of /mnt/agent/output/plan.md. For the
    assigned indicator, find 3 non-traditional / alternative data vendors. Use vendor product pages, API
    docs, and pricing pages to fill update frequency, history depth, and price. Write up to 3 vendor rows
    to /mnt/agent/output/result_036.tsv. The first line of the file MUST be `STATUS: complete` or `STATUS:
    partial — [reason]`. Subsequent lines are the data rows; do NOT include the schema header in this
    file (coordinator owns the final header). Hard ceiling: 25 sub-agent messages.'
  expected_input: /mnt/agent/output/plan.md (read line 36 for the macro indicator assignment + the shared
    output schema and quality criteria).
  expected_output: /mnt/agent/output/result_036.tsv (STATUS line + up to 3 vendor rows matching the schema
    defined in plan.md).
  depends_on:
  - coordinator
  is_parallelizable: true
- subtask_id: research_agent_037
  description: 'Research one macro indicator assigned at line 37 of /mnt/agent/output/plan.md. For the
    assigned indicator, find 3 non-traditional / alternative data vendors. Use vendor product pages, API
    docs, and pricing pages to fill update frequency, history depth, and price. Write up to 3 vendor rows
    to /mnt/agent/output/result_037.tsv. The first line of the file MUST be `STATUS: complete` or `STATUS:
    partial — [reason]`. Subsequent lines are the data rows; do NOT include the schema header in this
    file (coordinator owns the final header). Hard ceiling: 25 sub-agent messages.'
  expected_input: /mnt/agent/output/plan.md (read line 37 for the macro indicator assignment + the shared
    output schema and quality criteria).
  expected_output: /mnt/agent/output/result_037.tsv (STATUS line + up to 3 vendor rows matching the schema
    defined in plan.md).
  depends_on:
  - coordinator
  is_parallelizable: true
- subtask_id: research_agent_038
  description: 'Research one macro indicator assigned at line 38 of /mnt/agent/output/plan.md. For the
    assigned indicator, find 3 non-traditional / alternative data vendors. Use vendor product pages, API
    docs, and pricing pages to fill update frequency, history depth, and price. Write up to 3 vendor rows
    to /mnt/agent/output/result_038.tsv. The first line of the file MUST be `STATUS: complete` or `STATUS:
    partial — [reason]`. Subsequent lines are the data rows; do NOT include the schema header in this
    file (coordinator owns the final header). Hard ceiling: 25 sub-agent messages.'
  expected_input: /mnt/agent/output/plan.md (read line 38 for the macro indicator assignment + the shared
    output schema and quality criteria).
  expected_output: /mnt/agent/output/result_038.tsv (STATUS line + up to 3 vendor rows matching the schema
    defined in plan.md).
  depends_on:
  - coordinator
  is_parallelizable: true
- subtask_id: research_agent_039
  description: 'Research one macro indicator assigned at line 39 of /mnt/agent/output/plan.md. For the
    assigned indicator, find 3 non-traditional / alternative data vendors. Use vendor product pages, API
    docs, and pricing pages to fill update frequency, history depth, and price. Write up to 3 vendor rows
    to /mnt/agent/output/result_039.tsv. The first line of the file MUST be `STATUS: complete` or `STATUS:
    partial — [reason]`. Subsequent lines are the data rows; do NOT include the schema header in this
    file (coordinator owns the final header). Hard ceiling: 25 sub-agent messages.'
  expected_input: /mnt/agent/output/plan.md (read line 39 for the macro indicator assignment + the shared
    output schema and quality criteria).
  expected_output: /mnt/agent/output/result_039.tsv (STATUS line + up to 3 vendor rows matching the schema
    defined in plan.md).
  depends_on:
  - coordinator
  is_parallelizable: true
- subtask_id: research_agent_040
  description: 'Research one macro indicator assigned at line 40 of /mnt/agent/output/plan.md. For the
    assigned indicator, find 3 non-traditional / alternative data vendors. Use vendor product pages, API
    docs, and pricing pages to fill update frequency, history depth, and price. Write up to 3 vendor rows
    to /mnt/agent/output/result_040.tsv. The first line of the file MUST be `STATUS: complete` or `STATUS:
    partial — [reason]`. Subsequent lines are the data rows; do NOT include the schema header in this
    file (coordinator owns the final header). Hard ceiling: 25 sub-agent messages.'
  expected_input: /mnt/agent/output/plan.md (read line 40 for the macro indicator assignment + the shared
    output schema and quality criteria).
  expected_output: /mnt/agent/output/result_040.tsv (STATUS line + up to 3 vendor rows matching the schema
    defined in plan.md).
  depends_on:
  - coordinator
  is_parallelizable: true
- subtask_id: research_agent_041
  description: 'Research one macro indicator assigned at line 41 of /mnt/agent/output/plan.md. For the
    assigned indicator, find 3 non-traditional / alternative data vendors. Use vendor product pages, API
    docs, and pricing pages to fill update frequency, history depth, and price. Write up to 3 vendor rows
    to /mnt/agent/output/result_041.tsv. The first line of the file MUST be `STATUS: complete` or `STATUS:
    partial — [reason]`. Subsequent lines are the data rows; do NOT include the schema header in this
    file (coordinator owns the final header). Hard ceiling: 25 sub-agent messages.'
  expected_input: /mnt/agent/output/plan.md (read line 41 for the macro indicator assignment + the shared
    output schema and quality criteria).
  expected_output: /mnt/agent/output/result_041.tsv (STATUS line + up to 3 vendor rows matching the schema
    defined in plan.md).
  depends_on:
  - coordinator
  is_parallelizable: true
- subtask_id: research_agent_042
  description: 'Research one macro indicator assigned at line 42 of /mnt/agent/output/plan.md. For the
    assigned indicator, find 3 non-traditional / alternative data vendors. Use vendor product pages, API
    docs, and pricing pages to fill update frequency, history depth, and price. Write up to 3 vendor rows
    to /mnt/agent/output/result_042.tsv. The first line of the file MUST be `STATUS: complete` or `STATUS:
    partial — [reason]`. Subsequent lines are the data rows; do NOT include the schema header in this
    file (coordinator owns the final header). Hard ceiling: 25 sub-agent messages.'
  expected_input: /mnt/agent/output/plan.md (read line 42 for the macro indicator assignment + the shared
    output schema and quality criteria).
  expected_output: /mnt/agent/output/result_042.tsv (STATUS line + up to 3 vendor rows matching the schema
    defined in plan.md).
  depends_on:
  - coordinator
  is_parallelizable: true
- subtask_id: research_agent_043
  description: 'Research one macro indicator assigned at line 43 of /mnt/agent/output/plan.md. For the
    assigned indicator, find 3 non-traditional / alternative data vendors. Use vendor product pages, API
    docs, and pricing pages to fill update frequency, history depth, and price. Write up to 3 vendor rows
    to /mnt/agent/output/result_043.tsv. The first line of the file MUST be `STATUS: complete` or `STATUS:
    partial — [reason]`. Subsequent lines are the data rows; do NOT include the schema header in this
    file (coordinator owns the final header). Hard ceiling: 25 sub-agent messages.'
  expected_input: /mnt/agent/output/plan.md (read line 43 for the macro indicator assignment + the shared
    output schema and quality criteria).
  expected_output: /mnt/agent/output/result_043.tsv (STATUS line + up to 3 vendor rows matching the schema
    defined in plan.md).
  depends_on:
  - coordinator
  is_parallelizable: true
- subtask_id: research_agent_044
  description: 'Research one macro indicator assigned at line 44 of /mnt/agent/output/plan.md. For the
    assigned indicator, find 3 non-traditional / alternative data vendors. Use vendor product pages, API
    docs, and pricing pages to fill update frequency, history depth, and price. Write up to 3 vendor rows
    to /mnt/agent/output/result_044.tsv. The first line of the file MUST be `STATUS: complete` or `STATUS:
    partial — [reason]`. Subsequent lines are the data rows; do NOT include the schema header in this
    file (coordinator owns the final header). Hard ceiling: 25 sub-agent messages.'
  expected_input: /mnt/agent/output/plan.md (read line 44 for the macro indicator assignment + the shared
    output schema and quality criteria).
  expected_output: /mnt/agent/output/result_044.tsv (STATUS line + up to 3 vendor rows matching the schema
    defined in plan.md).
  depends_on:
  - coordinator
  is_parallelizable: true
- subtask_id: research_agent_045
  description: 'Research one macro indicator assigned at line 45 of /mnt/agent/output/plan.md. For the
    assigned indicator, find 3 non-traditional / alternative data vendors. Use vendor product pages, API
    docs, and pricing pages to fill update frequency, history depth, and price. Write up to 3 vendor rows
    to /mnt/agent/output/result_045.tsv. The first line of the file MUST be `STATUS: complete` or `STATUS:
    partial — [reason]`. Subsequent lines are the data rows; do NOT include the schema header in this
    file (coordinator owns the final header). Hard ceiling: 25 sub-agent messages.'
  expected_input: /mnt/agent/output/plan.md (read line 45 for the macro indicator assignment + the shared
    output schema and quality criteria).
  expected_output: /mnt/agent/output/result_045.tsv (STATUS line + up to 3 vendor rows matching the schema
    defined in plan.md).
  depends_on:
  - coordinator
  is_parallelizable: true
- subtask_id: research_agent_046
  description: 'Research one macro indicator assigned at line 46 of /mnt/agent/output/plan.md. For the
    assigned indicator, find 3 non-traditional / alternative data vendors. Use vendor product pages, API
    docs, and pricing pages to fill update frequency, history depth, and price. Write up to 3 vendor rows
    to /mnt/agent/output/result_046.tsv. The first line of the file MUST be `STATUS: complete` or `STATUS:
    partial — [reason]`. Subsequent lines are the data rows; do NOT include the schema header in this
    file (coordinator owns the final header). Hard ceiling: 25 sub-agent messages.'
  expected_input: /mnt/agent/output/plan.md (read line 46 for the macro indicator assignment + the shared
    output schema and quality criteria).
  expected_output: /mnt/agent/output/result_046.tsv (STATUS line + up to 3 vendor rows matching the schema
    defined in plan.md).
  depends_on:
  - coordinator
  is_parallelizable: true
- subtask_id: research_agent_047
  description: 'Research one macro indicator assigned at line 47 of /mnt/agent/output/plan.md. For the
    assigned indicator, find 3 non-traditional / alternative data vendors. Use vendor product pages, API
    docs, and pricing pages to fill update frequency, history depth, and price. Write up to 3 vendor rows
    to /mnt/agent/output/result_047.tsv. The first line of the file MUST be `STATUS: complete` or `STATUS:
    partial — [reason]`. Subsequent lines are the data rows; do NOT include the schema header in this
    file (coordinator owns the final header). Hard ceiling: 25 sub-agent messages.'
  expected_input: /mnt/agent/output/plan.md (read line 47 for the macro indicator assignment + the shared
    output schema and quality criteria).
  expected_output: /mnt/agent/output/result_047.tsv (STATUS line + up to 3 vendor rows matching the schema
    defined in plan.md).
  depends_on:
  - coordinator
  is_parallelizable: true
- subtask_id: research_agent_048
  description: 'Research one macro indicator assigned at line 48 of /mnt/agent/output/plan.md. For the
    assigned indicator, find 3 non-traditional / alternative data vendors. Use vendor product pages, API
    docs, and pricing pages to fill update frequency, history depth, and price. Write up to 3 vendor rows
    to /mnt/agent/output/result_048.tsv. The first line of the file MUST be `STATUS: complete` or `STATUS:
    partial — [reason]`. Subsequent lines are the data rows; do NOT include the schema header in this
    file (coordinator owns the final header). Hard ceiling: 25 sub-agent messages.'
  expected_input: /mnt/agent/output/plan.md (read line 48 for the macro indicator assignment + the shared
    output schema and quality criteria).
  expected_output: /mnt/agent/output/result_048.tsv (STATUS line + up to 3 vendor rows matching the schema
    defined in plan.md).
  depends_on:
  - coordinator
  is_parallelizable: true
- subtask_id: research_agent_049
  description: 'Research one macro indicator assigned at line 49 of /mnt/agent/output/plan.md. For the
    assigned indicator, find 3 non-traditional / alternative data vendors. Use vendor product pages, API
    docs, and pricing pages to fill update frequency, history depth, and price. Write up to 3 vendor rows
    to /mnt/agent/output/result_049.tsv. The first line of the file MUST be `STATUS: complete` or `STATUS:
    partial — [reason]`. Subsequent lines are the data rows; do NOT include the schema header in this
    file (coordinator owns the final header). Hard ceiling: 25 sub-agent messages.'
  expected_input: /mnt/agent/output/plan.md (read line 49 for the macro indicator assignment + the shared
    output schema and quality criteria).
  expected_output: /mnt/agent/output/result_049.tsv (STATUS line + up to 3 vendor rows matching the schema
    defined in plan.md).
  depends_on:
  - coordinator
  is_parallelizable: true
- subtask_id: research_agent_050
  description: 'Research one macro indicator assigned at line 50 of /mnt/agent/output/plan.md. For the
    assigned indicator, find 3 non-traditional / alternative data vendors. Use vendor product pages, API
    docs, and pricing pages to fill update frequency, history depth, and price. Write up to 3 vendor rows
    to /mnt/agent/output/result_050.tsv. The first line of the file MUST be `STATUS: complete` or `STATUS:
    partial — [reason]`. Subsequent lines are the data rows; do NOT include the schema header in this
    file (coordinator owns the final header). Hard ceiling: 25 sub-agent messages.'
  expected_input: /mnt/agent/output/plan.md (read line 50 for the macro indicator assignment + the shared
    output schema and quality criteria).
  expected_output: /mnt/agent/output/result_050.tsv (STATUS line + up to 3 vendor rows matching the schema
    defined in plan.md).
  depends_on:
  - coordinator
  is_parallelizable: true
- subtask_id: research_agent_051
  description: 'Research one macro indicator assigned at line 51 of /mnt/agent/output/plan.md. For the
    assigned indicator, find 3 non-traditional / alternative data vendors. Use vendor product pages, API
    docs, and pricing pages to fill update frequency, history depth, and price. Write up to 3 vendor rows
    to /mnt/agent/output/result_051.tsv. The first line of the file MUST be `STATUS: complete` or `STATUS:
    partial — [reason]`. Subsequent lines are the data rows; do NOT include the schema header in this
    file (coordinator owns the final header). Hard ceiling: 25 sub-agent messages.'
  expected_input: /mnt/agent/output/plan.md (read line 51 for the macro indicator assignment + the shared
    output schema and quality criteria).
  expected_output: /mnt/agent/output/result_051.tsv (STATUS line + up to 3 vendor rows matching the schema
    defined in plan.md).
  depends_on:
  - coordinator
  is_parallelizable: true
- subtask_id: research_agent_052
  description: 'Research one macro indicator assigned at line 52 of /mnt/agent/output/plan.md. For the
    assigned indicator, find 3 non-traditional / alternative data vendors. Use vendor product pages, API
    docs, and pricing pages to fill update frequency, history depth, and price. Write up to 3 vendor rows
    to /mnt/agent/output/result_052.tsv. The first line of the file MUST be `STATUS: complete` or `STATUS:
    partial — [reason]`. Subsequent lines are the data rows; do NOT include the schema header in this
    file (coordinator owns the final header). Hard ceiling: 25 sub-agent messages.'
  expected_input: /mnt/agent/output/plan.md (read line 52 for the macro indicator assignment + the shared
    output schema and quality criteria).
  expected_output: /mnt/agent/output/result_052.tsv (STATUS line + up to 3 vendor rows matching the schema
    defined in plan.md).
  depends_on:
  - coordinator
  is_parallelizable: true
- subtask_id: research_agent_053
  description: 'Research one macro indicator assigned at line 53 of /mnt/agent/output/plan.md. For the
    assigned indicator, find 3 non-traditional / alternative data vendors. Use vendor product pages, API
    docs, and pricing pages to fill update frequency, history depth, and price. Write up to 3 vendor rows
    to /mnt/agent/output/result_053.tsv. The first line of the file MUST be `STATUS: complete` or `STATUS:
    partial — [reason]`. Subsequent lines are the data rows; do NOT include the schema header in this
    file (coordinator owns the final header). Hard ceiling: 25 sub-agent messages.'
  expected_input: /mnt/agent/output/plan.md (read line 53 for the macro indicator assignment + the shared
    output schema and quality criteria).
  expected_output: /mnt/agent/output/result_053.tsv (STATUS line + up to 3 vendor rows matching the schema
    defined in plan.md).
  depends_on:
  - coordinator
  is_parallelizable: true
- subtask_id: research_agent_054
  description: 'Research one macro indicator assigned at line 54 of /mnt/agent/output/plan.md. For the
    assigned indicator, find 3 non-traditional / alternative data vendors. Use vendor product pages, API
    docs, and pricing pages to fill update frequency, history depth, and price. Write up to 3 vendor rows
    to /mnt/agent/output/result_054.tsv. The first line of the file MUST be `STATUS: complete` or `STATUS:
    partial — [reason]`. Subsequent lines are the data rows; do NOT include the schema header in this
    file (coordinator owns the final header). Hard ceiling: 25 sub-agent messages.'
  expected_input: /mnt/agent/output/plan.md (read line 54 for the macro indicator assignment + the shared
    output schema and quality criteria).
  expected_output: /mnt/agent/output/result_054.tsv (STATUS line + up to 3 vendor rows matching the schema
    defined in plan.md).
  depends_on:
  - coordinator
  is_parallelizable: true
- subtask_id: research_agent_055
  description: 'Research one macro indicator assigned at line 55 of /mnt/agent/output/plan.md. For the
    assigned indicator, find 3 non-traditional / alternative data vendors. Use vendor product pages, API
    docs, and pricing pages to fill update frequency, history depth, and price. Write up to 3 vendor rows
    to /mnt/agent/output/result_055.tsv. The first line of the file MUST be `STATUS: complete` or `STATUS:
    partial — [reason]`. Subsequent lines are the data rows; do NOT include the schema header in this
    file (coordinator owns the final header). Hard ceiling: 25 sub-agent messages.'
  expected_input: /mnt/agent/output/plan.md (read line 55 for the macro indicator assignment + the shared
    output schema and quality criteria).
  expected_output: /mnt/agent/output/result_055.tsv (STATUS line + up to 3 vendor rows matching the schema
    defined in plan.md).
  depends_on:
  - coordinator
  is_parallelizable: true
- subtask_id: research_agent_056
  description: 'Research one macro indicator assigned at line 56 of /mnt/agent/output/plan.md. For the
    assigned indicator, find 3 non-traditional / alternative data vendors. Use vendor product pages, API
    docs, and pricing pages to fill update frequency, history depth, and price. Write up to 3 vendor rows
    to /mnt/agent/output/result_056.tsv. The first line of the file MUST be `STATUS: complete` or `STATUS:
    partial — [reason]`. Subsequent lines are the data rows; do NOT include the schema header in this
    file (coordinator owns the final header). Hard ceiling: 25 sub-agent messages.'
  expected_input: /mnt/agent/output/plan.md (read line 56 for the macro indicator assignment + the shared
    output schema and quality criteria).
  expected_output: /mnt/agent/output/result_056.tsv (STATUS line + up to 3 vendor rows matching the schema
    defined in plan.md).
  depends_on:
  - coordinator
  is_parallelizable: true
- subtask_id: research_agent_057
  description: 'Research one macro indicator assigned at line 57 of /mnt/agent/output/plan.md. For the
    assigned indicator, find 3 non-traditional / alternative data vendors. Use vendor product pages, API
    docs, and pricing pages to fill update frequency, history depth, and price. Write up to 3 vendor rows
    to /mnt/agent/output/result_057.tsv. The first line of the file MUST be `STATUS: complete` or `STATUS:
    partial — [reason]`. Subsequent lines are the data rows; do NOT include the schema header in this
    file (coordinator owns the final header). Hard ceiling: 25 sub-agent messages.'
  expected_input: /mnt/agent/output/plan.md (read line 57 for the macro indicator assignment + the shared
    output schema and quality criteria).
  expected_output: /mnt/agent/output/result_057.tsv (STATUS line + up to 3 vendor rows matching the schema
    defined in plan.md).
  depends_on:
  - coordinator
  is_parallelizable: true
- subtask_id: research_agent_058
  description: 'Research one macro indicator assigned at line 58 of /mnt/agent/output/plan.md. For the
    assigned indicator, find 3 non-traditional / alternative data vendors. Use vendor product pages, API
    docs, and pricing pages to fill update frequency, history depth, and price. Write up to 3 vendor rows
    to /mnt/agent/output/result_058.tsv. The first line of the file MUST be `STATUS: complete` or `STATUS:
    partial — [reason]`. Subsequent lines are the data rows; do NOT include the schema header in this
    file (coordinator owns the final header). Hard ceiling: 25 sub-agent messages.'
  expected_input: /mnt/agent/output/plan.md (read line 58 for the macro indicator assignment + the shared
    output schema and quality criteria).
  expected_output: /mnt/agent/output/result_058.tsv (STATUS line + up to 3 vendor rows matching the schema
    defined in plan.md).
  depends_on:
  - coordinator
  is_parallelizable: true
- subtask_id: research_agent_059
  description: 'Research one macro indicator assigned at line 59 of /mnt/agent/output/plan.md. For the
    assigned indicator, find 3 non-traditional / alternative data vendors. Use vendor product pages, API
    docs, and pricing pages to fill update frequency, history depth, and price. Write up to 3 vendor rows
    to /mnt/agent/output/result_059.tsv. The first line of the file MUST be `STATUS: complete` or `STATUS:
    partial — [reason]`. Subsequent lines are the data rows; do NOT include the schema header in this
    file (coordinator owns the final header). Hard ceiling: 25 sub-agent messages.'
  expected_input: /mnt/agent/output/plan.md (read line 59 for the macro indicator assignment + the shared
    output schema and quality criteria).
  expected_output: /mnt/agent/output/result_059.tsv (STATUS line + up to 3 vendor rows matching the schema
    defined in plan.md).
  depends_on:
  - coordinator
  is_parallelizable: true
- subtask_id: research_agent_060
  description: 'Research one macro indicator assigned at line 60 of /mnt/agent/output/plan.md. For the
    assigned indicator, find 3 non-traditional / alternative data vendors. Use vendor product pages, API
    docs, and pricing pages to fill update frequency, history depth, and price. Write up to 3 vendor rows
    to /mnt/agent/output/result_060.tsv. The first line of the file MUST be `STATUS: complete` or `STATUS:
    partial — [reason]`. Subsequent lines are the data rows; do NOT include the schema header in this
    file (coordinator owns the final header). Hard ceiling: 25 sub-agent messages.'
  expected_input: /mnt/agent/output/plan.md (read line 60 for the macro indicator assignment + the shared
    output schema and quality criteria).
  expected_output: /mnt/agent/output/result_060.tsv (STATUS line + up to 3 vendor rows matching the schema
    defined in plan.md).
  depends_on:
  - coordinator
  is_parallelizable: true
- subtask_id: research_agent_061
  description: 'Research one macro indicator assigned at line 61 of /mnt/agent/output/plan.md. For the
    assigned indicator, find 3 non-traditional / alternative data vendors. Use vendor product pages, API
    docs, and pricing pages to fill update frequency, history depth, and price. Write up to 3 vendor rows
    to /mnt/agent/output/result_061.tsv. The first line of the file MUST be `STATUS: complete` or `STATUS:
    partial — [reason]`. Subsequent lines are the data rows; do NOT include the schema header in this
    file (coordinator owns the final header). Hard ceiling: 25 sub-agent messages.'
  expected_input: /mnt/agent/output/plan.md (read line 61 for the macro indicator assignment + the shared
    output schema and quality criteria).
  expected_output: /mnt/agent/output/result_061.tsv (STATUS line + up to 3 vendor rows matching the schema
    defined in plan.md).
  depends_on:
  - coordinator
  is_parallelizable: true
- subtask_id: research_agent_062
  description: 'Research one macro indicator assigned at line 62 of /mnt/agent/output/plan.md. For the
    assigned indicator, find 3 non-traditional / alternative data vendors. Use vendor product pages, API
    docs, and pricing pages to fill update frequency, history depth, and price. Write up to 3 vendor rows
    to /mnt/agent/output/result_062.tsv. The first line of the file MUST be `STATUS: complete` or `STATUS:
    partial — [reason]`. Subsequent lines are the data rows; do NOT include the schema header in this
    file (coordinator owns the final header). Hard ceiling: 25 sub-agent messages.'
  expected_input: /mnt/agent/output/plan.md (read line 62 for the macro indicator assignment + the shared
    output schema and quality criteria).
  expected_output: /mnt/agent/output/result_062.tsv (STATUS line + up to 3 vendor rows matching the schema
    defined in plan.md).
  depends_on:
  - coordinator
  is_parallelizable: true
- subtask_id: research_agent_063
  description: 'Research one macro indicator assigned at line 63 of /mnt/agent/output/plan.md. For the
    assigned indicator, find 3 non-traditional / alternative data vendors. Use vendor product pages, API
    docs, and pricing pages to fill update frequency, history depth, and price. Write up to 3 vendor rows
    to /mnt/agent/output/result_063.tsv. The first line of the file MUST be `STATUS: complete` or `STATUS:
    partial — [reason]`. Subsequent lines are the data rows; do NOT include the schema header in this
    file (coordinator owns the final header). Hard ceiling: 25 sub-agent messages.'
  expected_input: /mnt/agent/output/plan.md (read line 63 for the macro indicator assignment + the shared
    output schema and quality criteria).
  expected_output: /mnt/agent/output/result_063.tsv (STATUS line + up to 3 vendor rows matching the schema
    defined in plan.md).
  depends_on:
  - coordinator
  is_parallelizable: true
- subtask_id: research_agent_064
  description: 'Research one macro indicator assigned at line 64 of /mnt/agent/output/plan.md. For the
    assigned indicator, find 3 non-traditional / alternative data vendors. Use vendor product pages, API
    docs, and pricing pages to fill update frequency, history depth, and price. Write up to 3 vendor rows
    to /mnt/agent/output/result_064.tsv. The first line of the file MUST be `STATUS: complete` or `STATUS:
    partial — [reason]`. Subsequent lines are the data rows; do NOT include the schema header in this
    file (coordinator owns the final header). Hard ceiling: 25 sub-agent messages.'
  expected_input: /mnt/agent/output/plan.md (read line 64 for the macro indicator assignment + the shared
    output schema and quality criteria).
  expected_output: /mnt/agent/output/result_064.tsv (STATUS line + up to 3 vendor rows matching the schema
    defined in plan.md).
  depends_on:
  - coordinator
  is_parallelizable: true
- subtask_id: research_agent_065
  description: 'Research one macro indicator assigned at line 65 of /mnt/agent/output/plan.md. For the
    assigned indicator, find 3 non-traditional / alternative data vendors. Use vendor product pages, API
    docs, and pricing pages to fill update frequency, history depth, and price. Write up to 3 vendor rows
    to /mnt/agent/output/result_065.tsv. The first line of the file MUST be `STATUS: complete` or `STATUS:
    partial — [reason]`. Subsequent lines are the data rows; do NOT include the schema header in this
    file (coordinator owns the final header). Hard ceiling: 25 sub-agent messages.'
  expected_input: /mnt/agent/output/plan.md (read line 65 for the macro indicator assignment + the shared
    output schema and quality criteria).
  expected_output: /mnt/agent/output/result_065.tsv (STATUS line + up to 3 vendor rows matching the schema
    defined in plan.md).
  depends_on:
  - coordinator
  is_parallelizable: true
minimum_viable_agents: 1
optimal_agents: 66
maximum_useful_agents: 81
"
"https://static.remotasks.com/uploads/69bee012be45f06904292c9a/dao_treasury_audit_ppp9_task.yaml","https://static.remotasks.com/uploads/69bee012be45f06904292c9a/dao_treasury_audit_ppp9_task.yaml","https://static.remotasks.com/uploads/69bee012be45f06904292c9a/dao_treasury_audit_ppp9_gold.yaml","","","","swarm_research","map_reduce","easy","https://static.remotasks.com/uploads/69bee012be45f06904292c9a/dao_treasury_audit_ppp9_single_run.json","","https://static.remotasks.com/uploads/69bee012be45f06904292c9a/dao_treasury_audit_ppp9_task.yaml","51","True","### DELEGATION WORKFLOW — DAO Treasury Asset Audit

**Objective:** Coordinate 50 parallel sub-agents to research the treasury composition and custody setup of 50 major DAOs (Decentralized Autonomous Organizations). Your role as coordinator is to plan the research, delegate to sub-agents, audit the results, and synthesize the final risk dashboard. Do NOT perform any research yourself; all data gathering must be delegated via `llm_call`. Your coordinator messages should constitute less than 15% of the total swarm token usage.

#### Phase 1 — Create the Plan

1.  Begin by creating a detailed plan file at `/mnt/agent/output/plan.md` using `str_replace_editor.create`. This plan is the single source of truth for all sub-agents.

    **Header:** Include a task description, the objective (auditing DAO treasuries), and the final output format specification (a TSV file).

    **Assignment Table:** Create a numbered list of all 50 DAOs to be investigated. Each line should follow this format:
    ```
    1. [DAO Name] — Find top 3 non-stablecoin assets and custody setup — result file: result_001.tsv
    2. [DAO Name] — Find top 3 non-stablecoin assets and custody setup — result file: result_002.tsv
    ...
    50. [DAO Name] — Find top 3 non-stablecoin assets and custody setup — result file: result_050.tsv
    ```

    **Output Schema:** Define the exact TSV columns each sub-agent must produce. The required headers are: `DAO_Name`, `Asset_1`, `Asset_1_Value_USD`, `Asset_2`, `Asset_2_Value_USD`, `Asset_3`, `Asset_3_Value_USD`, `Diversification_Non_Stable`, `Custody_Type`, `Multisig_Address`, `Signer_Count`, `Source_Links`.

    **Quality Criteria:** A `complete` result must populate all fields, especially the top 3 assets and custody details. A `partial` result is one where custody information (like signer count) is unavailable after a thorough search. Specify that sub-agents must use reliable sources.

#### Phase 2 — Parallel Delegation

2.  In a SINGLE message, launch all 50 `llm_call` invocations to run in parallel. This concurrent execution is crucial for efficiency.

    Each `llm_call` must be precisely configured:
    *   **Assignment reference:** ""You are sub-agent N. Your task is to audit a DAO treasury. Read `/mnt/agent/output/plan.md` and find your assigned DAO under item N.""
    *   **Entity scope:** The specific DAO name (e.g., ""Uniswap DAO"").
    *   **Output file:** `/mnt/agent/output/result_{NNN}.tsv` (zero-padded).
    *   **fork_mode:** `none`, as each task is self-contained based on the plan file.
    *   **Research instructions:** Instruct the sub-agent to use the `browse` tool to investigate its assigned DAO. Key data sources include Etherscan (or other block explorers for the relevant chain) for on-chain holdings, the DAO's official governance forum for treasury reports and custody discussions, and Snapshot.org pages for governance proposals related to treasury management. Example queries: ""[DAO Name] treasury address Etherscan"", ""[DAO Name] multisig signers"", ""[DAO Name] treasury diversification report forum"".
    *   **Result format:** Write a single tab-separated value (TSV) row to the assigned result file, matching the columns in the plan's Output Schema. The file must begin with a status line: `STATUS: complete` or `STATUS: partial — [reason for partial result]`, followed by a newline, and then the TSV data row. Do not include the header row in the result file.

#### Phase 3 — Quality Audit & Gap Fill

3.  Once the sub-agents complete their work, perform a quality audit. Use `str_replace_editor.view` to read the first line of each of the 50 result files.
    *   Tally the number of `complete`, `partial`, and missing files.
    *   For any `partial` or missing results (up to a maximum of 10), launch a targeted follow-up round of `llm_call`s in a single message. Provide these agents with more specific search queries or alternative data sources to try.
    *   Randomly spot-check 3-5 `complete` files to ensure data accuracy and correct formatting.

#### Phase 4 — Assemble Final Output

4.  Consolidate all successful results into the final deliverable. Read the data row from every `complete` and acceptable `partial` result file.
    *   Merge these rows into a single file at `/mnt/agent/output/final_dashboard.tsv`.
    *   Write the header row (as defined in the plan) at the top of this file.
    *   Sort the final table alphabetically by `DAO_Name`.

5.  Write a brief summary report in `/mnt/agent/output/summary.md`. This report should include:
    *   Total DAOs audited.
    *   Completion statistics (complete/partial counts).
    *   A high-level analysis of findings, such as the most commonly held non-stablecoin assets across all DAOs, common custody setups (e.g., Gnosis Safe), and average signer counts.

#### Resource Budget
*   **Phase 2 sub-agents:** 50
*   **Phase 3 follow-ups:** up to 10
*   **Sub-agent tools:** `browse`, `str_replace_editor`
*   **Max messages per sub-agent:** 25
*   **Coordinator critical-path target:** <15% of total swarm tokens","### DELEGATION WORKFLOW — DAO Treasury Asset Audit

**Objective:** Coordinate 50 parallel sub-agents to research the treasury composition and custody setup of 50 major DAOs (Decentralized Autonomous Organizations). Your role as coordinator is to plan the research, delegate to sub-agents, audit the results, and synthesize the final risk dashboard. Do NOT perform any research yourself; all data gathering must be delegated via `llm_call`. Your coordinator messages should constitute less than 15% of the total swarm token usage.

#### Phase 1 — Create the Plan

1.  Begin by creating a detailed plan file at `/mnt/agent/output/plan.md` using `str_replace_editor.create`. This plan is the single source of truth for all sub-agents.

    **Header:** Include a task description, the objective (auditing DAO treasuries), and the final output format specification (a TSV file).

    **Assignment Table:** Create a numbered list of all 50 DAOs to be investigated. Each line should follow this format:
    ```
    1. [DAO Name] — Find top 3 non-stablecoin assets and custody setup — result file: result_001.tsv
    2. [DAO Name] — Find top 3 non-stablecoin assets and custody setup — result file: result_002.tsv
    ...
    50. [DAO Name] — Find top 3 non-stablecoin assets and custody setup — result file: result_050.tsv
    ```

    **Output Schema:** Define the exact TSV columns each sub-agent must produce. The required headers are: `DAO_Name`, `Asset_1`, `Asset_1_Value_USD`, `Asset_2`, `Asset_2_Value_USD`, `Asset_3`, `Asset_3_Value_USD`, `Diversification_Non_Stable`, `Custody_Type`, `Multisig_Address`, `Signer_Count`, `Source_Links`.

    **Quality Criteria:** A `complete` result must populate all fields, especially the top 3 assets and custody details. A `partial` result is one where custody information (like signer count) is unavailable after a thorough search. Specify that sub-agents must use reliable sources.

#### Phase 2 — Parallel Delegation

2.  In a SINGLE message, launch all 50 `llm_call` invocations to run in parallel. This concurrent execution is crucial for efficiency.

    Each `llm_call` must be precisely configured:
    *   **Assignment reference:** ""You are sub-agent N. Your task is to audit a DAO treasury. Read `/mnt/agent/output/plan.md` and find your assigned DAO under item N.""
    *   **Entity scope:** The specific DAO name (e.g., ""Uniswap DAO"").
    *   **Output file:** `/mnt/agent/output/result_{NNN}.tsv` (zero-padded).
    *   **fork_mode:** `none`, as each task is self-contained based on the plan file.
    *   **Research instructions:** Instruct the sub-agent to use the `browse` tool to investigate its assigned DAO. Key data sources include Etherscan (or other block explorers for the relevant chain) for on-chain holdings, the DAO's official governance forum for treasury reports and custody discussions, and Snapshot.org pages for governance proposals related to treasury management. Example queries: ""[DAO Name] treasury address Etherscan"", ""[DAO Name] multisig signers"", ""[DAO Name] treasury diversification report forum"".
    *   **Result format:** Write a single tab-separated value (TSV) row to the assigned result file, matching the columns in the plan's Output Schema. The file must begin with a status line: `STATUS: complete` or `STATUS: partial — [reason for partial result]`, followed by a newline, and then the TSV data row. Do not include the header row in the result file.

#### Phase 3 — Quality Audit & Gap Fill

3.  Once the sub-agents complete their work, perform a quality audit. Use `str_replace_editor.view` to read the first line of each of the 50 result files.
    *   Tally the number of `complete`, `partial`, and missing files.
    *   For any `partial` or missing results (up to a maximum of 10), launch a targeted follow-up round of `llm_call`s in a single message. Provide these agents with more specific search queries or alternative data sources to try.
    *   Randomly spot-check 3-5 `complete` files to ensure data accuracy and correct formatting.

#### Phase 4 — Assemble Final Output

4.  Consolidate all successful results into the final deliverable. Read the data row from every `complete` and acceptable `partial` result file.
    *   Merge these rows into a single file at `/mnt/agent/output/final_dashboard.tsv`.
    *   Write the header row (as defined in the plan) at the top of this file.
    *   Sort the final table alphabetically by `DAO_Name`.

5.  Write a brief summary report in `/mnt/agent/output/summary.md`. This report should include:
    *   Total DAOs audited.
    *   Completion statistics (complete/partial counts).
    *   A high-level analysis of findings, such as the most commonly held non-stablecoin assets across all DAOs, common custody setups (e.g., Gnosis Safe), and average signer counts.

#### Resource Budget
*   **Phase 2 sub-agents:** 50
*   **Phase 3 follow-ups:** up to 10
*   **Sub-agent tools:** `browse`, `str_replace_editor`
*   **Max messages per sub-agent:** 25
*   **Coordinator critical-path target:** <15% of total swarm tokens","### DELEGATION WORKFLOW — DAO Treasury Asset Audit

**Objective:** Coordinate 50 parallel sub-agents to research the treasury composition and custody setup of 50 major DAOs (Decentralized Autonomous Organizations). Your role as coordinator is to plan the research, delegate to sub-agents, audit the results, and synthesize the final risk dashboard. Do NOT perform any research yourself; all data gathering must be delegated via `llm_call`. Your coordinator messages should constitute less than 15% of the total swarm token usage.

#### Phase 1 — Create the Plan

1.  Begin by creating a detailed plan file at `/mnt/agent/output/plan.md` using `str_replace_editor.create`. This plan is the single source of truth for all sub-agents.

    **Header:** Include a task description, the objective (auditing DAO treasuries), and the final output format specification (a TSV file).

    **Assignment Table:** Create a numbered list of all 50 DAOs to be investigated. Each line should follow this format:
    ```
    1. [DAO Name] — Find top 3 non-stablecoin assets and custody setup — result file: result_001.tsv
    2. [DAO Name] — Find top 3 non-stablecoin assets and custody setup — result file: result_002.tsv
    ...
    50. [DAO Name] — Find top 3 non-stablecoin assets and custody setup — result file: result_050.tsv
    ```

    **Output Schema:** Define the exact TSV columns each sub-agent must produce. The required headers are: `DAO_Name`, `Asset_1`, `Asset_1_Value_USD`, `Asset_2`, `Asset_2_Value_USD`, `Asset_3`, `Asset_3_Value_USD`, `Diversification_Non_Stable`, `Custody_Type`, `Multisig_Address`, `Signer_Count`, `Source_Links`.

    **Quality Criteria:** A `complete` result must populate all fields, especially the top 3 assets and custody details. A `partial` result is one where custody information (like signer count) is unavailable after a thorough search. Specify that sub-agents must use reliable sources.

#### Phase 2 — Parallel Delegation

2.  In a SINGLE message, launch all 50 `llm_call` invocations to run in parallel. This concurrent execution is crucial for efficiency.

    Each `llm_call` must be precisely configured:
    *   **Assignment reference:** ""You are sub-agent N. Your task is to audit a DAO treasury. Read `/mnt/agent/output/plan.md` and find your assigned DAO under item N.""
    *   **Entity scope:** The specific DAO name (e.g., ""Uniswap DAO"").
    *   **Output file:** `/mnt/agent/output/result_{NNN}.tsv` (zero-padded).
    *   **fork_mode:** `none`, as each task is self-contained based on the plan file.
    *   **Research instructions:** Instruct the sub-agent to use the `browse` tool to investigate its assigned DAO. Key data sources include Etherscan (or other block explorers for the relevant chain) for on-chain holdings, the DAO's official governance forum for treasury reports and custody discussions, and Snapshot.org pages for governance proposals related to treasury management. Example queries: ""[DAO Name] treasury address Etherscan"", ""[DAO Name] multisig signers"", ""[DAO Name] treasury diversification report forum"".
    *   **Result format:** Write a single tab-separated value (TSV) row to the assigned result file, matching the columns in the plan's Output Schema. The file must begin with a status line: `STATUS: complete` or `STATUS: partial — [reason for partial result]`, followed by a newline, and then the TSV data row. Do not include the header row in the result file.

#### Phase 3 — Quality Audit & Gap Fill

3.  Once the sub-agents complete their work, perform a quality audit. Use `str_replace_editor.view` to read the first line of each of the 50 result files.
    *   Tally the number of `complete`, `partial`, and missing files.
    *   For any `partial` or missing results (up to a maximum of 10), launch a targeted follow-up round of `llm_call`s in a single message. Provide these agents with more specific search queries or alternative data sources to try.
    *   Randomly spot-check 3-5 `complete` files to ensure data accuracy and correct formatting.

#### Phase 4 — Assemble Final Output

4.  Consolidate all successful results into the final deliverable. Read the data row from every `complete` and acceptable `partial` result file.
    *   Merge these rows into a single file at `/mnt/agent/output/final_dashboard.tsv`.
    *   Write the header row (as defined in the plan) at the top of this file.
    *   Sort the final table alphabetically by `DAO_Name`.

5.  Write a brief summary report in `/mnt/agent/output/summary.md`. This report should include:
    *   Total DAOs audited.
    *   Completion statistics (complete/partial counts).
    *   A high-level analysis of findings, such as the most commonly held non-stablecoin assets across all DAOs, common custody setups (e.g., Gnosis Safe), and average signer counts.

#### Resource Budget
*   **Phase 2 sub-agents:** 50
*   **Phase 3 follow-ups:** up to 10
*   **Sub-agent tools:** `browse`, `str_replace_editor`
*   **Max messages per sub-agent:** 25
*   **Coordinator critical-path target:** <15% of total swarm tokens","easy","en_US","{""task_yaml"": ""OK"", ""gold_yaml"": ""OK"", ""artifacts"": ""N/A"", ""rich_artifacts"": ""N/A""}","task_id: swarm__dao_treasury_audit__ppp9
primary_decomposition:
- subtask_id: coordinator
  description: 'Coordinator role. Phase 1: write /mnt/agent/output/plan.md containing the task header,
    a numbered assignment table of 50 DAOs (one per research sub-agent), the exact output schema columns
    (DAO_Name, Asset_1, Asset_1_Value_USD, Asset_2, Asset_2_Value_USD, Asset_3, Asset_3_Value_USD, Diversification_Non_Stable,
    Custody_Type, Multisig_Address, Signer_Count, Source_Links), and quality criteria (complete vs. partial).
    Phase 2: dispatch all 50 research sub-agents in a single message with `fork_mode: none`, each pointing
    at its zero-padded result file. Phase 3: audit STATUS lines via `str_replace_editor.view` with a tiny
    `view_range`, tally complete/partial/missing, then launch up to 10 follow-up sub-agents in one batch
    (single round). Phase 4: read every complete result_NNN.tsv, assemble /mnt/agent/output/final_dashboard.tsv
    with the schema header row, sort by the first schema column, and write /mnt/agent/output/summary.md.
    Coordinator messages must stay under 15% of total swarm tokens.'
  expected_input: Master task prompt for DAO Treasury Asset Audit — top 3 non-stablecoin assets and custody
    for 50 DAOs (see task.yaml `prompt`).
  expected_output: /mnt/agent/output/plan.md (plan with assignment table + schema + quality criteria);
    /mnt/agent/output/final_dashboard.tsv (assembled deliverable, schema header + sorted rows); /mnt/agent/output/summary.md
    (tally of complete/partial/missing + brief notes).
  depends_on: []
  is_parallelizable: false
- subtask_id: research_agent_001
  description: 'Research one DAO assigned at line 1 of /mnt/agent/output/plan.md. Find the DAO treasury
    address(es) via Etherscan or the relevant block explorer, pull top 3 non-stablecoin holdings + USD
    values, and document custody (Gnosis Safe / multisig signers / signer count) from governance forum
    + Snapshot. Write one TSV row (top 3 assets + custody fields) to /mnt/agent/output/result_001.tsv.
    The first line of the file MUST be `STATUS: complete` or `STATUS: partial — [reason]`. Subsequent
    lines are the data rows; do NOT include the schema header in this file (coordinator owns the final
    header). Hard ceiling: 25 sub-agent messages.'
  expected_input: /mnt/agent/output/plan.md (read line 1 for the DAO assignment + the shared output schema
    and quality criteria).
  expected_output: /mnt/agent/output/result_001.tsv (STATUS line + one TSV row (top 3 assets + custody
    fields) matching the schema defined in plan.md).
  depends_on:
  - coordinator
  is_parallelizable: true
- subtask_id: research_agent_002
  description: 'Research one DAO assigned at line 2 of /mnt/agent/output/plan.md. Find the DAO treasury
    address(es) via Etherscan or the relevant block explorer, pull top 3 non-stablecoin holdings + USD
    values, and document custody (Gnosis Safe / multisig signers / signer count) from governance forum
    + Snapshot. Write one TSV row (top 3 assets + custody fields) to /mnt/agent/output/result_002.tsv.
    The first line of the file MUST be `STATUS: complete` or `STATUS: partial — [reason]`. Subsequent
    lines are the data rows; do NOT include the schema header in this file (coordinator owns the final
    header). Hard ceiling: 25 sub-agent messages.'
  expected_input: /mnt/agent/output/plan.md (read line 2 for the DAO assignment + the shared output schema
    and quality criteria).
  expected_output: /mnt/agent/output/result_002.tsv (STATUS line + one TSV row (top 3 assets + custody
    fields) matching the schema defined in plan.md).
  depends_on:
  - coordinator
  is_parallelizable: true
- subtask_id: research_agent_003
  description: 'Research one DAO assigned at line 3 of /mnt/agent/output/plan.md. Find the DAO treasury
    address(es) via Etherscan or the relevant block explorer, pull top 3 non-stablecoin holdings + USD
    values, and document custody (Gnosis Safe / multisig signers / signer count) from governance forum
    + Snapshot. Write one TSV row (top 3 assets + custody fields) to /mnt/agent/output/result_003.tsv.
    The first line of the file MUST be `STATUS: complete` or `STATUS: partial — [reason]`. Subsequent
    lines are the data rows; do NOT include the schema header in this file (coordinator owns the final
    header). Hard ceiling: 25 sub-agent messages.'
  expected_input: /mnt/agent/output/plan.md (read line 3 for the DAO assignment + the shared output schema
    and quality criteria).
  expected_output: /mnt/agent/output/result_003.tsv (STATUS line + one TSV row (top 3 assets + custody
    fields) matching the schema defined in plan.md).
  depends_on:
  - coordinator
  is_parallelizable: true
- subtask_id: research_agent_004
  description: 'Research one DAO assigned at line 4 of /mnt/agent/output/plan.md. Find the DAO treasury
    address(es) via Etherscan or the relevant block explorer, pull top 3 non-stablecoin holdings + USD
    values, and document custody (Gnosis Safe / multisig signers / signer count) from governance forum
    + Snapshot. Write one TSV row (top 3 assets + custody fields) to /mnt/agent/output/result_004.tsv.
    The first line of the file MUST be `STATUS: complete` or `STATUS: partial — [reason]`. Subsequent
    lines are the data rows; do NOT include the schema header in this file (coordinator owns the final
    header). Hard ceiling: 25 sub-agent messages.'
  expected_input: /mnt/agent/output/plan.md (read line 4 for the DAO assignment + the shared output schema
    and quality criteria).
  expected_output: /mnt/agent/output/result_004.tsv (STATUS line + one TSV row (top 3 assets + custody
    fields) matching the schema defined in plan.md).
  depends_on:
  - coordinator
  is_parallelizable: true
- subtask_id: research_agent_005
  description: 'Research one DAO assigned at line 5 of /mnt/agent/output/plan.md. Find the DAO treasury
    address(es) via Etherscan or the relevant block explorer, pull top 3 non-stablecoin holdings + USD
    values, and document custody (Gnosis Safe / multisig signers / signer count) from governance forum
    + Snapshot. Write one TSV row (top 3 assets + custody fields) to /mnt/agent/output/result_005.tsv.
    The first line of the file MUST be `STATUS: complete` or `STATUS: partial — [reason]`. Subsequent
    lines are the data rows; do NOT include the schema header in this file (coordinator owns the final
    header). Hard ceiling: 25 sub-agent messages.'
  expected_input: /mnt/agent/output/plan.md (read line 5 for the DAO assignment + the shared output schema
    and quality criteria).
  expected_output: /mnt/agent/output/result_005.tsv (STATUS line + one TSV row (top 3 assets + custody
    fields) matching the schema defined in plan.md).
  depends_on:
  - coordinator
  is_parallelizable: true
- subtask_id: research_agent_006
  description: 'Research one DAO assigned at line 6 of /mnt/agent/output/plan.md. Find the DAO treasury
    address(es) via Etherscan or the relevant block explorer, pull top 3 non-stablecoin holdings + USD
    values, and document custody (Gnosis Safe / multisig signers / signer count) from governance forum
    + Snapshot. Write one TSV row (top 3 assets + custody fields) to /mnt/agent/output/result_006.tsv.
    The first line of the file MUST be `STATUS: complete` or `STATUS: partial — [reason]`. Subsequent
    lines are the data rows; do NOT include the schema header in this file (coordinator owns the final
    header). Hard ceiling: 25 sub-agent messages.'
  expected_input: /mnt/agent/output/plan.md (read line 6 for the DAO assignment + the shared output schema
    and quality criteria).
  expected_output: /mnt/agent/output/result_006.tsv (STATUS line + one TSV row (top 3 assets + custody
    fields) matching the schema defined in plan.md).
  depends_on:
  - coordinator
  is_parallelizable: true
- subtask_id: research_agent_007
  description: 'Research one DAO assigned at line 7 of /mnt/agent/output/plan.md. Find the DAO treasury
    address(es) via Etherscan or the relevant block explorer, pull top 3 non-stablecoin holdings + USD
    values, and document custody (Gnosis Safe / multisig signers / signer count) from governance forum
    + Snapshot. Write one TSV row (top 3 assets + custody fields) to /mnt/agent/output/result_007.tsv.
    The first line of the file MUST be `STATUS: complete` or `STATUS: partial — [reason]`. Subsequent
    lines are the data rows; do NOT include the schema header in this file (coordinator owns the final
    header). Hard ceiling: 25 sub-agent messages.'
  expected_input: /mnt/agent/output/plan.md (read line 7 for the DAO assignment + the shared output schema
    and quality criteria).
  expected_output: /mnt/agent/output/result_007.tsv (STATUS line + one TSV row (top 3 assets + custody
    fields) matching the schema defined in plan.md).
  depends_on:
  - coordinator
  is_parallelizable: true
- subtask_id: research_agent_008
  description: 'Research one DAO assigned at line 8 of /mnt/agent/output/plan.md. Find the DAO treasury
    address(es) via Etherscan or the relevant block explorer, pull top 3 non-stablecoin holdings + USD
    values, and document custody (Gnosis Safe / multisig signers / signer count) from governance forum
    + Snapshot. Write one TSV row (top 3 assets + custody fields) to /mnt/agent/output/result_008.tsv.
    The first line of the file MUST be `STATUS: complete` or `STATUS: partial — [reason]`. Subsequent
    lines are the data rows; do NOT include the schema header in this file (coordinator owns the final
    header). Hard ceiling: 25 sub-agent messages.'
  expected_input: /mnt/agent/output/plan.md (read line 8 for the DAO assignment + the shared output schema
    and quality criteria).
  expected_output: /mnt/agent/output/result_008.tsv (STATUS line + one TSV row (top 3 assets + custody
    fields) matching the schema defined in plan.md).
  depends_on:
  - coordinator
  is_parallelizable: true
- subtask_id: research_agent_009
  description: 'Research one DAO assigned at line 9 of /mnt/agent/output/plan.md. Find the DAO treasury
    address(es) via Etherscan or the relevant block explorer, pull top 3 non-stablecoin holdings + USD
    values, and document custody (Gnosis Safe / multisig signers / signer count) from governance forum
    + Snapshot. Write one TSV row (top 3 assets + custody fields) to /mnt/agent/output/result_009.tsv.
    The first line of the file MUST be `STATUS: complete` or `STATUS: partial — [reason]`. Subsequent
    lines are the data rows; do NOT include the schema header in this file (coordinator owns the final
    header). Hard ceiling: 25 sub-agent messages.'
  expected_input: /mnt/agent/output/plan.md (read line 9 for the DAO assignment + the shared output schema
    and quality criteria).
  expected_output: /mnt/agent/output/result_009.tsv (STATUS line + one TSV row (top 3 assets + custody
    fields) matching the schema defined in plan.md).
  depends_on:
  - coordinator
  is_parallelizable: true
- subtask_id: research_agent_010
  description: 'Research one DAO assigned at line 10 of /mnt/agent/output/plan.md. Find the DAO treasury
    address(es) via Etherscan or the relevant block explorer, pull top 3 non-stablecoin holdings + USD
    values, and document custody (Gnosis Safe / multisig signers / signer count) from governance forum
    + Snapshot. Write one TSV row (top 3 assets + custody fields) to /mnt/agent/output/result_010.tsv.
    The first line of the file MUST be `STATUS: complete` or `STATUS: partial — [reason]`. Subsequent
    lines are the data rows; do NOT include the schema header in this file (coordinator owns the final
    header). Hard ceiling: 25 sub-agent messages.'
  expected_input: /mnt/agent/output/plan.md (read line 10 for the DAO assignment + the shared output schema
    and quality criteria).
  expected_output: /mnt/agent/output/result_010.tsv (STATUS line + one TSV row (top 3 assets + custody
    fields) matching the schema defined in plan.md).
  depends_on:
  - coordinator
  is_parallelizable: true
- subtask_id: research_agent_011
  description: 'Research one DAO assigned at line 11 of /mnt/agent/output/plan.md. Find the DAO treasury
    address(es) via Etherscan or the relevant block explorer, pull top 3 non-stablecoin holdings + USD
    values, and document custody (Gnosis Safe / multisig signers / signer count) from governance forum
    + Snapshot. Write one TSV row (top 3 assets + custody fields) to /mnt/agent/output/result_011.tsv.
    The first line of the file MUST be `STATUS: complete` or `STATUS: partial — [reason]`. Subsequent
    lines are the data rows; do NOT include the schema header in this file (coordinator owns the final
    header). Hard ceiling: 25 sub-agent messages.'
  expected_input: /mnt/agent/output/plan.md (read line 11 for the DAO assignment + the shared output schema
    and quality criteria).
  expected_output: /mnt/agent/output/result_011.tsv (STATUS line + one TSV row (top 3 assets + custody
    fields) matching the schema defined in plan.md).
  depends_on:
  - coordinator
  is_parallelizable: true
- subtask_id: research_agent_012
  description: 'Research one DAO assigned at line 12 of /mnt/agent/output/plan.md. Find the DAO treasury
    address(es) via Etherscan or the relevant block explorer, pull top 3 non-stablecoin holdings + USD
    values, and document custody (Gnosis Safe / multisig signers / signer count) from governance forum
    + Snapshot. Write one TSV row (top 3 assets + custody fields) to /mnt/agent/output/result_012.tsv.
    The first line of the file MUST be `STATUS: complete` or `STATUS: partial — [reason]`. Subsequent
    lines are the data rows; do NOT include the schema header in this file (coordinator owns the final
    header). Hard ceiling: 25 sub-agent messages.'
  expected_input: /mnt/agent/output/plan.md (read line 12 for the DAO assignment + the shared output schema
    and quality criteria).
  expected_output: /mnt/agent/output/result_012.tsv (STATUS line + one TSV row (top 3 assets + custody
    fields) matching the schema defined in plan.md).
  depends_on:
  - coordinator
  is_parallelizable: true
- subtask_id: research_agent_013
  description: 'Research one DAO assigned at line 13 of /mnt/agent/output/plan.md. Find the DAO treasury
    address(es) via Etherscan or the relevant block explorer, pull top 3 non-stablecoin holdings + USD
    values, and document custody (Gnosis Safe / multisig signers / signer count) from governance forum
    + Snapshot. Write one TSV row (top 3 assets + custody fields) to /mnt/agent/output/result_013.tsv.
    The first line of the file MUST be `STATUS: complete` or `STATUS: partial — [reason]`. Subsequent
    lines are the data rows; do NOT include the schema header in this file (coordinator owns the final
    header). Hard ceiling: 25 sub-agent messages.'
  expected_input: /mnt/agent/output/plan.md (read line 13 for the DAO assignment + the shared output schema
    and quality criteria).
  expected_output: /mnt/agent/output/result_013.tsv (STATUS line + one TSV row (top 3 assets + custody
    fields) matching the schema defined in plan.md).
  depends_on:
  - coordinator
  is_parallelizable: true
- subtask_id: research_agent_014
  description: 'Research one DAO assigned at line 14 of /mnt/agent/output/plan.md. Find the DAO treasury
    address(es) via Etherscan or the relevant block explorer, pull top 3 non-stablecoin holdings + USD
    values, and document custody (Gnosis Safe / multisig signers / signer count) from governance forum
    + Snapshot. Write one TSV row (top 3 assets + custody fields) to /mnt/agent/output/result_014.tsv.
    The first line of the file MUST be `STATUS: complete` or `STATUS: partial — [reason]`. Subsequent
    lines are the data rows; do NOT include the schema header in this file (coordinator owns the final
    header). Hard ceiling: 25 sub-agent messages.'
  expected_input: /mnt/agent/output/plan.md (read line 14 for the DAO assignment + the shared output schema
    and quality criteria).
  expected_output: /mnt/agent/output/result_014.tsv (STATUS line + one TSV row (top 3 assets + custody
    fields) matching the schema defined in plan.md).
  depends_on:
  - coordinator
  is_parallelizable: true
- subtask_id: research_agent_015
  description: 'Research one DAO assigned at line 15 of /mnt/agent/output/plan.md. Find the DAO treasury
    address(es) via Etherscan or the relevant block explorer, pull top 3 non-stablecoin holdings + USD
    values, and document custody (Gnosis Safe / multisig signers / signer count) from governance forum
    + Snapshot. Write one TSV row (top 3 assets + custody fields) to /mnt/agent/output/result_015.tsv.
    The first line of the file MUST be `STATUS: complete` or `STATUS: partial — [reason]`. Subsequent
    lines are the data rows; do NOT include the schema header in this file (coordinator owns the final
    header). Hard ceiling: 25 sub-agent messages.'
  expected_input: /mnt/agent/output/plan.md (read line 15 for the DAO assignment + the shared output schema
    and quality criteria).
  expected_output: /mnt/agent/output/result_015.tsv (STATUS line + one TSV row (top 3 assets + custody
    fields) matching the schema defined in plan.md).
  depends_on:
  - coordinator
  is_parallelizable: true
- subtask_id: research_agent_016
  description: 'Research one DAO assigned at line 16 of /mnt/agent/output/plan.md. Find the DAO treasury
    address(es) via Etherscan or the relevant block explorer, pull top 3 non-stablecoin holdings + USD
    values, and document custody (Gnosis Safe / multisig signers / signer count) from governance forum
    + Snapshot. Write one TSV row (top 3 assets + custody fields) to /mnt/agent/output/result_016.tsv.
    The first line of the file MUST be `STATUS: complete` or `STATUS: partial — [reason]`. Subsequent
    lines are the data rows; do NOT include the schema header in this file (coordinator owns the final
    header). Hard ceiling: 25 sub-agent messages.'
  expected_input: /mnt/agent/output/plan.md (read line 16 for the DAO assignment + the shared output schema
    and quality criteria).
  expected_output: /mnt/agent/output/result_016.tsv (STATUS line + one TSV row (top 3 assets + custody
    fields) matching the schema defined in plan.md).
  depends_on:
  - coordinator
  is_parallelizable: true
- subtask_id: research_agent_017
  description: 'Research one DAO assigned at line 17 of /mnt/agent/output/plan.md. Find the DAO treasury
    address(es) via Etherscan or the relevant block explorer, pull top 3 non-stablecoin holdings + USD
    values, and document custody (Gnosis Safe / multisig signers / signer count) from governance forum
    + Snapshot. Write one TSV row (top 3 assets + custody fields) to /mnt/agent/output/result_017.tsv.
    The first line of the file MUST be `STATUS: complete` or `STATUS: partial — [reason]`. Subsequent
    lines are the data rows; do NOT include the schema header in this file (coordinator owns the final
    header). Hard ceiling: 25 sub-agent messages.'
  expected_input: /mnt/agent/output/plan.md (read line 17 for the DAO assignment + the shared output schema
    and quality criteria).
  expected_output: /mnt/agent/output/result_017.tsv (STATUS line + one TSV row (top 3 assets + custody
    fields) matching the schema defined in plan.md).
  depends_on:
  - coordinator
  is_parallelizable: true
- subtask_id: research_agent_018
  description: 'Research one DAO assigned at line 18 of /mnt/agent/output/plan.md. Find the DAO treasury
    address(es) via Etherscan or the relevant block explorer, pull top 3 non-stablecoin holdings + USD
    values, and document custody (Gnosis Safe / multisig signers / signer count) from governance forum
    + Snapshot. Write one TSV row (top 3 assets + custody fields) to /mnt/agent/output/result_018.tsv.
    The first line of the file MUST be `STATUS: complete` or `STATUS: partial — [reason]`. Subsequent
    lines are the data rows; do NOT include the schema header in this file (coordinator owns the final
    header). Hard ceiling: 25 sub-agent messages.'
  expected_input: /mnt/agent/output/plan.md (read line 18 for the DAO assignment + the shared output schema
    and quality criteria).
  expected_output: /mnt/agent/output/result_018.tsv (STATUS line + one TSV row (top 3 assets + custody
    fields) matching the schema defined in plan.md).
  depends_on:
  - coordinator
  is_parallelizable: true
- subtask_id: research_agent_019
  description: 'Research one DAO assigned at line 19 of /mnt/agent/output/plan.md. Find the DAO treasury
    address(es) via Etherscan or the relevant block explorer, pull top 3 non-stablecoin holdings + USD
    values, and document custody (Gnosis Safe / multisig signers / signer count) from governance forum
    + Snapshot. Write one TSV row (top 3 assets + custody fields) to /mnt/agent/output/result_019.tsv.
    The first line of the file MUST be `STATUS: complete` or `STATUS: partial — [reason]`. Subsequent
    lines are the data rows; do NOT include the schema header in this file (coordinator owns the final
    header). Hard ceiling: 25 sub-agent messages.'
  expected_input: /mnt/agent/output/plan.md (read line 19 for the DAO assignment + the shared output schema
    and quality criteria).
  expected_output: /mnt/agent/output/result_019.tsv (STATUS line + one TSV row (top 3 assets + custody
    fields) matching the schema defined in plan.md).
  depends_on:
  - coordinator
  is_parallelizable: true
- subtask_id: research_agent_020
  description: 'Research one DAO assigned at line 20 of /mnt/agent/output/plan.md. Find the DAO treasury
    address(es) via Etherscan or the relevant block explorer, pull top 3 non-stablecoin holdings + USD
    values, and document custody (Gnosis Safe / multisig signers / signer count) from governance forum
    + Snapshot. Write one TSV row (top 3 assets + custody fields) to /mnt/agent/output/result_020.tsv.
    The first line of the file MUST be `STATUS: complete` or `STATUS: partial — [reason]`. Subsequent
    lines are the data rows; do NOT include the schema header in this file (coordinator owns the final
    header). Hard ceiling: 25 sub-agent messages.'
  expected_input: /mnt/agent/output/plan.md (read line 20 for the DAO assignment + the shared output schema
    and quality criteria).
  expected_output: /mnt/agent/output/result_020.tsv (STATUS line + one TSV row (top 3 assets + custody
    fields) matching the schema defined in plan.md).
  depends_on:
  - coordinator
  is_parallelizable: true
- subtask_id: research_agent_021
  description: 'Research one DAO assigned at line 21 of /mnt/agent/output/plan.md. Find the DAO treasury
    address(es) via Etherscan or the relevant block explorer, pull top 3 non-stablecoin holdings + USD
    values, and document custody (Gnosis Safe / multisig signers / signer count) from governance forum
    + Snapshot. Write one TSV row (top 3 assets + custody fields) to /mnt/agent/output/result_021.tsv.
    The first line of the file MUST be `STATUS: complete` or `STATUS: partial — [reason]`. Subsequent
    lines are the data rows; do NOT include the schema header in this file (coordinator owns the final
    header). Hard ceiling: 25 sub-agent messages.'
  expected_input: /mnt/agent/output/plan.md (read line 21 for the DAO assignment + the shared output schema
    and quality criteria).
  expected_output: /mnt/agent/output/result_021.tsv (STATUS line + one TSV row (top 3 assets + custody
    fields) matching the schema defined in plan.md).
  depends_on:
  - coordinator
  is_parallelizable: true
- subtask_id: research_agent_022
  description: 'Research one DAO assigned at line 22 of /mnt/agent/output/plan.md. Find the DAO treasury
    address(es) via Etherscan or the relevant block explorer, pull top 3 non-stablecoin holdings + USD
    values, and document custody (Gnosis Safe / multisig signers / signer count) from governance forum
    + Snapshot. Write one TSV row (top 3 assets + custody fields) to /mnt/agent/output/result_022.tsv.
    The first line of the file MUST be `STATUS: complete` or `STATUS: partial — [reason]`. Subsequent
    lines are the data rows; do NOT include the schema header in this file (coordinator owns the final
    header). Hard ceiling: 25 sub-agent messages.'
  expected_input: /mnt/agent/output/plan.md (read line 22 for the DAO assignment + the shared output schema
    and quality criteria).
  expected_output: /mnt/agent/output/result_022.tsv (STATUS line + one TSV row (top 3 assets + custody
    fields) matching the schema defined in plan.md).
  depends_on:
  - coordinator
  is_parallelizable: true
- subtask_id: research_agent_023
  description: 'Research one DAO assigned at line 23 of /mnt/agent/output/plan.md. Find the DAO treasury
    address(es) via Etherscan or the relevant block explorer, pull top 3 non-stablecoin holdings + USD
    values, and document custody (Gnosis Safe / multisig signers / signer count) from governance forum
    + Snapshot. Write one TSV row (top 3 assets + custody fields) to /mnt/agent/output/result_023.tsv.
    The first line of the file MUST be `STATUS: complete` or `STATUS: partial — [reason]`. Subsequent
    lines are the data rows; do NOT include the schema header in this file (coordinator owns the final
    header). Hard ceiling: 25 sub-agent messages.'
  expected_input: /mnt/agent/output/plan.md (read line 23 for the DAO assignment + the shared output schema
    and quality criteria).
  expected_output: /mnt/agent/output/result_023.tsv (STATUS line + one TSV row (top 3 assets + custody
    fields) matching the schema defined in plan.md).
  depends_on:
  - coordinator
  is_parallelizable: true
- subtask_id: research_agent_024
  description: 'Research one DAO assigned at line 24 of /mnt/agent/output/plan.md. Find the DAO treasury
    address(es) via Etherscan or the relevant block explorer, pull top 3 non-stablecoin holdings + USD
    values, and document custody (Gnosis Safe / multisig signers / signer count) from governance forum
    + Snapshot. Write one TSV row (top 3 assets + custody fields) to /mnt/agent/output/result_024.tsv.
    The first line of the file MUST be `STATUS: complete` or `STATUS: partial — [reason]`. Subsequent
    lines are the data rows; do NOT include the schema header in this file (coordinator owns the final
    header). Hard ceiling: 25 sub-agent messages.'
  expected_input: /mnt/agent/output/plan.md (read line 24 for the DAO assignment + the shared output schema
    and quality criteria).
  expected_output: /mnt/agent/output/result_024.tsv (STATUS line + one TSV row (top 3 assets + custody
    fields) matching the schema defined in plan.md).
  depends_on:
  - coordinator
  is_parallelizable: true
- subtask_id: research_agent_025
  description: 'Research one DAO assigned at line 25 of /mnt/agent/output/plan.md. Find the DAO treasury
    address(es) via Etherscan or the relevant block explorer, pull top 3 non-stablecoin holdings + USD
    values, and document custody (Gnosis Safe / multisig signers / signer count) from governance forum
    + Snapshot. Write one TSV row (top 3 assets + custody fields) to /mnt/agent/output/result_025.tsv.
    The first line of the file MUST be `STATUS: complete` or `STATUS: partial — [reason]`. Subsequent
    lines are the data rows; do NOT include the schema header in this file (coordinator owns the final
    header). Hard ceiling: 25 sub-agent messages.'
  expected_input: /mnt/agent/output/plan.md (read line 25 for the DAO assignment + the shared output schema
    and quality criteria).
  expected_output: /mnt/agent/output/result_025.tsv (STATUS line + one TSV row (top 3 assets + custody
    fields) matching the schema defined in plan.md).
  depends_on:
  - coordinator
  is_parallelizable: true
- subtask_id: research_agent_026
  description: 'Research one DAO assigned at line 26 of /mnt/agent/output/plan.md. Find the DAO treasury
    address(es) via Etherscan or the relevant block explorer, pull top 3 non-stablecoin holdings + USD
    values, and document custody (Gnosis Safe / multisig signers / signer count) from governance forum
    + Snapshot. Write one TSV row (top 3 assets + custody fields) to /mnt/agent/output/result_026.tsv.
    The first line of the file MUST be `STATUS: complete` or `STATUS: partial — [reason]`. Subsequent
    lines are the data rows; do NOT include the schema header in this file (coordinator owns the final
    header). Hard ceiling: 25 sub-agent messages.'
  expected_input: /mnt/agent/output/plan.md (read line 26 for the DAO assignment + the shared output schema
    and quality criteria).
  expected_output: /mnt/agent/output/result_026.tsv (STATUS line + one TSV row (top 3 assets + custody
    fields) matching the schema defined in plan.md).
  depends_on:
  - coordinator
  is_parallelizable: true
- subtask_id: research_agent_027
  description: 'Research one DAO assigned at line 27 of /mnt/agent/output/plan.md. Find the DAO treasury
    address(es) via Etherscan or the relevant block explorer, pull top 3 non-stablecoin holdings + USD
    values, and document custody (Gnosis Safe / multisig signers / signer count) from governance forum
    + Snapshot. Write one TSV row (top 3 assets + custody fields) to /mnt/agent/output/result_027.tsv.
    The first line of the file MUST be `STATUS: complete` or `STATUS: partial — [reason]`. Subsequent
    lines are the data rows; do NOT include the schema header in this file (coordinator owns the final
    header). Hard ceiling: 25 sub-agent messages.'
  expected_input: /mnt/agent/output/plan.md (read line 27 for the DAO assignment + the shared output schema
    and quality criteria).
  expected_output: /mnt/agent/output/result_027.tsv (STATUS line + one TSV row (top 3 assets + custody
    fields) matching the schema defined in plan.md).
  depends_on:
  - coordinator
  is_parallelizable: true
- subtask_id: research_agent_028
  description: 'Research one DAO assigned at line 28 of /mnt/agent/output/plan.md. Find the DAO treasury
    address(es) via Etherscan or the relevant block explorer, pull top 3 non-stablecoin holdings + USD
    values, and document custody (Gnosis Safe / multisig signers / signer count) from governance forum
    + Snapshot. Write one TSV row (top 3 assets + custody fields) to /mnt/agent/output/result_028.tsv.
    The first line of the file MUST be `STATUS: complete` or `STATUS: partial — [reason]`. Subsequent
    lines are the data rows; do NOT include the schema header in this file (coordinator owns the final
    header). Hard ceiling: 25 sub-agent messages.'
  expected_input: /mnt/agent/output/plan.md (read line 28 for the DAO assignment + the shared output schema
    and quality criteria).
  expected_output: /mnt/agent/output/result_028.tsv (STATUS line + one TSV row (top 3 assets + custody
    fields) matching the schema defined in plan.md).
  depends_on:
  - coordinator
  is_parallelizable: true
- subtask_id: research_agent_029
  description: 'Research one DAO assigned at line 29 of /mnt/agent/output/plan.md. Find the DAO treasury
    address(es) via Etherscan or the relevant block explorer, pull top 3 non-stablecoin holdings + USD
    values, and document custody (Gnosis Safe / multisig signers / signer count) from governance forum
    + Snapshot. Write one TSV row (top 3 assets + custody fields) to /mnt/agent/output/result_029.tsv.
    The first line of the file MUST be `STATUS: complete` or `STATUS: partial — [reason]`. Subsequent
    lines are the data rows; do NOT include the schema header in this file (coordinator owns the final
    header). Hard ceiling: 25 sub-agent messages.'
  expected_input: /mnt/agent/output/plan.md (read line 29 for the DAO assignment + the shared output schema
    and quality criteria).
  expected_output: /mnt/agent/output/result_029.tsv (STATUS line + one TSV row (top 3 assets + custody
    fields) matching the schema defined in plan.md).
  depends_on:
  - coordinator
  is_parallelizable: true
- subtask_id: research_agent_030
  description: 'Research one DAO assigned at line 30 of /mnt/agent/output/plan.md. Find the DAO treasury
    address(es) via Etherscan or the relevant block explorer, pull top 3 non-stablecoin holdings + USD
    values, and document custody (Gnosis Safe / multisig signers / signer count) from governance forum
    + Snapshot. Write one TSV row (top 3 assets + custody fields) to /mnt/agent/output/result_030.tsv.
    The first line of the file MUST be `STATUS: complete` or `STATUS: partial — [reason]`. Subsequent
    lines are the data rows; do NOT include the schema header in this file (coordinator owns the final
    header). Hard ceiling: 25 sub-agent messages.'
  expected_input: /mnt/agent/output/plan.md (read line 30 for the DAO assignment + the shared output schema
    and quality criteria).
  expected_output: /mnt/agent/output/result_030.tsv (STATUS line + one TSV row (top 3 assets + custody
    fields) matching the schema defined in plan.md).
  depends_on:
  - coordinator
  is_parallelizable: true
- subtask_id: research_agent_031
  description: 'Research one DAO assigned at line 31 of /mnt/agent/output/plan.md. Find the DAO treasury
    address(es) via Etherscan or the relevant block explorer, pull top 3 non-stablecoin holdings + USD
    values, and document custody (Gnosis Safe / multisig signers / signer count) from governance forum
    + Snapshot. Write one TSV row (top 3 assets + custody fields) to /mnt/agent/output/result_031.tsv.
    The first line of the file MUST be `STATUS: complete` or `STATUS: partial — [reason]`. Subsequent
    lines are the data rows; do NOT include the schema header in this file (coordinator owns the final
    header). Hard ceiling: 25 sub-agent messages.'
  expected_input: /mnt/agent/output/plan.md (read line 31 for the DAO assignment + the shared output schema
    and quality criteria).
  expected_output: /mnt/agent/output/result_031.tsv (STATUS line + one TSV row (top 3 assets + custody
    fields) matching the schema defined in plan.md).
  depends_on:
  - coordinator
  is_parallelizable: true
- subtask_id: research_agent_032
  description: 'Research one DAO assigned at line 32 of /mnt/agent/output/plan.md. Find the DAO treasury
    address(es) via Etherscan or the relevant block explorer, pull top 3 non-stablecoin holdings + USD
    values, and document custody (Gnosis Safe / multisig signers / signer count) from governance forum
    + Snapshot. Write one TSV row (top 3 assets + custody fields) to /mnt/agent/output/result_032.tsv.
    The first line of the file MUST be `STATUS: complete` or `STATUS: partial — [reason]`. Subsequent
    lines are the data rows; do NOT include the schema header in this file (coordinator owns the final
    header). Hard ceiling: 25 sub-agent messages.'
  expected_input: /mnt/agent/output/plan.md (read line 32 for the DAO assignment + the shared output schema
    and quality criteria).
  expected_output: /mnt/agent/output/result_032.tsv (STATUS line + one TSV row (top 3 assets + custody
    fields) matching the schema defined in plan.md).
  depends_on:
  - coordinator
  is_parallelizable: true
- subtask_id: research_agent_033
  description: 'Research one DAO assigned at line 33 of /mnt/agent/output/plan.md. Find the DAO treasury
    address(es) via Etherscan or the relevant block explorer, pull top 3 non-stablecoin holdings + USD
    values, and document custody (Gnosis Safe / multisig signers / signer count) from governance forum
    + Snapshot. Write one TSV row (top 3 assets + custody fields) to /mnt/agent/output/result_033.tsv.
    The first line of the file MUST be `STATUS: complete` or `STATUS: partial — [reason]`. Subsequent
    lines are the data rows; do NOT include the schema header in this file (coordinator owns the final
    header). Hard ceiling: 25 sub-agent messages.'
  expected_input: /mnt/agent/output/plan.md (read line 33 for the DAO assignment + the shared output schema
    and quality criteria).
  expected_output: /mnt/agent/output/result_033.tsv (STATUS line + one TSV row (top 3 assets + custody
    fields) matching the schema defined in plan.md).
  depends_on:
  - coordinator
  is_parallelizable: true
- subtask_id: research_agent_034
  description: 'Research one DAO assigned at line 34 of /mnt/agent/output/plan.md. Find the DAO treasury
    address(es) via Etherscan or the relevant block explorer, pull top 3 non-stablecoin holdings + USD
    values, and document custody (Gnosis Safe / multisig signers / signer count) from governance forum
    + Snapshot. Write one TSV row (top 3 assets + custody fields) to /mnt/agent/output/result_034.tsv.
    The first line of the file MUST be `STATUS: complete` or `STATUS: partial — [reason]`. Subsequent
    lines are the data rows; do NOT include the schema header in this file (coordinator owns the final
    header). Hard ceiling: 25 sub-agent messages.'
  expected_input: /mnt/agent/output/plan.md (read line 34 for the DAO assignment + the shared output schema
    and quality criteria).
  expected_output: /mnt/agent/output/result_034.tsv (STATUS line + one TSV row (top 3 assets + custody
    fields) matching the schema defined in plan.md).
  depends_on:
  - coordinator
  is_parallelizable: true
- subtask_id: research_agent_035
  description: 'Research one DAO assigned at line 35 of /mnt/agent/output/plan.md. Find the DAO treasury
    address(es) via Etherscan or the relevant block explorer, pull top 3 non-stablecoin holdings + USD
    values, and document custody (Gnosis Safe / multisig signers / signer count) from governance forum
    + Snapshot. Write one TSV row (top 3 assets + custody fields) to /mnt/agent/output/result_035.tsv.
    The first line of the file MUST be `STATUS: complete` or `STATUS: partial — [reason]`. Subsequent
    lines are the data rows; do NOT include the schema header in this file (coordinator owns the final
    header). Hard ceiling: 25 sub-agent messages.'
  expected_input: /mnt/agent/output/plan.md (read line 35 for the DAO assignment + the shared output schema
    and quality criteria).
  expected_output: /mnt/agent/output/result_035.tsv (STATUS line + one TSV row (top 3 assets + custody
    fields) matching the schema defined in plan.md).
  depends_on:
  - coordinator
  is_parallelizable: true
- subtask_id: research_agent_036
  description: 'Research one DAO assigned at line 36 of /mnt/agent/output/plan.md. Find the DAO treasury
    address(es) via Etherscan or the relevant block explorer, pull top 3 non-stablecoin holdings + USD
    values, and document custody (Gnosis Safe / multisig signers / signer count) from governance forum
    + Snapshot. Write one TSV row (top 3 assets + custody fields) to /mnt/agent/output/result_036.tsv.
    The first line of the file MUST be `STATUS: complete` or `STATUS: partial — [reason]`. Subsequent
    lines are the data rows; do NOT include the schema header in this file (coordinator owns the final
    header). Hard ceiling: 25 sub-agent messages.'
  expected_input: /mnt/agent/output/plan.md (read line 36 for the DAO assignment + the shared output schema
    and quality criteria).
  expected_output: /mnt/agent/output/result_036.tsv (STATUS line + one TSV row (top 3 assets + custody
    fields) matching the schema defined in plan.md).
  depends_on:
  - coordinator
  is_parallelizable: true
- subtask_id: research_agent_037
  description: 'Research one DAO assigned at line 37 of /mnt/agent/output/plan.md. Find the DAO treasury
    address(es) via Etherscan or the relevant block explorer, pull top 3 non-stablecoin holdings + USD
    values, and document custody (Gnosis Safe / multisig signers / signer count) from governance forum
    + Snapshot. Write one TSV row (top 3 assets + custody fields) to /mnt/agent/output/result_037.tsv.
    The first line of the file MUST be `STATUS: complete` or `STATUS: partial — [reason]`. Subsequent
    lines are the data rows; do NOT include the schema header in this file (coordinator owns the final
    header). Hard ceiling: 25 sub-agent messages.'
  expected_input: /mnt/agent/output/plan.md (read line 37 for the DAO assignment + the shared output schema
    and quality criteria).
  expected_output: /mnt/agent/output/result_037.tsv (STATUS line + one TSV row (top 3 assets + custody
    fields) matching the schema defined in plan.md).
  depends_on:
  - coordinator
  is_parallelizable: true
- subtask_id: research_agent_038
  description: 'Research one DAO assigned at line 38 of /mnt/agent/output/plan.md. Find the DAO treasury
    address(es) via Etherscan or the relevant block explorer, pull top 3 non-stablecoin holdings + USD
    values, and document custody (Gnosis Safe / multisig signers / signer count) from governance forum
    + Snapshot. Write one TSV row (top 3 assets + custody fields) to /mnt/agent/output/result_038.tsv.
    The first line of the file MUST be `STATUS: complete` or `STATUS: partial — [reason]`. Subsequent
    lines are the data rows; do NOT include the schema header in this file (coordinator owns the final
    header). Hard ceiling: 25 sub-agent messages.'
  expected_input: /mnt/agent/output/plan.md (read line 38 for the DAO assignment + the shared output schema
    and quality criteria).
  expected_output: /mnt/agent/output/result_038.tsv (STATUS line + one TSV row (top 3 assets + custody
    fields) matching the schema defined in plan.md).
  depends_on:
  - coordinator
  is_parallelizable: true
- subtask_id: research_agent_039
  description: 'Research one DAO assigned at line 39 of /mnt/agent/output/plan.md. Find the DAO treasury
    address(es) via Etherscan or the relevant block explorer, pull top 3 non-stablecoin holdings + USD
    values, and document custody (Gnosis Safe / multisig signers / signer count) from governance forum
    + Snapshot. Write one TSV row (top 3 assets + custody fields) to /mnt/agent/output/result_039.tsv.
    The first line of the file MUST be `STATUS: complete` or `STATUS: partial — [reason]`. Subsequent
    lines are the data rows; do NOT include the schema header in this file (coordinator owns the final
    header). Hard ceiling: 25 sub-agent messages.'
  expected_input: /mnt/agent/output/plan.md (read line 39 for the DAO assignment + the shared output schema
    and quality criteria).
  expected_output: /mnt/agent/output/result_039.tsv (STATUS line + one TSV row (top 3 assets + custody
    fields) matching the schema defined in plan.md).
  depends_on:
  - coordinator
  is_parallelizable: true
- subtask_id: research_agent_040
  description: 'Research one DAO assigned at line 40 of /mnt/agent/output/plan.md. Find the DAO treasury
    address(es) via Etherscan or the relevant block explorer, pull top 3 non-stablecoin holdings + USD
    values, and document custody (Gnosis Safe / multisig signers / signer count) from governance forum
    + Snapshot. Write one TSV row (top 3 assets + custody fields) to /mnt/agent/output/result_040.tsv.
    The first line of the file MUST be `STATUS: complete` or `STATUS: partial — [reason]`. Subsequent
    lines are the data rows; do NOT include the schema header in this file (coordinator owns the final
    header). Hard ceiling: 25 sub-agent messages.'
  expected_input: /mnt/agent/output/plan.md (read line 40 for the DAO assignment + the shared output schema
    and quality criteria).
  expected_output: /mnt/agent/output/result_040.tsv (STATUS line + one TSV row (top 3 assets + custody
    fields) matching the schema defined in plan.md).
  depends_on:
  - coordinator
  is_parallelizable: true
- subtask_id: research_agent_041
  description: 'Research one DAO assigned at line 41 of /mnt/agent/output/plan.md. Find the DAO treasury
    address(es) via Etherscan or the relevant block explorer, pull top 3 non-stablecoin holdings + USD
    values, and document custody (Gnosis Safe / multisig signers / signer count) from governance forum
    + Snapshot. Write one TSV row (top 3 assets + custody fields) to /mnt/agent/output/result_041.tsv.
    The first line of the file MUST be `STATUS: complete` or `STATUS: partial — [reason]`. Subsequent
    lines are the data rows; do NOT include the schema header in this file (coordinator owns the final
    header). Hard ceiling: 25 sub-agent messages.'
  expected_input: /mnt/agent/output/plan.md (read line 41 for the DAO assignment + the shared output schema
    and quality criteria).
  expected_output: /mnt/agent/output/result_041.tsv (STATUS line + one TSV row (top 3 assets + custody
    fields) matching the schema defined in plan.md).
  depends_on:
  - coordinator
  is_parallelizable: true
- subtask_id: research_agent_042
  description: 'Research one DAO assigned at line 42 of /mnt/agent/output/plan.md. Find the DAO treasury
    address(es) via Etherscan or the relevant block explorer, pull top 3 non-stablecoin holdings + USD
    values, and document custody (Gnosis Safe / multisig signers / signer count) from governance forum
    + Snapshot. Write one TSV row (top 3 assets + custody fields) to /mnt/agent/output/result_042.tsv.
    The first line of the file MUST be `STATUS: complete` or `STATUS: partial — [reason]`. Subsequent
    lines are the data rows; do NOT include the schema header in this file (coordinator owns the final
    header). Hard ceiling: 25 sub-agent messages.'
  expected_input: /mnt/agent/output/plan.md (read line 42 for the DAO assignment + the shared output schema
    and quality criteria).
  expected_output: /mnt/agent/output/result_042.tsv (STATUS line + one TSV row (top 3 assets + custody
    fields) matching the schema defined in plan.md).
  depends_on:
  - coordinator
  is_parallelizable: true
- subtask_id: research_agent_043
  description: 'Research one DAO assigned at line 43 of /mnt/agent/output/plan.md. Find the DAO treasury
    address(es) via Etherscan or the relevant block explorer, pull top 3 non-stablecoin holdings + USD
    values, and document custody (Gnosis Safe / multisig signers / signer count) from governance forum
    + Snapshot. Write one TSV row (top 3 assets + custody fields) to /mnt/agent/output/result_043.tsv.
    The first line of the file MUST be `STATUS: complete` or `STATUS: partial — [reason]`. Subsequent
    lines are the data rows; do NOT include the schema header in this file (coordinator owns the final
    header). Hard ceiling: 25 sub-agent messages.'
  expected_input: /mnt/agent/output/plan.md (read line 43 for the DAO assignment + the shared output schema
    and quality criteria).
  expected_output: /mnt/agent/output/result_043.tsv (STATUS line + one TSV row (top 3 assets + custody
    fields) matching the schema defined in plan.md).
  depends_on:
  - coordinator
  is_parallelizable: true
- subtask_id: research_agent_044
  description: 'Research one DAO assigned at line 44 of /mnt/agent/output/plan.md. Find the DAO treasury
    address(es) via Etherscan or the relevant block explorer, pull top 3 non-stablecoin holdings + USD
    values, and document custody (Gnosis Safe / multisig signers / signer count) from governance forum
    + Snapshot. Write one TSV row (top 3 assets + custody fields) to /mnt/agent/output/result_044.tsv.
    The first line of the file MUST be `STATUS: complete` or `STATUS: partial — [reason]`. Subsequent
    lines are the data rows; do NOT include the schema header in this file (coordinator owns the final
    header). Hard ceiling: 25 sub-agent messages.'
  expected_input: /mnt/agent/output/plan.md (read line 44 for the DAO assignment + the shared output schema
    and quality criteria).
  expected_output: /mnt/agent/output/result_044.tsv (STATUS line + one TSV row (top 3 assets + custody
    fields) matching the schema defined in plan.md).
  depends_on:
  - coordinator
  is_parallelizable: true
- subtask_id: research_agent_045
  description: 'Research one DAO assigned at line 45 of /mnt/agent/output/plan.md. Find the DAO treasury
    address(es) via Etherscan or the relevant block explorer, pull top 3 non-stablecoin holdings + USD
    values, and document custody (Gnosis Safe / multisig signers / signer count) from governance forum
    + Snapshot. Write one TSV row (top 3 assets + custody fields) to /mnt/agent/output/result_045.tsv.
    The first line of the file MUST be `STATUS: complete` or `STATUS: partial — [reason]`. Subsequent
    lines are the data rows; do NOT include the schema header in this file (coordinator owns the final
    header). Hard ceiling: 25 sub-agent messages.'
  expected_input: /mnt/agent/output/plan.md (read line 45 for the DAO assignment + the shared output schema
    and quality criteria).
  expected_output: /mnt/agent/output/result_045.tsv (STATUS line + one TSV row (top 3 assets + custody
    fields) matching the schema defined in plan.md).
  depends_on:
  - coordinator
  is_parallelizable: true
- subtask_id: research_agent_046
  description: 'Research one DAO assigned at line 46 of /mnt/agent/output/plan.md. Find the DAO treasury
    address(es) via Etherscan or the relevant block explorer, pull top 3 non-stablecoin holdings + USD
    values, and document custody (Gnosis Safe / multisig signers / signer count) from governance forum
    + Snapshot. Write one TSV row (top 3 assets + custody fields) to /mnt/agent/output/result_046.tsv.
    The first line of the file MUST be `STATUS: complete` or `STATUS: partial — [reason]`. Subsequent
    lines are the data rows; do NOT include the schema header in this file (coordinator owns the final
    header). Hard ceiling: 25 sub-agent messages.'
  expected_input: /mnt/agent/output/plan.md (read line 46 for the DAO assignment + the shared output schema
    and quality criteria).
  expected_output: /mnt/agent/output/result_046.tsv (STATUS line + one TSV row (top 3 assets + custody
    fields) matching the schema defined in plan.md).
  depends_on:
  - coordinator
  is_parallelizable: true
- subtask_id: research_agent_047
  description: 'Research one DAO assigned at line 47 of /mnt/agent/output/plan.md. Find the DAO treasury
    address(es) via Etherscan or the relevant block explorer, pull top 3 non-stablecoin holdings + USD
    values, and document custody (Gnosis Safe / multisig signers / signer count) from governance forum
    + Snapshot. Write one TSV row (top 3 assets + custody fields) to /mnt/agent/output/result_047.tsv.
    The first line of the file MUST be `STATUS: complete` or `STATUS: partial — [reason]`. Subsequent
    lines are the data rows; do NOT include the schema header in this file (coordinator owns the final
    header). Hard ceiling: 25 sub-agent messages.'
  expected_input: /mnt/agent/output/plan.md (read line 47 for the DAO assignment + the shared output schema
    and quality criteria).
  expected_output: /mnt/agent/output/result_047.tsv (STATUS line + one TSV row (top 3 assets + custody
    fields) matching the schema defined in plan.md).
  depends_on:
  - coordinator
  is_parallelizable: true
- subtask_id: research_agent_048
  description: 'Research one DAO assigned at line 48 of /mnt/agent/output/plan.md. Find the DAO treasury
    address(es) via Etherscan or the relevant block explorer, pull top 3 non-stablecoin holdings + USD
    values, and document custody (Gnosis Safe / multisig signers / signer count) from governance forum
    + Snapshot. Write one TSV row (top 3 assets + custody fields) to /mnt/agent/output/result_048.tsv.
    The first line of the file MUST be `STATUS: complete` or `STATUS: partial — [reason]`. Subsequent
    lines are the data rows; do NOT include the schema header in this file (coordinator owns the final
    header). Hard ceiling: 25 sub-agent messages.'
  expected_input: /mnt/agent/output/plan.md (read line 48 for the DAO assignment + the shared output schema
    and quality criteria).
  expected_output: /mnt/agent/output/result_048.tsv (STATUS line + one TSV row (top 3 assets + custody
    fields) matching the schema defined in plan.md).
  depends_on:
  - coordinator
  is_parallelizable: true
- subtask_id: research_agent_049
  description: 'Research one DAO assigned at line 49 of /mnt/agent/output/plan.md. Find the DAO treasury
    address(es) via Etherscan or the relevant block explorer, pull top 3 non-stablecoin holdings + USD
    values, and document custody (Gnosis Safe / multisig signers / signer count) from governance forum
    + Snapshot. Write one TSV row (top 3 assets + custody fields) to /mnt/agent/output/result_049.tsv.
    The first line of the file MUST be `STATUS: complete` or `STATUS: partial — [reason]`. Subsequent
    lines are the data rows; do NOT include the schema header in this file (coordinator owns the final
    header). Hard ceiling: 25 sub-agent messages.'
  expected_input: /mnt/agent/output/plan.md (read line 49 for the DAO assignment + the shared output schema
    and quality criteria).
  expected_output: /mnt/agent/output/result_049.tsv (STATUS line + one TSV row (top 3 assets + custody
    fields) matching the schema defined in plan.md).
  depends_on:
  - coordinator
  is_parallelizable: true
- subtask_id: research_agent_050
  description: 'Research one DAO assigned at line 50 of /mnt/agent/output/plan.md. Find the DAO treasury
    address(es) via Etherscan or the relevant block explorer, pull top 3 non-stablecoin holdings + USD
    values, and document custody (Gnosis Safe / multisig signers / signer count) from governance forum
    + Snapshot. Write one TSV row (top 3 assets + custody fields) to /mnt/agent/output/result_050.tsv.
    The first line of the file MUST be `STATUS: complete` or `STATUS: partial — [reason]`. Subsequent
    lines are the data rows; do NOT include the schema header in this file (coordinator owns the final
    header). Hard ceiling: 25 sub-agent messages.'
  expected_input: /mnt/agent/output/plan.md (read line 50 for the DAO assignment + the shared output schema
    and quality criteria).
  expected_output: /mnt/agent/output/result_050.tsv (STATUS line + one TSV row (top 3 assets + custody
    fields) matching the schema defined in plan.md).
  depends_on:
  - coordinator
  is_parallelizable: true
minimum_viable_agents: 1
optimal_agents: 51
maximum_useful_agents: 61
"
"https://static.remotasks.com/uploads/69bee012be45f06904292c9a/state_ai_laws_ppp10_task.yaml","https://static.remotasks.com/uploads/69bee012be45f06904292c9a/state_ai_laws_ppp10_task.yaml","https://static.remotasks.com/uploads/69bee012be45f06904292c9a/state_ai_laws_ppp10_gold.yaml","","","","swarm_research","map_reduce","easy","https://static.remotasks.com/uploads/69bee012be45f06904292c9a/state_ai_laws_ppp10_single_run.json","","https://static.remotasks.com/uploads/69bee012be45f06904292c9a/state_ai_laws_ppp10_task.yaml","51","True","### DELEGATION WORKFLOW — State-Level AI Law Tracker

**Objective:** Coordinate 50 parallel sub-agents to research AI-related legislation in each of the 50 US states. Each sub-agent will identify up to 3 relevant bills. Your role as the coordinator is to orchestrate this research by planning, delegating, and synthesizing the results. You must not perform any research yourself; all data gathering is to be delegated via `llm_call`. Your coordinator messages must be less than 15% of the total swarm token count.

#### Phase 1 — Create the Plan

1.  Begin by creating a detailed plan file at `/mnt/agent/output/plan.md` using `str_replace_editor.create`. This file is the single source of truth for all sub-agents. It must include:

    **Header:** A brief description of the task, the overall goal (creating a 50-state AI bill tracker), and the final output format.

    **Assignment Table:** A numbered list of all 50 US states, assigning one state per sub-agent. The format should be:
    ```
    1. Alabama — Find top 3 bills mentioning “algorithmic” or “foundation model” since 2023 — result file: result_001.tsv
    2. Alaska — Find top 3 bills mentioning “algorithmic” or “foundation model” since 2023 — result file: result_002.tsv
    ...
    50. Wyoming — Find top 3 bills mentioning “algorithmic” or “foundation model” since 2023 — result file: result_050.tsv
    ```

    **Output Schema:** Define the precise TSV (Tab-Separated Values) format for the sub-agent result files. Specify the exact column headers:
    `State`, `Bill_ID`, `Title`, `Sponsor`, `Status`, `Summary_of_Obligations`, `Source_URL`

    **Quality Criteria:** Define what constitutes a complete result. A sub-agent's work is `complete` if it finds at least one bill and populates all columns. If no relevant bills are found after a thorough search, the status is also `complete` but the file will contain only the header and a status line. A `partial` result is one where a bill is found but critical information (like Status or Sponsor) is missing.

#### Phase 2 — Parallel Delegation

2.  In a SINGLE message, launch all 50 `llm_call` invocations to run in parallel. This is the core of the swarm strategy, maximizing throughput.

    Each `llm_call` must be configured as follows:
    *   **Assignment reference:** ""You are sub-agent N. Your task is to research AI legislation. Read `/mnt/agent/output/plan.md` and find your assigned state under item N.""
    *   **Entity scope:** The specific US state to research (e.g., ""Alabama"").
    *   **Output file:** The corresponding result file, e.g., `/mnt/agent/output/result_001.tsv`.
    *   **fork_mode:** `none`. Each sub-agent's task is independent and guided by the central plan.
    *   **Research instructions:** Instruct the sub-agent to use the `browse` tool to search Legiscan, state legislature websites (e.g., `*.legis.state.us`), and official state government sites. Provide example search queries like `""algorithmic transparency bill [State Name] 2024""` or `""site:legiscan.com [State Name] 'foundation model'""`. The search must be restricted to bills proposed or enacted since January 1, 2023.
    *   **Result format:** Instruct the agent to write its findings to the assigned result file using `str_replace_editor`. The file's first line MUST be `STATUS: complete` or `STATUS: partial — [reason for partial status]`. Subsequent lines must be the TSV data, with columns separated by tabs, adhering strictly to the schema in the plan file.

#### Phase 3 — Quality Audit & Gap Fill

3.  Once the sub-agents have completed their tasks, perform a quality check. Use `str_replace_editor.view` on each of the 50 result files, reading only the first two lines to check the `STATUS`.
    *   Tally the number of `complete`, `partial`, and missing files.
    *   For any `partial` or missing results, launch a single, consolidated follow-up batch of `llm_call`s. These new agents should be given more specific instructions, perhaps suggesting alternative search terms or focusing only on the missing data points.
    *   Limit this to one round of follow-ups to avoid diminishing returns.

#### Phase 4 — Assemble Final Output

4.  With all individual results gathered, create the final deliverable. Read the contents of all `result_*.tsv` files (skipping the STATUS line).
    *   Merge all data into a single file: `/mnt/agent/output/final_bill_tracker.tsv`.
    *   Ensure the final file has a single, consistent header row as defined in the plan.
    *   Add a new column, `_source_agent_id`, to track which sub-agent (e.g., `sub_agent_001`) provided each row of data.
    *   Sort the final table alphabetically by the `State` column.

5.  Write a brief summary report in `/mnt/agent/output/summary.md`. This report should include:
    *   Total states surveyed: 50
    *   Number of states with complete results: [count]
    *   Number of states with partial/missing results: [count]
    *   Total number of unique bills identified.
    *   Date of research.

#### Resource Budget
*   **Phase 2 sub-agents:** 50
*   **Phase 3 follow-ups:** Up to 10
*   **Sub-agent tools:** `browse`, `str_replace_editor`
*   **Max messages per sub-agent:** 25
*   **Coordinator critical-path target:** <15% of total swarm tokens","### DELEGATION WORKFLOW — State-Level AI Law Tracker

**Objective:** Coordinate 50 parallel sub-agents to research AI-related legislation in each of the 50 US states. Each sub-agent will identify up to 3 relevant bills. Your role as the coordinator is to orchestrate this research by planning, delegating, and synthesizing the results. You must not perform any research yourself; all data gathering is to be delegated via `llm_call`. Your coordinator messages must be less than 15% of the total swarm token count.

#### Phase 1 — Create the Plan

1.  Begin by creating a detailed plan file at `/mnt/agent/output/plan.md` using `str_replace_editor.create`. This file is the single source of truth for all sub-agents. It must include:

    **Header:** A brief description of the task, the overall goal (creating a 50-state AI bill tracker), and the final output format.

    **Assignment Table:** A numbered list of all 50 US states, assigning one state per sub-agent. The format should be:
    ```
    1. Alabama — Find top 3 bills mentioning “algorithmic” or “foundation model” since 2023 — result file: result_001.tsv
    2. Alaska — Find top 3 bills mentioning “algorithmic” or “foundation model” since 2023 — result file: result_002.tsv
    ...
    50. Wyoming — Find top 3 bills mentioning “algorithmic” or “foundation model” since 2023 — result file: result_050.tsv
    ```

    **Output Schema:** Define the precise TSV (Tab-Separated Values) format for the sub-agent result files. Specify the exact column headers:
    `State`, `Bill_ID`, `Title`, `Sponsor`, `Status`, `Summary_of_Obligations`, `Source_URL`

    **Quality Criteria:** Define what constitutes a complete result. A sub-agent's work is `complete` if it finds at least one bill and populates all columns. If no relevant bills are found after a thorough search, the status is also `complete` but the file will contain only the header and a status line. A `partial` result is one where a bill is found but critical information (like Status or Sponsor) is missing.

#### Phase 2 — Parallel Delegation

2.  In a SINGLE message, launch all 50 `llm_call` invocations to run in parallel. This is the core of the swarm strategy, maximizing throughput.

    Each `llm_call` must be configured as follows:
    *   **Assignment reference:** ""You are sub-agent N. Your task is to research AI legislation. Read `/mnt/agent/output/plan.md` and find your assigned state under item N.""
    *   **Entity scope:** The specific US state to research (e.g., ""Alabama"").
    *   **Output file:** The corresponding result file, e.g., `/mnt/agent/output/result_001.tsv`.
    *   **fork_mode:** `none`. Each sub-agent's task is independent and guided by the central plan.
    *   **Research instructions:** Instruct the sub-agent to use the `browse` tool to search Legiscan, state legislature websites (e.g., `*.legis.state.us`), and official state government sites. Provide example search queries like `""algorithmic transparency bill [State Name] 2024""` or `""site:legiscan.com [State Name] 'foundation model'""`. The search must be restricted to bills proposed or enacted since January 1, 2023.
    *   **Result format:** Instruct the agent to write its findings to the assigned result file using `str_replace_editor`. The file's first line MUST be `STATUS: complete` or `STATUS: partial — [reason for partial status]`. Subsequent lines must be the TSV data, with columns separated by tabs, adhering strictly to the schema in the plan file.

#### Phase 3 — Quality Audit & Gap Fill

3.  Once the sub-agents have completed their tasks, perform a quality check. Use `str_replace_editor.view` on each of the 50 result files, reading only the first two lines to check the `STATUS`.
    *   Tally the number of `complete`, `partial`, and missing files.
    *   For any `partial` or missing results, launch a single, consolidated follow-up batch of `llm_call`s. These new agents should be given more specific instructions, perhaps suggesting alternative search terms or focusing only on the missing data points.
    *   Limit this to one round of follow-ups to avoid diminishing returns.

#### Phase 4 — Assemble Final Output

4.  With all individual results gathered, create the final deliverable. Read the contents of all `result_*.tsv` files (skipping the STATUS line).
    *   Merge all data into a single file: `/mnt/agent/output/final_bill_tracker.tsv`.
    *   Ensure the final file has a single, consistent header row as defined in the plan.
    *   Add a new column, `_source_agent_id`, to track which sub-agent (e.g., `sub_agent_001`) provided each row of data.
    *   Sort the final table alphabetically by the `State` column.

5.  Write a brief summary report in `/mnt/agent/output/summary.md`. This report should include:
    *   Total states surveyed: 50
    *   Number of states with complete results: [count]
    *   Number of states with partial/missing results: [count]
    *   Total number of unique bills identified.
    *   Date of research.

#### Resource Budget
*   **Phase 2 sub-agents:** 50
*   **Phase 3 follow-ups:** Up to 10
*   **Sub-agent tools:** `browse`, `str_replace_editor`
*   **Max messages per sub-agent:** 25
*   **Coordinator critical-path target:** <15% of total swarm tokens","### DELEGATION WORKFLOW — State-Level AI Law Tracker

**Objective:** Coordinate 50 parallel sub-agents to research AI-related legislation in each of the 50 US states. Each sub-agent will identify up to 3 relevant bills. Your role as the coordinator is to orchestrate this research by planning, delegating, and synthesizing the results. You must not perform any research yourself; all data gathering is to be delegated via `llm_call`. Your coordinator messages must be less than 15% of the total swarm token count.

#### Phase 1 — Create the Plan

1.  Begin by creating a detailed plan file at `/mnt/agent/output/plan.md` using `str_replace_editor.create`. This file is the single source of truth for all sub-agents. It must include:

    **Header:** A brief description of the task, the overall goal (creating a 50-state AI bill tracker), and the final output format.

    **Assignment Table:** A numbered list of all 50 US states, assigning one state per sub-agent. The format should be:
    ```
    1. Alabama — Find top 3 bills mentioning “algorithmic” or “foundation model” since 2023 — result file: result_001.tsv
    2. Alaska — Find top 3 bills mentioning “algorithmic” or “foundation model” since 2023 — result file: result_002.tsv
    ...
    50. Wyoming — Find top 3 bills mentioning “algorithmic” or “foundation model” since 2023 — result file: result_050.tsv
    ```

    **Output Schema:** Define the precise TSV (Tab-Separated Values) format for the sub-agent result files. Specify the exact column headers:
    `State`, `Bill_ID`, `Title`, `Sponsor`, `Status`, `Summary_of_Obligations`, `Source_URL`

    **Quality Criteria:** Define what constitutes a complete result. A sub-agent's work is `complete` if it finds at least one bill and populates all columns. If no relevant bills are found after a thorough search, the status is also `complete` but the file will contain only the header and a status line. A `partial` result is one where a bill is found but critical information (like Status or Sponsor) is missing.

#### Phase 2 — Parallel Delegation

2.  In a SINGLE message, launch all 50 `llm_call` invocations to run in parallel. This is the core of the swarm strategy, maximizing throughput.

    Each `llm_call` must be configured as follows:
    *   **Assignment reference:** ""You are sub-agent N. Your task is to research AI legislation. Read `/mnt/agent/output/plan.md` and find your assigned state under item N.""
    *   **Entity scope:** The specific US state to research (e.g., ""Alabama"").
    *   **Output file:** The corresponding result file, e.g., `/mnt/agent/output/result_001.tsv`.
    *   **fork_mode:** `none`. Each sub-agent's task is independent and guided by the central plan.
    *   **Research instructions:** Instruct the sub-agent to use the `browse` tool to search Legiscan, state legislature websites (e.g., `*.legis.state.us`), and official state government sites. Provide example search queries like `""algorithmic transparency bill [State Name] 2024""` or `""site:legiscan.com [State Name] 'foundation model'""`. The search must be restricted to bills proposed or enacted since January 1, 2023.
    *   **Result format:** Instruct the agent to write its findings to the assigned result file using `str_replace_editor`. The file's first line MUST be `STATUS: complete` or `STATUS: partial — [reason for partial status]`. Subsequent lines must be the TSV data, with columns separated by tabs, adhering strictly to the schema in the plan file.

#### Phase 3 — Quality Audit & Gap Fill

3.  Once the sub-agents have completed their tasks, perform a quality check. Use `str_replace_editor.view` on each of the 50 result files, reading only the first two lines to check the `STATUS`.
    *   Tally the number of `complete`, `partial`, and missing files.
    *   For any `partial` or missing results, launch a single, consolidated follow-up batch of `llm_call`s. These new agents should be given more specific instructions, perhaps suggesting alternative search terms or focusing only on the missing data points.
    *   Limit this to one round of follow-ups to avoid diminishing returns.

#### Phase 4 — Assemble Final Output

4.  With all individual results gathered, create the final deliverable. Read the contents of all `result_*.tsv` files (skipping the STATUS line).
    *   Merge all data into a single file: `/mnt/agent/output/final_bill_tracker.tsv`.
    *   Ensure the final file has a single, consistent header row as defined in the plan.
    *   Add a new column, `_source_agent_id`, to track which sub-agent (e.g., `sub_agent_001`) provided each row of data.
    *   Sort the final table alphabetically by the `State` column.

5.  Write a brief summary report in `/mnt/agent/output/summary.md`. This report should include:
    *   Total states surveyed: 50
    *   Number of states with complete results: [count]
    *   Number of states with partial/missing results: [count]
    *   Total number of unique bills identified.
    *   Date of research.

#### Resource Budget
*   **Phase 2 sub-agents:** 50
*   **Phase 3 follow-ups:** Up to 10
*   **Sub-agent tools:** `browse`, `str_replace_editor`
*   **Max messages per sub-agent:** 25
*   **Coordinator critical-path target:** <15% of total swarm tokens","easy","en_US","{""task_yaml"": ""OK"", ""gold_yaml"": ""OK"", ""artifacts"": ""N/A"", ""rich_artifacts"": ""N/A""}","task_id: swarm__state_ai_laws__ppp10
primary_decomposition:
- subtask_id: coordinator
  description: 'Coordinator role. Phase 1: write /mnt/agent/output/plan.md containing the task header,
    a numbered assignment table of 50 US states (one per research sub-agent), the exact output schema
    columns (State, Bill_ID, Title, Sponsor, Status, Summary_of_Obligations, Source_URL), and quality
    criteria (complete vs. partial). Phase 2: dispatch all 50 research sub-agents in a single message
    with `fork_mode: none`, each pointing at its zero-padded result file. Phase 3: audit STATUS lines
    via `str_replace_editor.view` with a tiny `view_range`, tally complete/partial/missing, then launch
    up to 10 follow-up sub-agents in one batch (single round). Phase 4: read every complete result_NNN.tsv,
    assemble /mnt/agent/output/final_bill_tracker.tsv with the schema header row, sort by the first schema
    column, and write /mnt/agent/output/summary.md. Coordinator messages must stay under 15% of total
    swarm tokens.'
  expected_input: Master task prompt for State-Level AI Law Tracker — top 3 AI bills per US state since
    2023 (see task.yaml `prompt`).
  expected_output: /mnt/agent/output/plan.md (plan with assignment table + schema + quality criteria);
    /mnt/agent/output/final_bill_tracker.tsv (assembled deliverable, schema header + sorted rows); /mnt/agent/output/summary.md
    (tally of complete/partial/missing + brief notes).
  depends_on: []
  is_parallelizable: false
- subtask_id: research_agent_001
  description: 'Research one US state assigned at line 1 of /mnt/agent/output/plan.md. Search Legiscan
    and the state legislature site for bills proposed or enacted since 2023-01-01 that mention ''algorithmic''
    or ''foundation model''; capture bill ID, title, sponsor, status, obligations summary, and source
    URL. Write up to 3 bill rows to /mnt/agent/output/result_001.tsv. The first line of the file MUST
    be `STATUS: complete` or `STATUS: partial — [reason]`. Subsequent lines are the data rows; do NOT
    include the schema header in this file (coordinator owns the final header). Hard ceiling: 25 sub-agent
    messages.'
  expected_input: /mnt/agent/output/plan.md (read line 1 for the US state assignment + the shared output
    schema and quality criteria).
  expected_output: /mnt/agent/output/result_001.tsv (STATUS line + up to 3 bill rows matching the schema
    defined in plan.md).
  depends_on:
  - coordinator
  is_parallelizable: true
- subtask_id: research_agent_002
  description: 'Research one US state assigned at line 2 of /mnt/agent/output/plan.md. Search Legiscan
    and the state legislature site for bills proposed or enacted since 2023-01-01 that mention ''algorithmic''
    or ''foundation model''; capture bill ID, title, sponsor, status, obligations summary, and source
    URL. Write up to 3 bill rows to /mnt/agent/output/result_002.tsv. The first line of the file MUST
    be `STATUS: complete` or `STATUS: partial — [reason]`. Subsequent lines are the data rows; do NOT
    include the schema header in this file (coordinator owns the final header). Hard ceiling: 25 sub-agent
    messages.'
  expected_input: /mnt/agent/output/plan.md (read line 2 for the US state assignment + the shared output
    schema and quality criteria).
  expected_output: /mnt/agent/output/result_002.tsv (STATUS line + up to 3 bill rows matching the schema
    defined in plan.md).
  depends_on:
  - coordinator
  is_parallelizable: true
- subtask_id: research_agent_003
  description: 'Research one US state assigned at line 3 of /mnt/agent/output/plan.md. Search Legiscan
    and the state legislature site for bills proposed or enacted since 2023-01-01 that mention ''algorithmic''
    or ''foundation model''; capture bill ID, title, sponsor, status, obligations summary, and source
    URL. Write up to 3 bill rows to /mnt/agent/output/result_003.tsv. The first line of the file MUST
    be `STATUS: complete` or `STATUS: partial — [reason]`. Subsequent lines are the data rows; do NOT
    include the schema header in this file (coordinator owns the final header). Hard ceiling: 25 sub-agent
    messages.'
  expected_input: /mnt/agent/output/plan.md (read line 3 for the US state assignment + the shared output
    schema and quality criteria).
  expected_output: /mnt/agent/output/result_003.tsv (STATUS line + up to 3 bill rows matching the schema
    defined in plan.md).
  depends_on:
  - coordinator
  is_parallelizable: true
- subtask_id: research_agent_004
  description: 'Research one US state assigned at line 4 of /mnt/agent/output/plan.md. Search Legiscan
    and the state legislature site for bills proposed or enacted since 2023-01-01 that mention ''algorithmic''
    or ''foundation model''; capture bill ID, title, sponsor, status, obligations summary, and source
    URL. Write up to 3 bill rows to /mnt/agent/output/result_004.tsv. The first line of the file MUST
    be `STATUS: complete` or `STATUS: partial — [reason]`. Subsequent lines are the data rows; do NOT
    include the schema header in this file (coordinator owns the final header). Hard ceiling: 25 sub-agent
    messages.'
  expected_input: /mnt/agent/output/plan.md (read line 4 for the US state assignment + the shared output
    schema and quality criteria).
  expected_output: /mnt/agent/output/result_004.tsv (STATUS line + up to 3 bill rows matching the schema
    defined in plan.md).
  depends_on:
  - coordinator
  is_parallelizable: true
- subtask_id: research_agent_005
  description: 'Research one US state assigned at line 5 of /mnt/agent/output/plan.md. Search Legiscan
    and the state legislature site for bills proposed or enacted since 2023-01-01 that mention ''algorithmic''
    or ''foundation model''; capture bill ID, title, sponsor, status, obligations summary, and source
    URL. Write up to 3 bill rows to /mnt/agent/output/result_005.tsv. The first line of the file MUST
    be `STATUS: complete` or `STATUS: partial — [reason]`. Subsequent lines are the data rows; do NOT
    include the schema header in this file (coordinator owns the final header). Hard ceiling: 25 sub-agent
    messages.'
  expected_input: /mnt/agent/output/plan.md (read line 5 for the US state assignment + the shared output
    schema and quality criteria).
  expected_output: /mnt/agent/output/result_005.tsv (STATUS line + up to 3 bill rows matching the schema
    defined in plan.md).
  depends_on:
  - coordinator
  is_parallelizable: true
- subtask_id: research_agent_006
  description: 'Research one US state assigned at line 6 of /mnt/agent/output/plan.md. Search Legiscan
    and the state legislature site for bills proposed or enacted since 2023-01-01 that mention ''algorithmic''
    or ''foundation model''; capture bill ID, title, sponsor, status, obligations summary, and source
    URL. Write up to 3 bill rows to /mnt/agent/output/result_006.tsv. The first line of the file MUST
    be `STATUS: complete` or `STATUS: partial — [reason]`. Subsequent lines are the data rows; do NOT
    include the schema header in this file (coordinator owns the final header). Hard ceiling: 25 sub-agent
    messages.'
  expected_input: /mnt/agent/output/plan.md (read line 6 for the US state assignment + the shared output
    schema and quality criteria).
  expected_output: /mnt/agent/output/result_006.tsv (STATUS line + up to 3 bill rows matching the schema
    defined in plan.md).
  depends_on:
  - coordinator
  is_parallelizable: true
- subtask_id: research_agent_007
  description: 'Research one US state assigned at line 7 of /mnt/agent/output/plan.md. Search Legiscan
    and the state legislature site for bills proposed or enacted since 2023-01-01 that mention ''algorithmic''
    or ''foundation model''; capture bill ID, title, sponsor, status, obligations summary, and source
    URL. Write up to 3 bill rows to /mnt/agent/output/result_007.tsv. The first line of the file MUST
    be `STATUS: complete` or `STATUS: partial — [reason]`. Subsequent lines are the data rows; do NOT
    include the schema header in this file (coordinator owns the final header). Hard ceiling: 25 sub-agent
    messages.'
  expected_input: /mnt/agent/output/plan.md (read line 7 for the US state assignment + the shared output
    schema and quality criteria).
  expected_output: /mnt/agent/output/result_007.tsv (STATUS line + up to 3 bill rows matching the schema
    defined in plan.md).
  depends_on:
  - coordinator
  is_parallelizable: true
- subtask_id: research_agent_008
  description: 'Research one US state assigned at line 8 of /mnt/agent/output/plan.md. Search Legiscan
    and the state legislature site for bills proposed or enacted since 2023-01-01 that mention ''algorithmic''
    or ''foundation model''; capture bill ID, title, sponsor, status, obligations summary, and source
    URL. Write up to 3 bill rows to /mnt/agent/output/result_008.tsv. The first line of the file MUST
    be `STATUS: complete` or `STATUS: partial — [reason]`. Subsequent lines are the data rows; do NOT
    include the schema header in this file (coordinator owns the final header). Hard ceiling: 25 sub-agent
    messages.'
  expected_input: /mnt/agent/output/plan.md (read line 8 for the US state assignment + the shared output
    schema and quality criteria).
  expected_output: /mnt/agent/output/result_008.tsv (STATUS line + up to 3 bill rows matching the schema
    defined in plan.md).
  depends_on:
  - coordinator
  is_parallelizable: true
- subtask_id: research_agent_009
  description: 'Research one US state assigned at line 9 of /mnt/agent/output/plan.md. Search Legiscan
    and the state legislature site for bills proposed or enacted since 2023-01-01 that mention ''algorithmic''
    or ''foundation model''; capture bill ID, title, sponsor, status, obligations summary, and source
    URL. Write up to 3 bill rows to /mnt/agent/output/result_009.tsv. The first line of the file MUST
    be `STATUS: complete` or `STATUS: partial — [reason]`. Subsequent lines are the data rows; do NOT
    include the schema header in this file (coordinator owns the final header). Hard ceiling: 25 sub-agent
    messages.'
  expected_input: /mnt/agent/output/plan.md (read line 9 for the US state assignment + the shared output
    schema and quality criteria).
  expected_output: /mnt/agent/output/result_009.tsv (STATUS line + up to 3 bill rows matching the schema
    defined in plan.md).
  depends_on:
  - coordinator
  is_parallelizable: true
- subtask_id: research_agent_010
  description: 'Research one US state assigned at line 10 of /mnt/agent/output/plan.md. Search Legiscan
    and the state legislature site for bills proposed or enacted since 2023-01-01 that mention ''algorithmic''
    or ''foundation model''; capture bill ID, title, sponsor, status, obligations summary, and source
    URL. Write up to 3 bill rows to /mnt/agent/output/result_010.tsv. The first line of the file MUST
    be `STATUS: complete` or `STATUS: partial — [reason]`. Subsequent lines are the data rows; do NOT
    include the schema header in this file (coordinator owns the final header). Hard ceiling: 25 sub-agent
    messages.'
  expected_input: /mnt/agent/output/plan.md (read line 10 for the US state assignment + the shared output
    schema and quality criteria).
  expected_output: /mnt/agent/output/result_010.tsv (STATUS line + up to 3 bill rows matching the schema
    defined in plan.md).
  depends_on:
  - coordinator
  is_parallelizable: true
- subtask_id: research_agent_011
  description: 'Research one US state assigned at line 11 of /mnt/agent/output/plan.md. Search Legiscan
    and the state legislature site for bills proposed or enacted since 2023-01-01 that mention ''algorithmic''
    or ''foundation model''; capture bill ID, title, sponsor, status, obligations summary, and source
    URL. Write up to 3 bill rows to /mnt/agent/output/result_011.tsv. The first line of the file MUST
    be `STATUS: complete` or `STATUS: partial — [reason]`. Subsequent lines are the data rows; do NOT
    include the schema header in this file (coordinator owns the final header). Hard ceiling: 25 sub-agent
    messages.'
  expected_input: /mnt/agent/output/plan.md (read line 11 for the US state assignment + the shared output
    schema and quality criteria).
  expected_output: /mnt/agent/output/result_011.tsv (STATUS line + up to 3 bill rows matching the schema
    defined in plan.md).
  depends_on:
  - coordinator
  is_parallelizable: true
- subtask_id: research_agent_012
  description: 'Research one US state assigned at line 12 of /mnt/agent/output/plan.md. Search Legiscan
    and the state legislature site for bills proposed or enacted since 2023-01-01 that mention ''algorithmic''
    or ''foundation model''; capture bill ID, title, sponsor, status, obligations summary, and source
    URL. Write up to 3 bill rows to /mnt/agent/output/result_012.tsv. The first line of the file MUST
    be `STATUS: complete` or `STATUS: partial — [reason]`. Subsequent lines are the data rows; do NOT
    include the schema header in this file (coordinator owns the final header). Hard ceiling: 25 sub-agent
    messages.'
  expected_input: /mnt/agent/output/plan.md (read line 12 for the US state assignment + the shared output
    schema and quality criteria).
  expected_output: /mnt/agent/output/result_012.tsv (STATUS line + up to 3 bill rows matching the schema
    defined in plan.md).
  depends_on:
  - coordinator
  is_parallelizable: true
- subtask_id: research_agent_013
  description: 'Research one US state assigned at line 13 of /mnt/agent/output/plan.md. Search Legiscan
    and the state legislature site for bills proposed or enacted since 2023-01-01 that mention ''algorithmic''
    or ''foundation model''; capture bill ID, title, sponsor, status, obligations summary, and source
    URL. Write up to 3 bill rows to /mnt/agent/output/result_013.tsv. The first line of the file MUST
    be `STATUS: complete` or `STATUS: partial — [reason]`. Subsequent lines are the data rows; do NOT
    include the schema header in this file (coordinator owns the final header). Hard ceiling: 25 sub-agent
    messages.'
  expected_input: /mnt/agent/output/plan.md (read line 13 for the US state assignment + the shared output
    schema and quality criteria).
  expected_output: /mnt/agent/output/result_013.tsv (STATUS line + up to 3 bill rows matching the schema
    defined in plan.md).
  depends_on:
  - coordinator
  is_parallelizable: true
- subtask_id: research_agent_014
  description: 'Research one US state assigned at line 14 of /mnt/agent/output/plan.md. Search Legiscan
    and the state legislature site for bills proposed or enacted since 2023-01-01 that mention ''algorithmic''
    or ''foundation model''; capture bill ID, title, sponsor, status, obligations summary, and source
    URL. Write up to 3 bill rows to /mnt/agent/output/result_014.tsv. The first line of the file MUST
    be `STATUS: complete` or `STATUS: partial — [reason]`. Subsequent lines are the data rows; do NOT
    include the schema header in this file (coordinator owns the final header). Hard ceiling: 25 sub-agent
    messages.'
  expected_input: /mnt/agent/output/plan.md (read line 14 for the US state assignment + the shared output
    schema and quality criteria).
  expected_output: /mnt/agent/output/result_014.tsv (STATUS line + up to 3 bill rows matching the schema
    defined in plan.md).
  depends_on:
  - coordinator
  is_parallelizable: true
- subtask_id: research_agent_015
  description: 'Research one US state assigned at line 15 of /mnt/agent/output/plan.md. Search Legiscan
    and the state legislature site for bills proposed or enacted since 2023-01-01 that mention ''algorithmic''
    or ''foundation model''; capture bill ID, title, sponsor, status, obligations summary, and source
    URL. Write up to 3 bill rows to /mnt/agent/output/result_015.tsv. The first line of the file MUST
    be `STATUS: complete` or `STATUS: partial — [reason]`. Subsequent lines are the data rows; do NOT
    include the schema header in this file (coordinator owns the final header). Hard ceiling: 25 sub-agent
    messages.'
  expected_input: /mnt/agent/output/plan.md (read line 15 for the US state assignment + the shared output
    schema and quality criteria).
  expected_output: /mnt/agent/output/result_015.tsv (STATUS line + up to 3 bill rows matching the schema
    defined in plan.md).
  depends_on:
  - coordinator
  is_parallelizable: true
- subtask_id: research_agent_016
  description: 'Research one US state assigned at line 16 of /mnt/agent/output/plan.md. Search Legiscan
    and the state legislature site for bills proposed or enacted since 2023-01-01 that mention ''algorithmic''
    or ''foundation model''; capture bill ID, title, sponsor, status, obligations summary, and source
    URL. Write up to 3 bill rows to /mnt/agent/output/result_016.tsv. The first line of the file MUST
    be `STATUS: complete` or `STATUS: partial — [reason]`. Subsequent lines are the data rows; do NOT
    include the schema header in this file (coordinator owns the final header). Hard ceiling: 25 sub-agent
    messages.'
  expected_input: /mnt/agent/output/plan.md (read line 16 for the US state assignment + the shared output
    schema and quality criteria).
  expected_output: /mnt/agent/output/result_016.tsv (STATUS line + up to 3 bill rows matching the schema
    defined in plan.md).
  depends_on:
  - coordinator
  is_parallelizable: true
- subtask_id: research_agent_017
  description: 'Research one US state assigned at line 17 of /mnt/agent/output/plan.md. Search Legiscan
    and the state legislature site for bills proposed or enacted since 2023-01-01 that mention ''algorithmic''
    or ''foundation model''; capture bill ID, title, sponsor, status, obligations summary, and source
    URL. Write up to 3 bill rows to /mnt/agent/output/result_017.tsv. The first line of the file MUST
    be `STATUS: complete` or `STATUS: partial — [reason]`. Subsequent lines are the data rows; do NOT
    include the schema header in this file (coordinator owns the final header). Hard ceiling: 25 sub-agent
    messages.'
  expected_input: /mnt/agent/output/plan.md (read line 17 for the US state assignment + the shared output
    schema and quality criteria).
  expected_output: /mnt/agent/output/result_017.tsv (STATUS line + up to 3 bill rows matching the schema
    defined in plan.md).
  depends_on:
  - coordinator
  is_parallelizable: true
- subtask_id: research_agent_018
  description: 'Research one US state assigned at line 18 of /mnt/agent/output/plan.md. Search Legiscan
    and the state legislature site for bills proposed or enacted since 2023-01-01 that mention ''algorithmic''
    or ''foundation model''; capture bill ID, title, sponsor, status, obligations summary, and source
    URL. Write up to 3 bill rows to /mnt/agent/output/result_018.tsv. The first line of the file MUST
    be `STATUS: complete` or `STATUS: partial — [reason]`. Subsequent lines are the data rows; do NOT
    include the schema header in this file (coordinator owns the final header). Hard ceiling: 25 sub-agent
    messages.'
  expected_input: /mnt/agent/output/plan.md (read line 18 for the US state assignment + the shared output
    schema and quality criteria).
  expected_output: /mnt/agent/output/result_018.tsv (STATUS line + up to 3 bill rows matching the schema
    defined in plan.md).
  depends_on:
  - coordinator
  is_parallelizable: true
- subtask_id: research_agent_019
  description: 'Research one US state assigned at line 19 of /mnt/agent/output/plan.md. Search Legiscan
    and the state legislature site for bills proposed or enacted since 2023-01-01 that mention ''algorithmic''
    or ''foundation model''; capture bill ID, title, sponsor, status, obligations summary, and source
    URL. Write up to 3 bill rows to /mnt/agent/output/result_019.tsv. The first line of the file MUST
    be `STATUS: complete` or `STATUS: partial — [reason]`. Subsequent lines are the data rows; do NOT
    include the schema header in this file (coordinator owns the final header). Hard ceiling: 25 sub-agent
    messages.'
  expected_input: /mnt/agent/output/plan.md (read line 19 for the US state assignment + the shared output
    schema and quality criteria).
  expected_output: /mnt/agent/output/result_019.tsv (STATUS line + up to 3 bill rows matching the schema
    defined in plan.md).
  depends_on:
  - coordinator
  is_parallelizable: true
- subtask_id: research_agent_020
  description: 'Research one US state assigned at line 20 of /mnt/agent/output/plan.md. Search Legiscan
    and the state legislature site for bills proposed or enacted since 2023-01-01 that mention ''algorithmic''
    or ''foundation model''; capture bill ID, title, sponsor, status, obligations summary, and source
    URL. Write up to 3 bill rows to /mnt/agent/output/result_020.tsv. The first line of the file MUST
    be `STATUS: complete` or `STATUS: partial — [reason]`. Subsequent lines are the data rows; do NOT
    include the schema header in this file (coordinator owns the final header). Hard ceiling: 25 sub-agent
    messages.'
  expected_input: /mnt/agent/output/plan.md (read line 20 for the US state assignment + the shared output
    schema and quality criteria).
  expected_output: /mnt/agent/output/result_020.tsv (STATUS line + up to 3 bill rows matching the schema
    defined in plan.md).
  depends_on:
  - coordinator
  is_parallelizable: true
- subtask_id: research_agent_021
  description: 'Research one US state assigned at line 21 of /mnt/agent/output/plan.md. Search Legiscan
    and the state legislature site for bills proposed or enacted since 2023-01-01 that mention ''algorithmic''
    or ''foundation model''; capture bill ID, title, sponsor, status, obligations summary, and source
    URL. Write up to 3 bill rows to /mnt/agent/output/result_021.tsv. The first line of the file MUST
    be `STATUS: complete` or `STATUS: partial — [reason]`. Subsequent lines are the data rows; do NOT
    include the schema header in this file (coordinator owns the final header). Hard ceiling: 25 sub-agent
    messages.'
  expected_input: /mnt/agent/output/plan.md (read line 21 for the US state assignment + the shared output
    schema and quality criteria).
  expected_output: /mnt/agent/output/result_021.tsv (STATUS line + up to 3 bill rows matching the schema
    defined in plan.md).
  depends_on:
  - coordinator
  is_parallelizable: true
- subtask_id: research_agent_022
  description: 'Research one US state assigned at line 22 of /mnt/agent/output/plan.md. Search Legiscan
    and the state legislature site for bills proposed or enacted since 2023-01-01 that mention ''algorithmic''
    or ''foundation model''; capture bill ID, title, sponsor, status, obligations summary, and source
    URL. Write up to 3 bill rows to /mnt/agent/output/result_022.tsv. The first line of the file MUST
    be `STATUS: complete` or `STATUS: partial — [reason]`. Subsequent lines are the data rows; do NOT
    include the schema header in this file (coordinator owns the final header). Hard ceiling: 25 sub-agent
    messages.'
  expected_input: /mnt/agent/output/plan.md (read line 22 for the US state assignment + the shared output
    schema and quality criteria).
  expected_output: /mnt/agent/output/result_022.tsv (STATUS line + up to 3 bill rows matching the schema
    defined in plan.md).
  depends_on:
  - coordinator
  is_parallelizable: true
- subtask_id: research_agent_023
  description: 'Research one US state assigned at line 23 of /mnt/agent/output/plan.md. Search Legiscan
    and the state legislature site for bills proposed or enacted since 2023-01-01 that mention ''algorithmic''
    or ''foundation model''; capture bill ID, title, sponsor, status, obligations summary, and source
    URL. Write up to 3 bill rows to /mnt/agent/output/result_023.tsv. The first line of the file MUST
    be `STATUS: complete` or `STATUS: partial — [reason]`. Subsequent lines are the data rows; do NOT
    include the schema header in this file (coordinator owns the final header). Hard ceiling: 25 sub-agent
    messages.'
  expected_input: /mnt/agent/output/plan.md (read line 23 for the US state assignment + the shared output
    schema and quality criteria).
  expected_output: /mnt/agent/output/result_023.tsv (STATUS line + up to 3 bill rows matching the schema
    defined in plan.md).
  depends_on:
  - coordinator
  is_parallelizable: true
- subtask_id: research_agent_024
  description: 'Research one US state assigned at line 24 of /mnt/agent/output/plan.md. Search Legiscan
    and the state legislature site for bills proposed or enacted since 2023-01-01 that mention ''algorithmic''
    or ''foundation model''; capture bill ID, title, sponsor, status, obligations summary, and source
    URL. Write up to 3 bill rows to /mnt/agent/output/result_024.tsv. The first line of the file MUST
    be `STATUS: complete` or `STATUS: partial — [reason]`. Subsequent lines are the data rows; do NOT
    include the schema header in this file (coordinator owns the final header). Hard ceiling: 25 sub-agent
    messages.'
  expected_input: /mnt/agent/output/plan.md (read line 24 for the US state assignment + the shared output
    schema and quality criteria).
  expected_output: /mnt/agent/output/result_024.tsv (STATUS line + up to 3 bill rows matching the schema
    defined in plan.md).
  depends_on:
  - coordinator
  is_parallelizable: true
- subtask_id: research_agent_025
  description: 'Research one US state assigned at line 25 of /mnt/agent/output/plan.md. Search Legiscan
    and the state legislature site for bills proposed or enacted since 2023-01-01 that mention ''algorithmic''
    or ''foundation model''; capture bill ID, title, sponsor, status, obligations summary, and source
    URL. Write up to 3 bill rows to /mnt/agent/output/result_025.tsv. The first line of the file MUST
    be `STATUS: complete` or `STATUS: partial — [reason]`. Subsequent lines are the data rows; do NOT
    include the schema header in this file (coordinator owns the final header). Hard ceiling: 25 sub-agent
    messages.'
  expected_input: /mnt/agent/output/plan.md (read line 25 for the US state assignment + the shared output
    schema and quality criteria).
  expected_output: /mnt/agent/output/result_025.tsv (STATUS line + up to 3 bill rows matching the schema
    defined in plan.md).
  depends_on:
  - coordinator
  is_parallelizable: true
- subtask_id: research_agent_026
  description: 'Research one US state assigned at line 26 of /mnt/agent/output/plan.md. Search Legiscan
    and the state legislature site for bills proposed or enacted since 2023-01-01 that mention ''algorithmic''
    or ''foundation model''; capture bill ID, title, sponsor, status, obligations summary, and source
    URL. Write up to 3 bill rows to /mnt/agent/output/result_026.tsv. The first line of the file MUST
    be `STATUS: complete` or `STATUS: partial — [reason]`. Subsequent lines are the data rows; do NOT
    include the schema header in this file (coordinator owns the final header). Hard ceiling: 25 sub-agent
    messages.'
  expected_input: /mnt/agent/output/plan.md (read line 26 for the US state assignment + the shared output
    schema and quality criteria).
  expected_output: /mnt/agent/output/result_026.tsv (STATUS line + up to 3 bill rows matching the schema
    defined in plan.md).
  depends_on:
  - coordinator
  is_parallelizable: true
- subtask_id: research_agent_027
  description: 'Research one US state assigned at line 27 of /mnt/agent/output/plan.md. Search Legiscan
    and the state legislature site for bills proposed or enacted since 2023-01-01 that mention ''algorithmic''
    or ''foundation model''; capture bill ID, title, sponsor, status, obligations summary, and source
    URL. Write up to 3 bill rows to /mnt/agent/output/result_027.tsv. The first line of the file MUST
    be `STATUS: complete` or `STATUS: partial — [reason]`. Subsequent lines are the data rows; do NOT
    include the schema header in this file (coordinator owns the final header). Hard ceiling: 25 sub-agent
    messages.'
  expected_input: /mnt/agent/output/plan.md (read line 27 for the US state assignment + the shared output
    schema and quality criteria).
  expected_output: /mnt/agent/output/result_027.tsv (STATUS line + up to 3 bill rows matching the schema
    defined in plan.md).
  depends_on:
  - coordinator
  is_parallelizable: true
- subtask_id: research_agent_028
  description: 'Research one US state assigned at line 28 of /mnt/agent/output/plan.md. Search Legiscan
    and the state legislature site for bills proposed or enacted since 2023-01-01 that mention ''algorithmic''
    or ''foundation model''; capture bill ID, title, sponsor, status, obligations summary, and source
    URL. Write up to 3 bill rows to /mnt/agent/output/result_028.tsv. The first line of the file MUST
    be `STATUS: complete` or `STATUS: partial — [reason]`. Subsequent lines are the data rows; do NOT
    include the schema header in this file (coordinator owns the final header). Hard ceiling: 25 sub-agent
    messages.'
  expected_input: /mnt/agent/output/plan.md (read line 28 for the US state assignment + the shared output
    schema and quality criteria).
  expected_output: /mnt/agent/output/result_028.tsv (STATUS line + up to 3 bill rows matching the schema
    defined in plan.md).
  depends_on:
  - coordinator
  is_parallelizable: true
- subtask_id: research_agent_029
  description: 'Research one US state assigned at line 29 of /mnt/agent/output/plan.md. Search Legiscan
    and the state legislature site for bills proposed or enacted since 2023-01-01 that mention ''algorithmic''
    or ''foundation model''; capture bill ID, title, sponsor, status, obligations summary, and source
    URL. Write up to 3 bill rows to /mnt/agent/output/result_029.tsv. The first line of the file MUST
    be `STATUS: complete` or `STATUS: partial — [reason]`. Subsequent lines are the data rows; do NOT
    include the schema header in this file (coordinator owns the final header). Hard ceiling: 25 sub-agent
    messages.'
  expected_input: /mnt/agent/output/plan.md (read line 29 for the US state assignment + the shared output
    schema and quality criteria).
  expected_output: /mnt/agent/output/result_029.tsv (STATUS line + up to 3 bill rows matching the schema
    defined in plan.md).
  depends_on:
  - coordinator
  is_parallelizable: true
- subtask_id: research_agent_030
  description: 'Research one US state assigned at line 30 of /mnt/agent/output/plan.md. Search Legiscan
    and the state legislature site for bills proposed or enacted since 2023-01-01 that mention ''algorithmic''
    or ''foundation model''; capture bill ID, title, sponsor, status, obligations summary, and source
    URL. Write up to 3 bill rows to /mnt/agent/output/result_030.tsv. The first line of the file MUST
    be `STATUS: complete` or `STATUS: partial — [reason]`. Subsequent lines are the data rows; do NOT
    include the schema header in this file (coordinator owns the final header). Hard ceiling: 25 sub-agent
    messages.'
  expected_input: /mnt/agent/output/plan.md (read line 30 for the US state assignment + the shared output
    schema and quality criteria).
  expected_output: /mnt/agent/output/result_030.tsv (STATUS line + up to 3 bill rows matching the schema
    defined in plan.md).
  depends_on:
  - coordinator
  is_parallelizable: true
- subtask_id: research_agent_031
  description: 'Research one US state assigned at line 31 of /mnt/agent/output/plan.md. Search Legiscan
    and the state legislature site for bills proposed or enacted since 2023-01-01 that mention ''algorithmic''
    or ''foundation model''; capture bill ID, title, sponsor, status, obligations summary, and source
    URL. Write up to 3 bill rows to /mnt/agent/output/result_031.tsv. The first line of the file MUST
    be `STATUS: complete` or `STATUS: partial — [reason]`. Subsequent lines are the data rows; do NOT
    include the schema header in this file (coordinator owns the final header). Hard ceiling: 25 sub-agent
    messages.'
  expected_input: /mnt/agent/output/plan.md (read line 31 for the US state assignment + the shared output
    schema and quality criteria).
  expected_output: /mnt/agent/output/result_031.tsv (STATUS line + up to 3 bill rows matching the schema
    defined in plan.md).
  depends_on:
  - coordinator
  is_parallelizable: true
- subtask_id: research_agent_032
  description: 'Research one US state assigned at line 32 of /mnt/agent/output/plan.md. Search Legiscan
    and the state legislature site for bills proposed or enacted since 2023-01-01 that mention ''algorithmic''
    or ''foundation model''; capture bill ID, title, sponsor, status, obligations summary, and source
    URL. Write up to 3 bill rows to /mnt/agent/output/result_032.tsv. The first line of the file MUST
    be `STATUS: complete` or `STATUS: partial — [reason]`. Subsequent lines are the data rows; do NOT
    include the schema header in this file (coordinator owns the final header). Hard ceiling: 25 sub-agent
    messages.'
  expected_input: /mnt/agent/output/plan.md (read line 32 for the US state assignment + the shared output
    schema and quality criteria).
  expected_output: /mnt/agent/output/result_032.tsv (STATUS line + up to 3 bill rows matching the schema
    defined in plan.md).
  depends_on:
  - coordinator
  is_parallelizable: true
- subtask_id: research_agent_033
  description: 'Research one US state assigned at line 33 of /mnt/agent/output/plan.md. Search Legiscan
    and the state legislature site for bills proposed or enacted since 2023-01-01 that mention ''algorithmic''
    or ''foundation model''; capture bill ID, title, sponsor, status, obligations summary, and source
    URL. Write up to 3 bill rows to /mnt/agent/output/result_033.tsv. The first line of the file MUST
    be `STATUS: complete` or `STATUS: partial — [reason]`. Subsequent lines are the data rows; do NOT
    include the schema header in this file (coordinator owns the final header). Hard ceiling: 25 sub-agent
    messages.'
  expected_input: /mnt/agent/output/plan.md (read line 33 for the US state assignment + the shared output
    schema and quality criteria).
  expected_output: /mnt/agent/output/result_033.tsv (STATUS line + up to 3 bill rows matching the schema
    defined in plan.md).
  depends_on:
  - coordinator
  is_parallelizable: true
- subtask_id: research_agent_034
  description: 'Research one US state assigned at line 34 of /mnt/agent/output/plan.md. Search Legiscan
    and the state legislature site for bills proposed or enacted since 2023-01-01 that mention ''algorithmic''
    or ''foundation model''; capture bill ID, title, sponsor, status, obligations summary, and source
    URL. Write up to 3 bill rows to /mnt/agent/output/result_034.tsv. The first line of the file MUST
    be `STATUS: complete` or `STATUS: partial — [reason]`. Subsequent lines are the data rows; do NOT
    include the schema header in this file (coordinator owns the final header). Hard ceiling: 25 sub-agent
    messages.'
  expected_input: /mnt/agent/output/plan.md (read line 34 for the US state assignment + the shared output
    schema and quality criteria).
  expected_output: /mnt/agent/output/result_034.tsv (STATUS line + up to 3 bill rows matching the schema
    defined in plan.md).
  depends_on:
  - coordinator
  is_parallelizable: true
- subtask_id: research_agent_035
  description: 'Research one US state assigned at line 35 of /mnt/agent/output/plan.md. Search Legiscan
    and the state legislature site for bills proposed or enacted since 2023-01-01 that mention ''algorithmic''
    or ''foundation model''; capture bill ID, title, sponsor, status, obligations summary, and source
    URL. Write up to 3 bill rows to /mnt/agent/output/result_035.tsv. The first line of the file MUST
    be `STATUS: complete` or `STATUS: partial — [reason]`. Subsequent lines are the data rows; do NOT
    include the schema header in this file (coordinator owns the final header). Hard ceiling: 25 sub-agent
    messages.'
  expected_input: /mnt/agent/output/plan.md (read line 35 for the US state assignment + the shared output
    schema and quality criteria).
  expected_output: /mnt/agent/output/result_035.tsv (STATUS line + up to 3 bill rows matching the schema
    defined in plan.md).
  depends_on:
  - coordinator
  is_parallelizable: true
- subtask_id: research_agent_036
  description: 'Research one US state assigned at line 36 of /mnt/agent/output/plan.md. Search Legiscan
    and the state legislature site for bills proposed or enacted since 2023-01-01 that mention ''algorithmic''
    or ''foundation model''; capture bill ID, title, sponsor, status, obligations summary, and source
    URL. Write up to 3 bill rows to /mnt/agent/output/result_036.tsv. The first line of the file MUST
    be `STATUS: complete` or `STATUS: partial — [reason]`. Subsequent lines are the data rows; do NOT
    include the schema header in this file (coordinator owns the final header). Hard ceiling: 25 sub-agent
    messages.'
  expected_input: /mnt/agent/output/plan.md (read line 36 for the US state assignment + the shared output
    schema and quality criteria).
  expected_output: /mnt/agent/output/result_036.tsv (STATUS line + up to 3 bill rows matching the schema
    defined in plan.md).
  depends_on:
  - coordinator
  is_parallelizable: true
- subtask_id: research_agent_037
  description: 'Research one US state assigned at line 37 of /mnt/agent/output/plan.md. Search Legiscan
    and the state legislature site for bills proposed or enacted since 2023-01-01 that mention ''algorithmic''
    or ''foundation model''; capture bill ID, title, sponsor, status, obligations summary, and source
    URL. Write up to 3 bill rows to /mnt/agent/output/result_037.tsv. The first line of the file MUST
    be `STATUS: complete` or `STATUS: partial — [reason]`. Subsequent lines are the data rows; do NOT
    include the schema header in this file (coordinator owns the final header). Hard ceiling: 25 sub-agent
    messages.'
  expected_input: /mnt/agent/output/plan.md (read line 37 for the US state assignment + the shared output
    schema and quality criteria).
  expected_output: /mnt/agent/output/result_037.tsv (STATUS line + up to 3 bill rows matching the schema
    defined in plan.md).
  depends_on:
  - coordinator
  is_parallelizable: true
- subtask_id: research_agent_038
  description: 'Research one US state assigned at line 38 of /mnt/agent/output/plan.md. Search Legiscan
    and the state legislature site for bills proposed or enacted since 2023-01-01 that mention ''algorithmic''
    or ''foundation model''; capture bill ID, title, sponsor, status, obligations summary, and source
    URL. Write up to 3 bill rows to /mnt/agent/output/result_038.tsv. The first line of the file MUST
    be `STATUS: complete` or `STATUS: partial — [reason]`. Subsequent lines are the data rows; do NOT
    include the schema header in this file (coordinator owns the final header). Hard ceiling: 25 sub-agent
    messages.'
  expected_input: /mnt/agent/output/plan.md (read line 38 for the US state assignment + the shared output
    schema and quality criteria).
  expected_output: /mnt/agent/output/result_038.tsv (STATUS line + up to 3 bill rows matching the schema
    defined in plan.md).
  depends_on:
  - coordinator
  is_parallelizable: true
- subtask_id: research_agent_039
  description: 'Research one US state assigned at line 39 of /mnt/agent/output/plan.md. Search Legiscan
    and the state legislature site for bills proposed or enacted since 2023-01-01 that mention ''algorithmic''
    or ''foundation model''; capture bill ID, title, sponsor, status, obligations summary, and source
    URL. Write up to 3 bill rows to /mnt/agent/output/result_039.tsv. The first line of the file MUST
    be `STATUS: complete` or `STATUS: partial — [reason]`. Subsequent lines are the data rows; do NOT
    include the schema header in this file (coordinator owns the final header). Hard ceiling: 25 sub-agent
    messages.'
  expected_input: /mnt/agent/output/plan.md (read line 39 for the US state assignment + the shared output
    schema and quality criteria).
  expected_output: /mnt/agent/output/result_039.tsv (STATUS line + up to 3 bill rows matching the schema
    defined in plan.md).
  depends_on:
  - coordinator
  is_parallelizable: true
- subtask_id: research_agent_040
  description: 'Research one US state assigned at line 40 of /mnt/agent/output/plan.md. Search Legiscan
    and the state legislature site for bills proposed or enacted since 2023-01-01 that mention ''algorithmic''
    or ''foundation model''; capture bill ID, title, sponsor, status, obligations summary, and source
    URL. Write up to 3 bill rows to /mnt/agent/output/result_040.tsv. The first line of the file MUST
    be `STATUS: complete` or `STATUS: partial — [reason]`. Subsequent lines are the data rows; do NOT
    include the schema header in this file (coordinator owns the final header). Hard ceiling: 25 sub-agent
    messages.'
  expected_input: /mnt/agent/output/plan.md (read line 40 for the US state assignment + the shared output
    schema and quality criteria).
  expected_output: /mnt/agent/output/result_040.tsv (STATUS line + up to 3 bill rows matching the schema
    defined in plan.md).
  depends_on:
  - coordinator
  is_parallelizable: true
- subtask_id: research_agent_041
  description: 'Research one US state assigned at line 41 of /mnt/agent/output/plan.md. Search Legiscan
    and the state legislature site for bills proposed or enacted since 2023-01-01 that mention ''algorithmic''
    or ''foundation model''; capture bill ID, title, sponsor, status, obligations summary, and source
    URL. Write up to 3 bill rows to /mnt/agent/output/result_041.tsv. The first line of the file MUST
    be `STATUS: complete` or `STATUS: partial — [reason]`. Subsequent lines are the data rows; do NOT
    include the schema header in this file (coordinator owns the final header). Hard ceiling: 25 sub-agent
    messages.'
  expected_input: /mnt/agent/output/plan.md (read line 41 for the US state assignment + the shared output
    schema and quality criteria).
  expected_output: /mnt/agent/output/result_041.tsv (STATUS line + up to 3 bill rows matching the schema
    defined in plan.md).
  depends_on:
  - coordinator
  is_parallelizable: true
- subtask_id: research_agent_042
  description: 'Research one US state assigned at line 42 of /mnt/agent/output/plan.md. Search Legiscan
    and the state legislature site for bills proposed or enacted since 2023-01-01 that mention ''algorithmic''
    or ''foundation model''; capture bill ID, title, sponsor, status, obligations summary, and source
    URL. Write up to 3 bill rows to /mnt/agent/output/result_042.tsv. The first line of the file MUST
    be `STATUS: complete` or `STATUS: partial — [reason]`. Subsequent lines are the data rows; do NOT
    include the schema header in this file (coordinator owns the final header). Hard ceiling: 25 sub-agent
    messages.'
  expected_input: /mnt/agent/output/plan.md (read line 42 for the US state assignment + the shared output
    schema and quality criteria).
  expected_output: /mnt/agent/output/result_042.tsv (STATUS line + up to 3 bill rows matching the schema
    defined in plan.md).
  depends_on:
  - coordinator
  is_parallelizable: true
- subtask_id: research_agent_043
  description: 'Research one US state assigned at line 43 of /mnt/agent/output/plan.md. Search Legiscan
    and the state legislature site for bills proposed or enacted since 2023-01-01 that mention ''algorithmic''
    or ''foundation model''; capture bill ID, title, sponsor, status, obligations summary, and source
    URL. Write up to 3 bill rows to /mnt/agent/output/result_043.tsv. The first line of the file MUST
    be `STATUS: complete` or `STATUS: partial — [reason]`. Subsequent lines are the data rows; do NOT
    include the schema header in this file (coordinator owns the final header). Hard ceiling: 25 sub-agent
    messages.'
  expected_input: /mnt/agent/output/plan.md (read line 43 for the US state assignment + the shared output
    schema and quality criteria).
  expected_output: /mnt/agent/output/result_043.tsv (STATUS line + up to 3 bill rows matching the schema
    defined in plan.md).
  depends_on:
  - coordinator
  is_parallelizable: true
- subtask_id: research_agent_044
  description: 'Research one US state assigned at line 44 of /mnt/agent/output/plan.md. Search Legiscan
    and the state legislature site for bills proposed or enacted since 2023-01-01 that mention ''algorithmic''
    or ''foundation model''; capture bill ID, title, sponsor, status, obligations summary, and source
    URL. Write up to 3 bill rows to /mnt/agent/output/result_044.tsv. The first line of the file MUST
    be `STATUS: complete` or `STATUS: partial — [reason]`. Subsequent lines are the data rows; do NOT
    include the schema header in this file (coordinator owns the final header). Hard ceiling: 25 sub-agent
    messages.'
  expected_input: /mnt/agent/output/plan.md (read line 44 for the US state assignment + the shared output
    schema and quality criteria).
  expected_output: /mnt/agent/output/result_044.tsv (STATUS line + up to 3 bill rows matching the schema
    defined in plan.md).
  depends_on:
  - coordinator
  is_parallelizable: true
- subtask_id: research_agent_045
  description: 'Research one US state assigned at line 45 of /mnt/agent/output/plan.md. Search Legiscan
    and the state legislature site for bills proposed or enacted since 2023-01-01 that mention ''algorithmic''
    or ''foundation model''; capture bill ID, title, sponsor, status, obligations summary, and source
    URL. Write up to 3 bill rows to /mnt/agent/output/result_045.tsv. The first line of the file MUST
    be `STATUS: complete` or `STATUS: partial — [reason]`. Subsequent lines are the data rows; do NOT
    include the schema header in this file (coordinator owns the final header). Hard ceiling: 25 sub-agent
    messages.'
  expected_input: /mnt/agent/output/plan.md (read line 45 for the US state assignment + the shared output
    schema and quality criteria).
  expected_output: /mnt/agent/output/result_045.tsv (STATUS line + up to 3 bill rows matching the schema
    defined in plan.md).
  depends_on:
  - coordinator
  is_parallelizable: true
- subtask_id: research_agent_046
  description: 'Research one US state assigned at line 46 of /mnt/agent/output/plan.md. Search Legiscan
    and the state legislature site for bills proposed or enacted since 2023-01-01 that mention ''algorithmic''
    or ''foundation model''; capture bill ID, title, sponsor, status, obligations summary, and source
    URL. Write up to 3 bill rows to /mnt/agent/output/result_046.tsv. The first line of the file MUST
    be `STATUS: complete` or `STATUS: partial — [reason]`. Subsequent lines are the data rows; do NOT
    include the schema header in this file (coordinator owns the final header). Hard ceiling: 25 sub-agent
    messages.'
  expected_input: /mnt/agent/output/plan.md (read line 46 for the US state assignment + the shared output
    schema and quality criteria).
  expected_output: /mnt/agent/output/result_046.tsv (STATUS line + up to 3 bill rows matching the schema
    defined in plan.md).
  depends_on:
  - coordinator
  is_parallelizable: true
- subtask_id: research_agent_047
  description: 'Research one US state assigned at line 47 of /mnt/agent/output/plan.md. Search Legiscan
    and the state legislature site for bills proposed or enacted since 2023-01-01 that mention ''algorithmic''
    or ''foundation model''; capture bill ID, title, sponsor, status, obligations summary, and source
    URL. Write up to 3 bill rows to /mnt/agent/output/result_047.tsv. The first line of the file MUST
    be `STATUS: complete` or `STATUS: partial — [reason]`. Subsequent lines are the data rows; do NOT
    include the schema header in this file (coordinator owns the final header). Hard ceiling: 25 sub-agent
    messages.'
  expected_input: /mnt/agent/output/plan.md (read line 47 for the US state assignment + the shared output
    schema and quality criteria).
  expected_output: /mnt/agent/output/result_047.tsv (STATUS line + up to 3 bill rows matching the schema
    defined in plan.md).
  depends_on:
  - coordinator
  is_parallelizable: true
- subtask_id: research_agent_048
  description: 'Research one US state assigned at line 48 of /mnt/agent/output/plan.md. Search Legiscan
    and the state legislature site for bills proposed or enacted since 2023-01-01 that mention ''algorithmic''
    or ''foundation model''; capture bill ID, title, sponsor, status, obligations summary, and source
    URL. Write up to 3 bill rows to /mnt/agent/output/result_048.tsv. The first line of the file MUST
    be `STATUS: complete` or `STATUS: partial — [reason]`. Subsequent lines are the data rows; do NOT
    include the schema header in this file (coordinator owns the final header). Hard ceiling: 25 sub-agent
    messages.'
  expected_input: /mnt/agent/output/plan.md (read line 48 for the US state assignment + the shared output
    schema and quality criteria).
  expected_output: /mnt/agent/output/result_048.tsv (STATUS line + up to 3 bill rows matching the schema
    defined in plan.md).
  depends_on:
  - coordinator
  is_parallelizable: true
- subtask_id: research_agent_049
  description: 'Research one US state assigned at line 49 of /mnt/agent/output/plan.md. Search Legiscan
    and the state legislature site for bills proposed or enacted since 2023-01-01 that mention ''algorithmic''
    or ''foundation model''; capture bill ID, title, sponsor, status, obligations summary, and source
    URL. Write up to 3 bill rows to /mnt/agent/output/result_049.tsv. The first line of the file MUST
    be `STATUS: complete` or `STATUS: partial — [reason]`. Subsequent lines are the data rows; do NOT
    include the schema header in this file (coordinator owns the final header). Hard ceiling: 25 sub-agent
    messages.'
  expected_input: /mnt/agent/output/plan.md (read line 49 for the US state assignment + the shared output
    schema and quality criteria).
  expected_output: /mnt/agent/output/result_049.tsv (STATUS line + up to 3 bill rows matching the schema
    defined in plan.md).
  depends_on:
  - coordinator
  is_parallelizable: true
- subtask_id: research_agent_050
  description: 'Research one US state assigned at line 50 of /mnt/agent/output/plan.md. Search Legiscan
    and the state legislature site for bills proposed or enacted since 2023-01-01 that mention ''algorithmic''
    or ''foundation model''; capture bill ID, title, sponsor, status, obligations summary, and source
    URL. Write up to 3 bill rows to /mnt/agent/output/result_050.tsv. The first line of the file MUST
    be `STATUS: complete` or `STATUS: partial — [reason]`. Subsequent lines are the data rows; do NOT
    include the schema header in this file (coordinator owns the final header). Hard ceiling: 25 sub-agent
    messages.'
  expected_input: /mnt/agent/output/plan.md (read line 50 for the US state assignment + the shared output
    schema and quality criteria).
  expected_output: /mnt/agent/output/result_050.tsv (STATUS line + up to 3 bill rows matching the schema
    defined in plan.md).
  depends_on:
  - coordinator
  is_parallelizable: true
minimum_viable_agents: 1
optimal_agents: 51
maximum_useful_agents: 61
"
